userId,group,converted
824da8778c2942498cd80a85af9a11d9,control,False
4742b983a182402eb8adf0a7ff115c0e,treatment,False
3c539fbb4e3f4925bfc8224cf396245b,treatment,False
03cb93928f1d4da8b411f9c834a5af33,treatment,True
4a0fec8e18bc46d4a33fc98947855391,control,False
3ebfdd26910241e68d0c907d8424b918,treatment,False
9ce3598faa79482db5ded9ad9fc92a06,treatment,False
06c815aa0b6c4bef85564bbbfe1ebf66,control,False
45bccd0647af4e9390fa74e83f256537,treatment,False
8a0348d4d0fd409e9051c0c41a0e5e1b,treatment,False
36459c5cc56643c18ae3e8cbe66eba73,control,False
b59365de00aa41a98ce7b22e301e5e02,treatment,False
61dbc3f01d674b37b8d67b0e1857daf4,control,True
ca5ea2846a7c417a991384eb7df74ee5,treatment,True
12de3a8db32e449683ab19e59be6feb5,control,True
e8935b71b7e947ba98842e4f7f35e31a,control,True
06861dbebf924a489fe5f068522f8bf9,control,False
40216d2f074948219fb9699c8e4387d3,control,True
24f5a1b02e5c491094f30c25c880600e,treatment,False
86cabf76799648bdac2ec301e3c7e78e,treatment,False
6aaed8fdc3e04ac5abdfff050acc602e,control,False
3baac18c9725412fb1b59f122fad2049,control,False
7b2408584a7c4cc19bc5ad8d287f2964,treatment,False
1766b6dd136348fa9521e48cdbfccb48,control,False
f393f655085d472c9515afe3bad198a3,control,False
8f3e78b2cba54e938a26b89311c5e4bc,treatment,False
35fa840cc60e4791b6ef8465b0cb4ce2,control,False
d1cce11e735d475fbfe8aecda18d90f9,control,False
6c7627ab8b9e4db6b276bb403a6d63ab,control,False
1acbebfdc12b451b960e41fc9a150693,treatment,False
9dfd4e66ab95441b9b4be75fdf6d5e6f,control,False
685fb46a55304bd1ada1eb67095de8f6,control,False
236e7f0086584cfe9831a2fb156a3cd9,control,False
73d06e48e8a04ce1ad0776a48a95f97a,treatment,True
ed1fc0b039094452bc5281fd74c6cad5,treatment,False
4adfc24ab87f40d7ac007edd734b0958,control,True
f057aab6c5704eb3b583fa614e88486b,control,False
7a24b3ba163c4e9b85b323192f935fa4,control,False
ac5b449680c04bce969d51d505d2d66c,control,False
8256d3931fc44db2848e315a2dee06a8,treatment,False
c19418d2ac094fafbfe8df7b6c36f670,treatment,False
c0ab224985114355876947552cdc1e40,treatment,False
fa6349cb05114f39852aa1187ae1ae19,treatment,False
2a5266f12bd0405891e874fb9ff1e46b,treatment,False
29374bc2a64448e38caaec4b533b8e99,treatment,False
8ad37871a3fb4dc99f9d646b09f4314a,control,False
2c5ec7695cff4cfbbe1235359836797d,treatment,False
b69dd0dd759a4090955a7953722992c9,treatment,False
ea7bc0039050471cba65e01a08859868,treatment,True
b138b21a9efb4836af130ff8cb4f4845,control,False
cc80de77de1f4090ae29ac140da49a50,control,False
2833832dcce0468d9357ba39f161e8e2,treatment,False
0bb1e1c85f2846be9f90933896ad8400,control,False
30c2abcf73f0494ba674a3e82fb49955,control,True
a627ebfa09ee4ed8a9b4b409b38a9d74,treatment,True
1136409111af4168b33c1fc021ba9455,control,False
89f454767ff04b68bca6cd7c17dc335d,treatment,False
c88e3198baee4063ace44edbd3c2feb0,control,False
1e50a9c040cf44e78f49d06a0f281e85,control,False
08369c942fd04479bd3a1d42832fed09,treatment,False
a465c01cd8b64b16b97f2a03ea09623f,control,False
fd7964e9effb4622af91b51647922544,control,False
1c467dc99a7948a1bc843535f9b3add6,treatment,False
0ac2c90b0f0241c2bbe3c29dae5535f5,control,False
d8102f9c5c254a718afbd144512dff0a,treatment,True
aaac1514c2344975bee4e61d7bd203e6,treatment,True
16d981d52bdc401f96d9ea28e2d0d43c,control,False
beba287d16b048f0b2526c0b2aa20f1b,control,False
65aa06d7a2234cc0904638f715846f1f,treatment,False
7a8799b3dd464403b9e3fbf5158c9825,control,False
a48972e6be094200abb36cc7e02222c6,treatment,False
1c42221a202d4721bf59ddc8b20caf1a,treatment,False
6608e753dd11432ead595d26467ad57a,control,False
0a85e415807a4e48ad35c07e99e7be2a,treatment,False
a349c3e8f5914b9ead4597f97796dcc7,treatment,False
95df278704e74716b4b1ef876f556853,treatment,False
48e05871d7f5499a935024fd809ebfe5,treatment,True
98fa8c6b969649bfbeae1a174b77bd65,treatment,False
4ab23e95a816440e86b0f045bfa3b7d3,treatment,False
720b4000279e4642b2943c138d7b81dd,treatment,False
e66675b13a604275820f80ef24da9918,control,False
a48a3ba7ccc6401e82fd056643fb3736,treatment,True
2de94662d3104654b18462c92a99e495,control,False
9611932de2eb4de889f23a4bb40f1b21,control,False
3c68366263ad4d1fa445bb84f98333ff,control,False
c1e1cdeaee664875b9111eecb55b95ef,control,False
3dabbba69b37401d9b4c1f5e4397dbb5,treatment,True
dadeb35dfd1e4d828085fd28c0d562f9,treatment,False
eae6c30cb5e749ea888726997be704dc,control,True
cd8cfef9223c4db38002afd6b29f223c,treatment,False
3f1d92d61cac41bfa40adc258104ee7a,treatment,False
fdfb7662dbfc4e6e9d5c05364e21f65a,control,False
94a95e3114aa4cdf9ab0e7daef96b12f,treatment,True
b3bd7685b0c347289b540485277af4d2,treatment,True
9cdf786e99254253bdc911423146d644,control,False
75170c321d264f298740e53d04df2987,treatment,False
0a6ccac19a2d40059df07dfde230c90e,control,False
a59cd1c143df4800a820f80601f68901,control,False
70d313a83a29487fb50ec10290853d05,treatment,False
6fa120db1a654422a47985ccbd3c1940,treatment,False
d97d67b860f743e497713c7f580d977b,control,False
376e1b9d930a414386122509c7909672,control,False
212c4ca25ea04ee9970d7ce5c976d0ad,treatment,True
c568349052ca486ebf41d153014fca3a,control,False
4c068b6c02514a259ccacad91df556a8,control,False
5ffddf9b015b4790b232d436b8208877,control,False
7d243637cb3c44c79d53ca3e5f48eae7,control,False
e56b9dc7174b487bb503c5d7f97e3737,control,False
b92fc85e96c645f7a28b16baf4adb231,treatment,False
ef53b8b40d1741938dd2bd6ea6ae76d8,treatment,False
29af7820222c493b8cb5b7bb2c737f24,treatment,False
49f2b4b6692049b68e5e51d6582362f4,treatment,False
b908ce9ae3034833bb116dd1007c1f1c,treatment,False
612b4bff1a464ceaa86876bc2acbe737,treatment,False
f07819dce30c4c71a5a695c36518d7c7,treatment,False
c77fba5fadac40419a7721b04354fab0,control,False
bbe0d9f81d9a419591650fa92bb55539,control,False
1da4f514a5d046ad834ffbef0f496953,treatment,False
c55f28c013e944e4a839900cebc99a4d,treatment,False
6f54f9b8408f400abc858fdf12d3e5a9,control,False
cb42bbdca4cb40c09c48f5576837d1ad,control,False
64c1ba93a8ee468bbf33d3b3be1485c2,control,False
fb7f0394970147f1827edb8ed41b7178,control,False
86d1a1bd739f4fb392fb7ea9f97afa4d,control,True
877c7dcc6e2d4a6385a6214f29b31f73,control,False
94f7ce00cc4a4c459a73a6998f4e740b,control,False
0eaba356ddd142a58df48efdb6aefe12,control,True
016016bc7b4e4d81bb0afa678fec63cf,control,False
a06ba4cc99df4504ab95c67136c24b74,control,False
5a5f611c5a0540a09a20f51e92a7cf0b,treatment,False
be98a48470d4428b9411b7e4ce086cac,control,False
c922c31fdf2642f8bc48fb1d378cced9,control,True
9cfb87f67c3b46a3ab8737f192debbce,control,False
51add401defb470ebefcc409606f0753,control,False
4f13d7f7b0674cd7803b9fbab9eb76da,control,False
20fe0ac5c03a4fff86a0342e56834ee2,control,False
a55c0816cfd5438ab4d1cf2905b50f50,control,False
a14126750db34202a6a1edf8e3ac7dcc,control,False
1ae5a092146a47cba1299540f80bb8d6,control,False
7a8eb4c83aba42d68c0e0cb3782a9704,control,False
87f0b07cad384e17bfd1272e102ffc67,treatment,True
4388a5c67dcd4b86b45b2d5e7b056658,treatment,False
4ebeba7534c14555b5bcad0600b1875c,control,False
6423df0699d746129f97a4f2a3f3caff,treatment,False
ee15023d11294cafb1ada39ba96ac33f,treatment,True
95a4c8df26504a7a9c85ad2401c97d99,treatment,False
d87bad71a1ff4270967b2db25ee90916,treatment,False
a92dfde3cc2c4f10931f02260d81fb8b,control,True
97bf5132b7e549369e511cffd92c5888,treatment,False
5415850b8c9743e7b9ebde290684aac9,treatment,False
0a7675f5c51f46eba73e5daa4913a253,control,False
b9664540181f428d9b479487b28072ce,treatment,True
555565e25eb9472db87416ce65e128dd,control,False
2d8a9daa62254964b5c3cad390a99d4c,control,False
8413c680b03f4abd8220ef2ade485b20,control,False
dae294bfea6243cf810a4948d341dfd2,control,True
99c964de7af6478395baf721e9ae9ff0,treatment,False
1bb47cc8dd124f518f193495720604eb,treatment,False
b592ffa536944b27b0b74b3a95b64304,treatment,True
f7181dc7f34b4c62a56db9b1a44fbf3a,control,True
2575b6c500e04064a3ee80b8c2101e93,control,False
f82d577dba434f60a37a4c8afcd9428d,treatment,False
6691e970746b43e9b7ba50f0f487fc70,control,False
bb6b826ad17c4323b88b571d895f3872,treatment,False
54c1a57c01dd4cfb895a01762cc42040,treatment,False
54c7b0b8e30842099990311d3293d4a5,treatment,False
de2a42be64fb4e17a53b013eff20020d,control,False
60c98c4ea7d04d4dbe703aefe65eeb39,control,True
5c88e0d3490244da8830de4aec1791ab,treatment,False
7167931459f44999827ea054056c2536,control,False
20519c65f9d545d486b9cf76ae5b325f,control,False
35015711071043e88f98a274c23f085b,control,False
769d31a68db541c0b516efa7ee39c8db,control,False
89a38f45b93c43c58dec029e4823721f,control,False
44699dcfafc34960ae23b6b76dbf8986,control,True
b43d3d4263b54aadac99b9f106d4663d,control,True
28b6f005688344f4aaf2a14a9046132e,control,False
cd29aea4ac174cb78e8270fdcdf3be3f,control,False
c67d92cf6b40423691e45635b2605292,treatment,False
1a728c3527bd4e8b8faec7ea75d9dab1,treatment,False
5f25be3eed494515a2f38bca6ab88433,control,False
95aaf7338aa4443db3785abce476abcb,control,False
25a9fcefcf3e495285e6a62cff9db799,treatment,False
0089c5be0a564828ab6abbadc2c54090,treatment,True
ae5e632157144c2aae526d67f2e90a0a,control,False
5816d028417249b7b8de8994b7b906f1,treatment,False
7d6bda720e134627873200170fa07010,control,True
3431b61b483b487bac275e5794502ee2,control,False
fc394919442448daa7e6463a98b921ca,treatment,False
1dbdfd448b2d4240896fff6ae8fdcddb,control,False
15d4a955d6ec4cd094ba9c4a8cecb5ae,treatment,False
9e1c6fcc36024d95b27465641af6dcd6,control,False
5e6c0c24f3114cc8b26c472bfcf42855,control,False
119d3690cc5a4354a1e907459e5f053f,treatment,False
6bc9cb9ee2a440d1bd6f94afc226e89f,control,False
8b60487e66b140d3858dcd1c0835aed5,treatment,False
f8747f1622444bba941168f02d4b0d7a,treatment,False
84a04229e3714d4d95b9846005456eca,treatment,False
4534af2e9ac74f989633bd54e68b3e99,control,False
5b5b4d8609254f1cbe2d11a12028f492,treatment,False
269fdb8609e741e7ba8cef25a54d53eb,treatment,True
69b01bef2ba847fa9c3989af50ffce74,control,False
1b2e222bf4254eda9a2d1d1c042b9e2e,treatment,False
f7f5f4cc855c46cfb7a7f52d6564da56,treatment,False
80eaa3f870574094af0bef29397d3797,treatment,False
4276e9b09b774e85b5a79a36d82efd51,control,True
a40ea7a5c73c45f79a78d7fdf7c69390,treatment,False
47da696aae5e40a280bd956e0993ad74,control,True
59e01324e8eb4af7ad3cffc41862d05b,treatment,True
dc9f38336a6c47118a004e18534e02c0,control,False
15af4108614d4e69ad59b8876082bc21,treatment,False
a288193cfaf74af1a4bc06b53861a451,treatment,False
07c3e658738847e3afea8c5e61aaeaf9,control,False
7ce4a79f226349998e14a5cead2f660a,control,True
5564b7028c7b422f8e33f63819039700,control,False
789b44f44d38450aa678d0f16e857497,control,False
13227122b88048fb9c2c159536fe1d45,treatment,False
0b84cef04951441d9c8bdcf547900b1d,treatment,False
4c123e13b3994d6abd2b1c64ebaf98b1,treatment,False
82b6c362fee543aeb26eca3bac00fdcf,control,False
c65d4c0e8f53402f91740ebd815f4247,treatment,False
2c22e0c51de343cea8fdfb3601a31625,treatment,False
3f94b565184c40b7bf6d179672aa2b2b,treatment,False
c8420aa428c842ef8451256e287fc77c,treatment,False
50f1198f35984869b43fac0cd79b2e86,treatment,False
3cd6110bba0247c5b4e130ad49e85845,treatment,False
42c3c239feb9402da7501108b8631a41,control,False
c9c215f882da40519c5d91e2d66de881,control,False
b7c2cd3c920746d4a2d08234bed60bdc,control,False
d768de54ed1b4983b0b04b21da24b3d0,treatment,False
1370e7914bfc48ca9baf9e96938dc4c6,control,False
d77d9da602d94003930dc9f2865ccfc7,treatment,False
af5ba3aa8ce848c9ab2d204f93ba1b55,control,True
43f504ce73a04decad4bfadd938cd219,control,False
4ea70ecb50d44ae995b0272df29143be,treatment,False
c663f07fe8cb490cb50939f160498b44,treatment,False
cbb89f11fc97443f9f0c3c7e995d8141,control,False
9fdb79dc92684e90bb81d0c45d06d233,treatment,False
2cbfb19912db4d89978901d3187966cb,treatment,False
f43afdf891ff40d8a2b070b52618a4aa,control,True
82ebc791770b4ce99e5901f4815ceb65,control,False
00febd1f2ccc446a9d108225021d82fe,control,False
32599d31eed14fda8245f5aa854e431b,control,True
0c611abe61ce4c509dbe97488bf10257,treatment,True
6fb53e2112d647c291c0ffb72c6fa090,treatment,False
05fc6635626f474593174ba262690058,treatment,True
aed2c7adcbc448a5addd2602645a52de,treatment,False
0d2576951931450186749b94f519d9ba,control,True
3aa5fded94bb40deabac3cde987bf0f0,control,True
7d2037bf5e4c4f38b7cd701c4344b227,treatment,False
315477d4e0c04f62a5c87017653164f0,treatment,True
592a9231afbb4a9db973cdcb38db9d75,treatment,False
7e1a804fdcc2485ebb4a503533a41b28,treatment,False
12abd2b06cca4820bbe89ca952c93759,control,True
03725945d75e4a5f806a0713e0aabc36,control,False
c66138924c284866a95bf652ed00b212,control,False
5df0b0773fa14d6ca65e38e33469df8f,control,False
ea63fcc45b974a2f8dcdfb17ae2995b8,treatment,False
a7e04c0b4dcb43d3859a3a8f0697e3ed,control,True
8e11a992012b42dda1122ae3e580ec1d,treatment,False
85058a3ee621479d90615d6cb5233a3c,control,False
bd251f606ea84f14add44c0ccc1b10c3,control,False
4f4b3fac5b5646c9ac0a170f346eed34,control,True
4444cb0c9fcd47b99c0f4a66e3bffcfa,treatment,False
6728a1f85e4e499cb1fce704aef1eefb,treatment,False
388a2c8b0673429ba4fd0da0f0428840,treatment,False
06133f63581c4f4fafba74539d69162f,control,False
4aac6bbe922445f988920f655f679542,treatment,False
92ba2470b3df47cb8118ad47c3322283,treatment,False
073f4e912e064364831dcd0ccdd5f6e3,treatment,True
0384f0204a184d5ab7093fa145ec4326,treatment,False
7b6b1b6190834b5bac4acc1781190c62,control,False
c66648a070e6437bb99de1c3d1b487f7,control,False
a38321433691463796cb63d1018d5b2a,control,False
e2e9e1df2c704cebaee220e8b012eb97,treatment,True
bed5e50049164655b881eb825ce09e28,treatment,False
9930292f511944f395c64fd0e450199d,treatment,False
58cbd00b6fce4d8282a737eb548480c1,treatment,False
0e0e87767b7c4b3caa4e2e145ff052ae,treatment,False
b885d32dcd1446c79e9436a9b117ad4b,treatment,False
964c38b2f0854bfeb0c7a8790f65c87e,treatment,False
c0ce1aac78084684b2b05b448aab7817,control,False
2be440fbe4ec401d8de9cbc36010c71b,treatment,False
5f64bea2493343b295b570297f13aae3,control,False
6034f956205d4ae6abf5580530f71c13,treatment,False
c67866d536bb452cadff6de3bd602ae0,treatment,True
fd88d3ca1151464e97dcc3757e7bc0ca,control,False
9db7ae165e53438fa7a3d2ff63ff5d11,control,False
b3d9748be87641ee8b295d7444be5d4a,treatment,False
31ed02f67db242ccac182c79c223d269,control,False
e6a53b011ab84f0db42095c7fe48134e,treatment,False
cb7fa130e8d042f0a928a1de7fdc11f7,control,False
954ee585532f4ae3bf3bd366efc6f68c,treatment,False
a8695c40ac1241fcac51807f58066d92,control,True
23ee924e05554e478e82e2f8ffab3a2a,treatment,False
2b4210aadeac4df4af0635bc58eeb683,control,False
37cd8fefebfe487a9a2c2cc3c7eebd56,treatment,False
9e0a16cf3bf34cf982104ec6e2f77be9,control,False
329b934a79e84517bb5a52d8a0773397,control,False
cd4e4e2f056a4dd8ba0c7feb714f1be9,control,True
4a54b156bdec4c0587698808d8133be8,control,False
267e740c6c6046e29e9392427910c115,treatment,False
5826a1e541b74590a9dcda4431c96f2b,control,True
f202d9a763ab42fdaadb20faf0d6d006,treatment,False
523fa32531f7452a8b593bc55faf5a83,control,False
f57a3527659f4716900a4903310e973e,control,False
22eb77f8e3c141098c6716d39f887aca,treatment,False
6d2ce3fef90c46aca58c624df0b73f89,control,False
f59505989e144c8196799b2ca45dde81,treatment,False
c515935c6f8144208112b2a474e3914b,control,False
7a96e6ba8ab84d778d8ecaed5b22c109,control,False
524d7f30ae3f4471b5f6308edf6ffb1f,control,False
ccc2565aece545248042d234d7ee8577,control,True
d47b4d851e1a4262b8a57b5ddc8c3522,control,False
9e446b4c0eab4d688d5d25bcf65e2f99,treatment,False
a13b4a9568894a5ebce6074701a2b7f1,treatment,False
e272426a96ab4411a4d773c7861af0ed,treatment,False
ff99e227a84e41b7b39d6f62009b9868,treatment,False
f8ebcfc18a8f47229def3f214046c6d7,control,False
0f8d3bc86756446c9b7ec33cc9bf8fa3,treatment,False
39de40f81d1c409091f9960fdd899f10,control,False
6211c2bac9e24ac483a2525b38074bf7,control,True
6ebd348f39c04e849ab57a827568dce2,treatment,False
dd18d3efa61f44c19163e4b65bc3023b,treatment,True
1db718f676524539bd69e9681ce48306,control,False
d6eb0e27402d49aa8d54a81e5b10b337,control,False
b6beda582ce94804915f895a43006965,treatment,False
463ebb18cc0147c89fcde662489f684f,treatment,False
288e9cb260184f008eea7dd6e30ca379,treatment,True
2c12f0ba0ba744238b11dad105b06e46,treatment,False
17e6ccbce57944ac9bf2768d6ada8674,control,True
94f176f705c04ac8a7c4b49dd1d166f0,control,False
93d705ec012f40818ac1dd91b82fef54,control,False
8f74c637aecb4824bd834e9f15911ae6,control,False
58a3e41ba19f488c8eae2e8e3158b1fb,control,False
15f70196e0bc440a8d1db49717ce43ab,control,True
21f4f9f0a5774c269a52bf028b5e7abb,treatment,False
3366a4807eae4923a6a5c1979d3c3339,control,False
83c4d31122bd499e8296999070b088a2,control,True
38ef3772e93c4e1287d4b11dadc07061,treatment,True
4215220777c249c9a514647d603d9e17,control,False
0811adf00a51462891a1dda574f04e88,treatment,False
4e373d8144f8480493389eac21bc1f4f,treatment,False
c66e034e1d69456cbc3defcbe121b592,treatment,True
d6f3d4f39bdf45adb86505dd0dc981f6,control,False
43d59031f5e1425390cd94471cc56e1f,control,True
17777e676c644339af629f12979a0a43,control,False
fc8c78f30875487e8b3a3483d80fad21,control,False
a1613149a6364753ab4ead833950dce4,control,True
3c71080ce09f469d90044aa7ff0d883c,treatment,False
8f817f3748fa4988ae59b66ae2a9d4eb,control,True
e6c3130bb84a46938464532cb1ae95d0,treatment,False
c7ace429c6964ae3940d9e98f7a389bf,treatment,False
d424ed5c8e5147e9a00467f55488e97c,treatment,False
6aa526d94e6b4dd9ba13ec8c2ae3dc5b,treatment,False
582ac8ae7933402994f480f9a5b1c1c5,control,True
5b1d5fee9343441d8aa0ae8f030678f5,treatment,False
3920977128ec40dfb030c2535cfcb61f,control,False
1ea1ba2f265045e9bc5eeb94dd9a6101,control,False
acd412d828514589bf6c464c1509558a,control,False
10194906b273497abcaff7b235bfdc23,control,True
655532bfb1e34e3797353c81b9c7207f,control,False
26c25ca6479f44a29ba8ec82d550c2ff,treatment,True
88b55ca5e9de4871b4c3790544e49d7e,control,False
50f0e8730245438bb7f6688d3c8df088,control,False
4b4123b44d6444d3a706421ec3d8f965,treatment,False
fb86188a562b4cd5befa7be9d1ee594a,control,False
21d0a5c0de4f4ed5ab25472a1e358a54,control,False
e4db4e1259c94e63b267ba77e2c3325d,treatment,True
0c51f7e4f33e431c9ec000b4655dd7f4,treatment,False
5415e195e38e447c833ce138f7255e9a,treatment,False
43b37c14e25045fea99c4dc637dc049b,treatment,False
3537b367e61b49e78a57867aa6857a88,treatment,True
4ba2412791be4f8d9f0fd6a621038c1d,control,False
0ebc94b010534c65b16ae46ccbe1378c,control,True
823be9d321dd4cb58312c408eaa7f2f2,treatment,False
4517b5f165be4de1ad6846887a2647b8,control,False
ad2b3d952d5b4c37b765337ae22d19ef,control,False
c50b7e4d51264b1e8e5d57ce2eb63ce6,treatment,False
60904eacb9844a75b0553ab7eb070911,control,False
9d85c037fd32421c92b502c7d972d245,treatment,False
ca5ce963c8b8455e95f818f835cc46d4,control,False
ea8194f36df849d2b802fce98004460f,control,True
03b2964b25f04993a4b39da37bd45b07,treatment,False
90402cfcf5764ec5832f00fc2f0c91f9,control,False
345c131f4f664e249f215c309d6462b5,treatment,False
49feaa91bf8c4a328eac836c6feee66c,treatment,False
dbfd3c4e15664613b608688f89299497,treatment,False
a92ac37ce5d94ec1887c383fb01806d0,treatment,False
9f62197b9e39479bb55e6410a8a539be,control,False
99b21f028d464349a21e4b0539da4d3e,treatment,True
ff538fb8105e4bc19e20fce81adaed44,control,False
2c5db41b03144a94a39b589dc39e6788,treatment,False
32e53f7d39e34431b5b10556335a9567,treatment,True
a98b7ea57561486bb3da57983b6b6a28,treatment,True
06778132d2754be38bb2bd73a72e618e,treatment,False
4238770849bc4866baad671f32efa314,treatment,True
03ec5970e4ec447daf0778ca83e45dce,control,True
5d5eac16e013445689640a8f6ee87f7e,control,False
b0119e48197b4411b6a56945c6f86e00,control,False
b7e52a1727ab40568ec9ac22449250e3,treatment,False
a4a65bd4140047ceb9c4cf4a27f871eb,treatment,False
1afb33fbd09d4fb1b834705ef9fe8bd9,treatment,True
facebba133e0498fb0c373dde19dd244,treatment,False
8bf2ac6c33684cbcb7ff3f84705a703e,control,False
7beca99ddeee4946b869da1e5b2b004f,control,False
a552efb663d744369fcc02e045cedd57,treatment,False
c05baded01b5497bb5fa98a8c7d03bca,treatment,False
4fbc3a242015411c823424205a8380a2,treatment,True
7e1b19074a5d41d687d467abd3ff724e,control,False
a2719ff1de4a4564a21bb4312d082998,control,True
5e4ed3806dd145e0a3fc5bd33634ebea,treatment,False
668d9679ce6c4aac83121d88d10d62d1,treatment,False
fef7f3a1a13944f4931627759404ade2,treatment,False
d38b93e32d2c454483ca3bfa0ae3fee5,treatment,True
0572b1f25be64cbeacf5b0b58dc7b473,control,True
2969e4371eb04267bba43b3c0cd48159,control,False
35f2092626bd4d458844301ea523a3f7,treatment,False
658cd4c9016e4489ac5703d0feabe962,control,False
b69f5e211a9b4b8bb41fa817ddd3984a,control,False
16c5c869e4344d3ca78351e6d41aefe6,control,False
7af3f95ac13b4c71b782bf5f8fd156f8,treatment,False
ad72001fd9b14093aac8365777cf12af,control,False
e9d934948b234003a95861f69529f541,treatment,False
0ba38a3b12ec4f8785b51708c6cac9f2,control,False
a1694e58af7842aba0818e046bf03c62,control,False
86e0b0e3e3e14ac193ec76c04ba51e43,control,False
05c30522b09345ba8f7fdc8f1c84bb61,treatment,True
1595430ca5574f4e8effcb113e32413e,treatment,False
faf42b90e7d945289cb9c80bde55bed3,treatment,True
f9ae0f422d5e48e2b3ccb2e7122697e0,treatment,False
974d948cdee542eaa0c37d5724c98088,treatment,True
b385305a0c7046288b93993d2ae8268b,control,False
6ebb7ad27237431281a9e450565fbb99,treatment,False
a1ef5fd03d3649959f6c8db91996ed55,treatment,False
510305485c3d474280edd75381870532,treatment,False
885ccd2ae36a474eb8f54b74b0c62a7d,treatment,False
0fd84c595e6f4869bdaa11dd98dd6bb7,treatment,False
5c1ec94cf2c74c2d8fb79f8370beb371,control,False
f5c4b876bc9e4332a62166b81114c973,control,False
def9b152110f408e8cfafeed81e012ae,control,False
e1c3d28a195a4670b9b704ebddf2fbc0,treatment,False
c4184caea57640ab9f833697d16fd027,control,False
f232e102042247b49eeb9c58b1968ab7,treatment,False
ef9d95ab3447437ba1ad1e28fdd47252,treatment,False
d3436a53ff704ef3a4e95ec870210acf,treatment,False
28ca67b1e92a48849b73fb2caec74249,control,False
a669ec8081cb44279d69a3bbc4c3578b,control,False
4ceadb9827544e04909a518d79118f1d,treatment,False
33180c8499c64d1ba1215903ecad5b67,treatment,False
cd79bed615ca4bb7a7d7b530ff4902b1,control,False
664e7ba83d984f6fbf4d6c723fb7f3f0,control,True
b9fffc605b6e48b68f20418868d3f33b,control,False
4e2a1d2bbc2a42bda2b0f8fadfd1c887,control,True
645a833bd6394a43a6dd1a22c64da18b,treatment,False
1e757b4b82b84471a7d3a271eb9599f0,control,False
a5a5c45989d34668948d4a47641dc755,treatment,False
9bd000079ed640579d7a043996140194,treatment,False
ea55108b912c485996c5992b91336194,control,False
1deab4f13ed7480fbeae2739f23aec23,treatment,False
47b85db9a1884fbf9bf5eba2da0756bf,treatment,False
d8c1a7b33a7a49df80dabc37aff031fe,treatment,False
0665cfa89b1f465a984c7bfd966f8680,control,False
8b7c174cf6c34fc6b414b179888e2c3f,treatment,False
911f7ff828d047a88333a89a226f1dcb,treatment,False
08ed3ee51e6f4287ab2b848cfdbd4bf4,treatment,False
6df9db1d377644e2a5d69538750bae20,control,False
cd0af9aaa35f4b829a0f757f24af8c52,control,False
08f4b2992c9a4b67af3b1c55c4e4620e,treatment,False
a801724f66544d0da50b43da4c8ef046,control,False
76bf1f0c83b04413800db2c9c3d6a255,control,False
2de9f27bea6a4f22b50e8a1066f2e2a7,control,False
c392f59fe56448cf8d504e1e43c91fd7,control,False
483269518bd74b7ba4002721bba71397,control,True
0808e259ccc04f0f916f5d232a99bc82,treatment,False
06748a3a4e0c4c649b843ec3033cb80d,treatment,False
4ef34712cc264421b35d0a50373737ed,control,False
fbd812bcf30b4c7aa6fd7f3080df0b68,treatment,False
8f29b681d14146689b64f88b5f70c9e2,control,False
79bf0e7a28304b049811b36dcdbb6ad7,control,False
3ab2842dd0bd44cc8387acb25e8b8231,control,True
fc5c8dbf3f1545ec914006c3eff26639,control,True
e4ef95100c414eba80d7e377f77aa7bd,treatment,True
e601c52d10b44ea083f6b129f4278c1d,treatment,False
2b3e979211af400295b372f3714ccc7e,treatment,False
364eab840dd24505a54ad40242a7c9dd,treatment,True
ecc0f7f8eb074c13b5a9b47ec25fb57d,control,False
c943a219b4334332ad04da00e2b375ec,control,False
0a8b28dc66564c8a9baaf7ba2411c68b,treatment,True
052824efceb54bf299091b657195a24e,control,False
c96e06bee8644045bebc32078eef3227,control,False
3e8f505eac1c439e9d78129eba2fa652,control,False
61d8cb20496641888cca47e87c3b09e1,treatment,False
5d623f274b9e4d63b9ae4fc97a905287,control,True
f7aa159aacb94f83bc7645d1783856f0,control,True
f5b06e64148646a5bed03e2e9f2f588e,control,True
7f55942a422b44348b5c71a09d8fce60,treatment,False
80b0a82f67a04241b5d53fde0f9e31fb,control,False
1f7eabdec4d7414dadd93b3629178d83,control,False
e531515031f14dce9682cd47adc0a9a7,treatment,True
8fb6a852154744648f26b96acb39717a,treatment,False
29e6be0892774f049cf36f98570eee50,treatment,False
25ce83d7f81b4bb0b2549a05395aeb30,control,False
bc151c6febf04e37a145ad79c5cce0a2,control,False
c37e23cab695488c83c7371984cc28ca,control,False
84eedcaa5c004efe8fe932891267ac2b,control,False
3822337a73dc4dffa4ffbaa01ba5eed6,control,False
26f57b12ec854baf9e847e5dae9a3f7a,treatment,True
b3482c43923f4bf8a296db91d38a73d3,control,False
59ff5bb9cd944a038bb937669e7e525d,treatment,False
f08e5fc4e74545fbbd463b0238b489d4,treatment,False
70038bd419ad43d6bfd1de10e7c93585,treatment,False
fb63d5b24d6b43c5a6bcb5f16f620ce7,treatment,False
35d8e348483642f2a7e15dd983234f86,treatment,True
23fa2fbd499d4a5dbc450e24fbc0792d,treatment,False
7718bb77c4b04f8b90e6f16d2daca1aa,treatment,False
5efb5e333ba44846b7bd34b7d1d0851f,control,False
3beaba387c204c21ba01650ebca3df19,treatment,True
46a691d22c714a5dba6cd71815b60598,treatment,True
551001650ee64f35bb2684d4ad136993,control,False
a8639c6879d14104a5b2d31dd724fd41,treatment,False
90b6eefac96249fe8b80ee743298c59b,treatment,True
fdd09f1f66684a91acf3155b7620a3df,treatment,False
60aae4bd892d4e98b99e1a1b21080413,treatment,False
7636612a000d4b60a6938f6d56db1d87,control,False
72dd145961914fc79c16ad228eecac80,treatment,True
7f9a60de7b19450d8809a6d1b83a2f5f,treatment,True
ab146f10aae4479ab7350e54392a4a94,control,False
9df40e522f764feb864a55c3ee50ffa2,control,False
feeafea9d8334013b74f204ee8661ce6,treatment,False
b47ab8ee324b43ecb05d93f6e93438be,treatment,False
5783049fe12c46fb9fd9a4d40ef52087,treatment,False
0642e540a4104e4bbb296dfe3292f877,treatment,False
9dc5d7c2b51f476283eaeeceb4447bf6,treatment,False
919eda67e5784ec58ead3bda78a11948,treatment,False
5d53c46f63f94d3093e7c6f00baa5856,control,True
ca54aacf8ab542e690925f23d3656b24,control,False
5cd1a583b3784b908407cf0657fa2d78,control,False
6181cc5681c14029828188c0e0f8b28d,treatment,True
24e9b7fd389442a99a54abbb8a0bf3b7,treatment,False
6ced9d7283054e5cb75eef5845fb0634,control,False
0b77ebfe6def422fb79e779d7bc76b88,control,False
7d08a1c36aea499e9dd177c858508fce,treatment,True
935e6692a9e544beb4c2258ac1bfeb9f,treatment,False
ee4ccf5fc6bf4882ad0d9e2dac14b7ff,treatment,True
09506d10dca64337beddb2541e33f56c,treatment,False
6c6afcb6ad994485bde02d426c065d61,treatment,False
390f5a3c02784d28aaf3bad74ef53589,treatment,False
9bb4547ffbd341769f03e8bed2223743,control,False
c58c3b4afaa0408887bd674ac50ab4b8,treatment,False
2b209a1183644c9caecbda7110f20c70,treatment,False
ab489d5901fb45319da324ec304a20d2,treatment,True
f7182f694ddd4b02856d67fe268d388a,treatment,False
d0628b83f2b54b30884bfaa90624d38f,treatment,False
bad65e53d063424bad6596a9cdd7181a,control,False
3dad4015a0784f25955e99edc14b1905,treatment,False
25f55365dca442688196e6ecfc3816c6,treatment,True
fa528a7e136f42b189f2176b7f6368fe,treatment,False
4bdc43aa1349417bbdcfcb4f3cf8a377,treatment,False
fd9f77f34a6a4a7688208c139229c69e,control,False
d142cc0b1f4443f1b620e1513d8e8987,control,False
75c0d08ce1a04798a72a37d2f8c6bf3a,control,False
bf2e17048225480b97d12bb4bbc174b1,treatment,False
cd24cfbf6822476aa8ded31b03c06b01,treatment,False
02da3eb2e60c4690be4eb10b850292e1,treatment,False
a8fc874378b54596bf767fea130b60c5,control,False
cdaba05e72984771858b7acf8f3e253c,treatment,True
2ac0e3518eb94813af7ea501cc7dc29a,control,False
28363c0490db49c0b750e6efc9b98df2,treatment,False
abf52a7f7f794c6a843fa3890ed9411b,treatment,False
c760c2dfcaf5476da9b3fff5e94185e8,treatment,False
68954b13e59649a788e8b74b2a9be3a1,treatment,False
ea1a4dca9c2f4d7095e5f118f18677c3,control,False
202bdd24fa164dc19f81992fbe9be566,treatment,False
0e84034b14194720b8e0a0c6cfcd8073,control,False
9a79f320a76f4839bc22daf32849d1c7,control,True
382c95d7f1bb471e8924d52519318081,treatment,False
dc74a1205d0148ae930d69b4f07b70b1,control,True
94a9c0119941488d80381d4075d0a97c,treatment,False
fde4ae192a7e4728b74e3429bcea114b,treatment,False
33d6da6ed06942fe808f0a3a42232153,control,True
fd1dc2a762544854a7716249d62704e5,treatment,True
ad80c70d10694d3ca952717218e5e85d,treatment,False
8096bfc541ca4374b0b5b74634282718,control,False
c784c7c548414ac599f8bf0985b5dccf,treatment,True
34297bfa3bae4cca834146f79f2f101b,control,False
ff7d54580d1141a6bd829789f0f87b2c,treatment,False
49ca810bbd9b47259c04f2241406d38f,control,True
9d3a13a4970f45c980d5f4b84e129e22,control,False
77fd9a73abe4458e83a95d86761579f4,treatment,False
eec28ede31f24d28b0bba84724a615a2,treatment,False
d7d08aea3d4c4bbc9103d8fd2c2d743c,treatment,False
d7cf35e8c6fc4c05bfa0898bde57d965,control,False
3aba7fc3698240248a4beb0a97039c62,treatment,False
0bf1f2418eab470bab3333556e71931a,treatment,False
98c455a2803949cbaa350c13ff31db9a,control,False
0a3f74b51f9c4be2bd0c9f9ae69874eb,treatment,True
f591282b60cd484d84dd5f568c6371eb,treatment,False
864c3fe300514ffd94e07509fa653d2b,control,False
e73194820d0c45e1a9458c3f7074de38,control,False
c2c74b70cafe4b59ad3150578c7d2c5c,control,False
14141f8f07844289942234bd8e0dce41,control,False
4001853b93444617ab6f5713198ed9d3,control,True
30d8145fffa94c658cce5fbab1bea91a,treatment,False
8d96a5fb6f4d4fed859ef6cd7005a1ab,treatment,False
3cf80a706bab4f119e2293ce45b1fc9c,control,True
c2d25eb2c8b94117817d0b98002766bd,treatment,False
d1fe0a7ec671434589d579da3c79e30e,treatment,False
e864a3eb710a4ad7aa2b26abe539ac77,control,False
f4315f4fc3a149b3bf2b8a32c7fc8739,treatment,False
9e84b361797c4bd0b93cf2c6044bad8b,control,False
46aea9266fb5458181c560eb010093f1,treatment,False
c23226fd2ad0488f9eb2961221bc03b2,treatment,False
d8165713f626418bbd38b97367ebedd4,treatment,False
93c201b4a50e4f8e98abf22187870ef8,treatment,False
c052418d591746ca868fb9f58f49d55c,treatment,True
ba3ed599a9b64e649f6157cf4d12eba9,control,True
4ac5d16ed1864325a16d308a24e5b5f0,treatment,True
94db6c9ea12444779fc95bf4f19b4d3e,control,True
a20cabe5858b4750bb5d9ce86c3fbf56,control,False
d5ae15cde6e5465395f3c7ad9833ac86,control,True
616d158b2e58466ca432d678aeff8983,control,True
fd5c33101da14e64b8529209d5d52192,control,True
482ef5a5831345ef98da522ccbbf0b9c,control,False
ef3305dc85244be2ad219b32fc747daa,control,True
38a0acbd78734a729fdfe13687dd6d32,treatment,False
94937f113b8d4250a637134648fbd3b6,control,False
fbb4271db8a840359662ee398ae154ed,treatment,False
54a2a99ee5914bd28f14f49bdd81b539,treatment,False
abdbf282b6c04bcb9b664128b484a12a,treatment,False
a95944d2cbcb466aa1dfd721e84d863e,control,False
670097c17a9141118085b0d66a080215,control,False
6edb7a6662c74dac8e0b2ef40cf7f46a,treatment,False
0986c38b71974d8e98b429e1a6bfe058,treatment,False
8524794dc71e4ab48506deaaf8de25d0,control,True
e2378558f44a451eafb137b210f95d89,treatment,False
2640dbf2404f43088f578a78f23d5b12,control,False
46c09f0a6f4441c98dcef73ff0e87197,control,False
766910d1ae904c44b14575c9cf3c38db,treatment,False
fc6aaafc0a07479cadc4d0f7ed3268d7,treatment,False
afe6b31a065346fab7056b45aa656f6c,control,False
0b9c9f45a3e84ab2aaf8f87a3641e306,control,True
0e2df8c91b3a4aa19bad2d1b0fcf5922,control,False
8fb9c83b4bea45c2b3c12378442fdc88,control,True
e24213c8ef17405dac980cd052df2fa9,control,False
8d837ffd19aa4fa88493e549cc32d0da,control,True
db8c3a0b9d9444f3a5698071f124f9f5,control,False
24b2580e2bcc4b6db747c6c4cbffc068,treatment,False
687fa22b62d143cea8c8af3558c35d1f,control,False
4fd18248d0524be4b21be423f7b5f94b,treatment,False
e35b288398ec4679b8fdf8b141c87c8b,control,False
8034e400a69540e4af4ace5684619c8f,control,False
fc6bf5e752a5437b8079102cf2021990,treatment,True
091d2a835e3842a4a9deba9bbd543ee4,control,False
40f3889aef6146f583d68d63d28c1937,treatment,False
90692fd2f8874aefb59a980ffadb4dce,treatment,False
801e9aeb4ad741eead6fcc973e7de4dc,treatment,False
49d09f1331564a22b14243651022698d,control,False
e435081c09f3403aa4668d19342215ec,control,False
be1a5a17fac34273835736593803bd97,treatment,False
835750239d204ceb895da9a3f05f2a4d,treatment,False
fefc8de2e1c446cb9bbb95cd2587e0e9,treatment,False
6366a360dd514dc2b525485cca94bde0,control,False
b273f6995ec24e0582ba8930a7e71c26,treatment,False
4e1589b927484f2d956cd89d949e8a80,control,False
b45e55cf6bff42a08a39a5ec3527ec2b,control,False
652048d23eb64714af0562dd721ae5da,treatment,False
ba3ef3c3149048aca0192d19b42c4804,control,False
e0d5380805244d73a9f843434814531d,control,False
fd22396e3193486d8e197e48c98c7c9a,control,False
99fd8ee6b10c4b438a26ab74a453ed12,treatment,False
cc38248d93de44e29cd6120bb00cd0b5,treatment,False
63ccc3d7b1894c6d83ea0f283e7cbe2c,control,False
8b2664480893457eba8ced58805b014f,control,False
921c9483d27d4f63a02662afa4e22900,treatment,False
c5305c31c05d4fb4844dca8f20443b0b,control,False
1924a2b22f35405ea2ffb89b4272d078,treatment,False
5978a9bc8c6e4371bbc4651c8d2ba936,treatment,False
153f120bd8784e8d9a258deb0d13a93e,control,True
c3bec2469ffc41d18e4a408ece60d458,treatment,False
c81e2b52244f4b7db549cae0c643902e,treatment,False
6cc8da56f6dc47888be1294fa21f7692,treatment,False
6f905112cbfb4ddba114b63055e0e06d,treatment,False
c3d3c97734a5472c8eeb719651d557cf,treatment,False
f1fa0f1d86714141a55ae718c897c12c,control,False
fe6834f0f02046af8fd7e5585611db9d,control,True
9a29422e2d264ceca69f47813f802322,control,False
5733411bddd249a89d3cee392a389216,control,False
65081d0b7f9b4f56828ebd0e966bcc82,treatment,False
1a60ae738ae6491183ff3ddc456a6883,control,False
bdaa784a15564f6bb1cefa4f2cadc895,treatment,False
3c1b748159714e40b1ad41fca2ccc9e3,treatment,False
2cc39eaa9de845d7ac8acad59a1fe233,treatment,False
9b9eb828e0dd46539abbce5d36b0306b,treatment,False
6960462fd1724125b3cd3828fb618617,treatment,True
904ed03e764e401fac3345ee95019c51,control,False
3d107a359d7a40d782c5d08116911c16,treatment,False
c81775563e7447f792de96837514dbc1,control,False
597c0a09306a45daa2717e78365d5e62,control,True
3d9068ebd42140ae9aaf7aad6be7fa4b,treatment,False
1728c471eb5647259632cb6a86b625e1,control,True
3dfb4609645746b78e072c4574cb0831,control,False
3a9715f6363f420e856cbd5bcd666725,control,False
c8e642dbe33e4f7189975469cf4f2e14,treatment,False
204bb7a76d844207abd883c1daca672a,control,False
ce190e626e564b9c9b2c7232fe34c223,treatment,False
ee8fafd0556f42ed822752520b4c86ac,treatment,False
d045ea4dcfa140b4bb788fe7a961ce7a,treatment,False
30ddddf103864326b75ffc5a590c073c,treatment,False
da45846d1cdb48f980b24cfe59204450,control,True
52c25fcf579c47269273eb99bc17e299,control,False
fd016e2541f5486eaa65010efb7ad706,treatment,True
7b5893cc99ab4e4b83501061f703cd03,treatment,False
90ecf0f7b6bb4600874ce6806e5dbeae,control,False
bb77fae19b554d28a118cd2b5484649f,treatment,False
2887cea3fcdc4fce8fa6e252cc2c4422,treatment,True
97560bd16d9c413d9d34dee14f33216d,treatment,False
9840cee0dfcb45c1b7240a8c76a13ef4,treatment,False
b8142b903e174cc38692cde828bb7fca,control,True
cae7e0e7f0194a8a9d3ee7c09e8cadb4,control,True
bae8de8b16af48849821ec50b0f54c30,control,False
ab03c63a6a7142f5b516906a21892ab8,control,False
f1bcbe4bb0b34488a5b273155a88c0c8,treatment,False
06ab5ff6e31b4cad803c5b436e405069,treatment,False
d9a572178ab847309b6f97443c7414c1,treatment,False
5451df9010ea4f209a9bd3e934f8cdfb,treatment,False
9166a89e70b54be29ca36706e8f34f20,control,False
794b3780beba487ea52a988871af5b0c,treatment,False
9da935f6b9ec409bb9942ae3c6045ea4,treatment,True
66a4dbcd3b9245928cb25a955abf09df,control,False
6db3fa549eb94db1bd02fe8f78d4e542,control,False
24de880bc19448bbaeb52b9c033bf44d,treatment,False
746127b7a99a4f2c91073b0eeca95aaf,control,True
96ec1e78febf447c9f1a035bc912c753,treatment,False
83a50671b37d4d39bb5e8c41e9e7cd3d,control,False
e0daf06cce1f4b7bba22bb53cf3e88ad,control,False
e108402f53a0464e894ad859640f9241,treatment,False
a9e7c7989a1c412bbeecc6ac0c58ef3b,control,False
ea4dc83fa843445c8c51962f507d10b0,treatment,False
5b645d4202bd4bcb859b9443cc1838d8,control,False
112ff89c4ce343028b075340aa6d4af0,control,False
814a35d7be9f4e71a783529bd02f596b,treatment,False
d2de4824d8a144d8a812c6ff9c97f0db,treatment,False
5bd4688cd38f4cebbf09790839f06a28,treatment,True
0ed7adb8243a46b79d2ea66149d3e5b4,treatment,False
3eb59bccb34f443e909de01f7108440c,treatment,True
0ae38cda457b4af781a745ea88f4738e,treatment,False
e1443fe662f64fb2910510a93c17f595,treatment,True
3a60e5f478be4dc5ac696621e03cd970,treatment,False
069f54c654174410821f3b5aa26916e1,treatment,False
c44e82c54f9e440792bc87193ea37013,control,True
dbb9e03c55044bdc8bd6105da4dd0616,treatment,True
2f496a1cd69e4de693fee3abedbb8256,treatment,False
77a2fdb81ab94b49b436bde947ab8d6c,control,False
866b589f1f60467da8fe6fd00ad08563,control,False
5dd6dc86227e480d97fbe62a47bf8eed,treatment,False
82c0f3b25ee4472bac0a9f5efde5df9f,treatment,False
1cf019521ffc402eb1403bcb2a1ce398,treatment,False
79a5a19251984beba006480b2cb6996c,control,False
8c6ee7d540f6425f959dba4830d0f53c,control,False
6a2354e3f4b440bcad104691cc49dc75,control,False
cd3b6d75721f4bdbadf9a193e2658bb7,control,False
06452a81db094e3e8ce78290784a9948,control,False
de9a614d584447b1a840fe4473155660,control,False
9de610896d444f32b6dfc768677f01a1,control,False
b2262bc5d21647d492da946cfd6c4c66,treatment,True
3aaa3d30e3fb421c87372715ec15a36a,treatment,False
d15639a8f1f544a3adc51d2418804958,control,False
cfdbb861992344a2916970e41696c49c,treatment,False
8fae2e0c15e442769857cfaea8250d42,control,False
f212d562d5914c20afdd02c0653e1bac,control,True
d18295afde1647eabf65d9ed06a1bfb4,treatment,False
9f771304d95a41ccb95d19c8d46732a9,treatment,False
92fe47fc2f5c48809c28e94fd0cfe624,treatment,False
67e3fe3697544d2d970b5f4b94b03bbb,treatment,True
48ae5b137e8749ea85016a5d13e2fdef,control,False
76f8dd4ac0604708bb7b74d9d31daee8,control,False
657dd42535d94efe951d775d271b2625,treatment,False
e65c75489d5b485fb98386920aae42f2,treatment,False
83aae3964d7b4bcdaee245ad52a49ce8,treatment,False
731cf1161b0c40288d13f8a392a24599,control,False
49ea5de64865483abab10812fd54f8f8,treatment,False
edde478f619e489183370864a2e0dc43,control,False
ae389f3cad8b447084c00d8fed1656c3,control,True
3ce66b433aa6464ea1887726df1b7bb5,treatment,False
5ae317c18d6142888f3b7ca1ab57b479,control,True
6b70361314944a529a2e0d2c90e068e8,treatment,False
3a978eb056324d1fbfbeca6e145139db,control,False
f20e697d018b4ec8bc390dba487649b2,treatment,False
6ac34d7bafdf456b8af3e6bf62fe6716,treatment,False
b47175a5bed249a9bd30a1cbc6a55b1e,control,False
4ecda214078446709a8fbbde9ba6add0,treatment,True
8348504d9fb44681bf06016bdd89de4f,control,False
701f2355b3a14ae9aa12e80e1e7c1cd2,treatment,True
21605c63078047ca8373c483184c0d0f,control,False
d83d87d3d2e049338898cf16442aa1d5,control,False
2668744248b74eb79e843431382aa142,control,False
198f823c51504e00a5e8732baa20d78f,treatment,False
e1832121e3bb469882af63901058d086,control,True
1b668fc9676a49c0b57390222e59686f,treatment,True
3b4691a8a5a2448ebb82d2fbc41e099a,control,False
155d5ac06b6f47329ebb3c6fdaff4f0f,treatment,False
9d37b655f22a4f3984df797ff7be6b44,control,True
e0258aa4ef544b2ebfea25be878a605c,control,True
909263abec5d47f9a27d8a47ba870dc1,treatment,True
5b179a86a48b4d7ca00118f2d4b3da2b,control,False
c4d0ae1d68f540af8946f300a731d356,treatment,False
3154cb7a8bd549dcb9ccfecaed462e11,treatment,True
0273b3de385b48089715844f9d2ce470,treatment,False
6c836556555f494eadff5391969d5813,treatment,True
d4433c2f13374a758872466c906d6d56,treatment,False
c34d0c82c79f4b16b784cc9fcc859cab,control,False
3db4be5457324b34ab13078df5d8aa12,control,False
48b00dbc55334cd794c8b00beb3038cc,treatment,False
d6c8d96e6989489d8ab1567bfc6cb500,control,False
a0e9f798e1324813953c4af87db2f84e,treatment,True
1226fed955864ee29dc608991118da10,control,True
6491ca1929a04015bb026e7b23fb7ae3,treatment,True
c6e74d0c3d2f482dbc242eac00cdf0bf,control,True
0bfd51cb6d454dfc9d07320929f3e144,treatment,False
8a1c0613a3b44f9abefd42856422fc50,treatment,False
2165c87284d248fa84b9e21a94227a3b,treatment,False
c0a455c55bba4d8680c9ea54412c56f5,treatment,False
4bd4ff78057b47b283416c6c4e91e9a1,treatment,False
e0f9ccc92474401eb0689fb615145c0c,control,True
d665ffb6e1294981899b7b0527c785a9,control,False
f91053fdfc1b47959a14ac3f14db4485,control,False
d9d14dbf05024805903e2ac9805e7142,treatment,True
f66e5e1c41c4480da96c0545b39f97d1,treatment,False
3479e86881cb4c648eb63b4f5b8042a0,control,False
3477e6496a8d48f69d5278c8d462eca2,treatment,False
c02464c327004b6d93dc46e3ac7c324e,control,False
7a04427b614d46579444519be2a36b77,treatment,False
32a65af80e6c4c578680b59d9f39d573,control,False
450bfb361d5e4d56ae8a935a981780a1,control,False
816c84bfbb994af592fe630f46e0e66d,treatment,False
3417ac96b5094621a40b4c93e57b3976,control,True
a16eed5b14ad478dbb8e98a35116edcd,control,False
9d172f97d79043808f33582448044e9c,treatment,False
cd6067d9a9524da8894330b65e5a9f12,treatment,False
a3698cfcfe4745bea55e4bfc8c0f21e1,treatment,False
c14dd1b4f60e4380bf2ad1e8846773de,treatment,False
6c5906f81f2b450d934333f6ab8b7fb7,treatment,False
533ccf1d1a9146dbbb925d23ec7c65f4,treatment,False
9034d5f2e02245b6b6fb4e867790f9e4,treatment,False
4581e6e6abc54ae4bcf31f38baa16348,control,False
7473d0e8bd414ddaa78d95e4950a02e3,control,True
1a6e70b748a84bd181d2e18a67139ae2,treatment,False
9f5e948f313e4dbdbba2585a39aac4ae,control,False
cb510c98b4944caa9c7210e80d88b4eb,treatment,False
6a6cea6ac7c244c98933cdfe00a7a35f,treatment,False
f605ccfef11a4a00ba2d4542f93cedaf,control,False
38f60178ab4940cdb5b7577a7654863f,treatment,False
84c8fc146bcc4b1da058feb3d9e6b42f,treatment,False
d9ce7175c1d644d490bedf995d709bb1,control,False
69d7b40c57954231ab0a8ca4bbcc49e2,treatment,False
11927bbe5d594286aa6f147d70aae3ba,control,False
d5a9f8f938d441f98d74fa64d7a3db52,treatment,False
bea16585b4594444be42205ba03c9c78,control,False
36a739d4456c4c01975acc24b95c763e,control,False
97c693859fc04f7cac85ba27573b6e8c,control,False
818cebe58a9f45dca456546ef7a7fb44,control,False
fba5641a08b64b809838c9887b6ace5d,control,False
a5871a800fef43249c93c6d458aa4106,control,False
83a0888e4aa04fcea40227391655f777,control,True
24d3f2cfebc9442cada768aef23c4e6d,treatment,True
93c2df4a18e84d14b023db87c0203b2f,control,False
433171b7158648a8b8225ccf709ced6a,treatment,False
78f207f2a3dd4a3e9f9d4cba8721fc89,treatment,False
ebe5404d3af44129821904dd60912db2,treatment,False
fc24a6576df84fef9379d07b2768dfaa,treatment,False
b211b958131d48b0932ec59d8366916f,treatment,False
580a1c41fd1744b4a5f639f554a6dcea,control,False
6139f6e01b4940c19f74e8145af1e1d9,treatment,False
172e012359cf4415a166d10c99602852,control,False
651b0d90553c44a3a82fbdb06f0c3fbe,treatment,False
caf5d829ce1d4f71bc5ddeaeefbbf5ca,treatment,False
c7a13777ec1d4efda6834a8f16d9c06a,treatment,False
639730d97550444f86039a362244d114,treatment,False
aab7715ecc17474cb97d572c02f6f50b,control,True
6e2da757ab1849f9b91ea513ff8e6456,treatment,True
1c73a1d68d4548bf85f667203fec0875,control,False
85f09823be5d41db996d15457e790adf,treatment,False
8730cbea594e4f4c832f30039568128d,control,False
ba51ba62fc264b38a110d9501b67eca3,control,True
c8cc41c99949436188387265a13b255d,treatment,False
6cde723dfa624646a330a6157e7aa214,control,False
8e21d26ca19f439f9745c5a855246527,treatment,False
3be0241e7f774385997bccb4a142d551,control,False
98ce042e7974472492998213fb7253da,control,True
4f8c6986cc754f9e9f247d7590bd02a6,control,False
3bae9231e96a4b39ba33996e6adb2449,control,False
84a6eb85c4cb4bd7955d829722836547,control,False
a8c27498c90342cdac4749e89c4361b3,control,True
f6d273c295a7469e9100ddef85324411,control,False
8c6cd61f8a514925a89b53ead322ff06,control,False
3b76b59a3cd84840b7d9e30833022365,control,False
a5508f4794834b0e864be642166c6518,treatment,False
1813749a7a9249419d442d496bc1a209,control,True
a3114f51c3b94d4586a7c4e5384e6137,treatment,False
265bab28fd8547168ffacea16f2ded15,treatment,False
437c7a57d7bd49b4b30c2980e953b00b,control,False
3a3063009e9c499db81397b2a225c5ca,control,False
44dcf06a7dad4deea88f1460b1d3bafa,treatment,False
17a7d98e237840a290e11aa69c19f3b9,control,False
cd94d2bb325c4f0c9c90f1ebcf75ec74,control,False
0cef1e771f7740a2ab0c71f8711b99f6,control,True
8c84d5db4e9b414fb215f8eb88d24e17,treatment,False
cf47712c91ed422a859c6e803cd90e2a,control,False
71252da6567c4a08adfc32797c9fd31e,control,False
6e1f7d2b310c4e3087b2780a1ac9d0ca,control,False
e0ad5a1923284d4dafcd3bbfe6379831,control,False
21e9136679d34eafb9b16bbbc3573275,treatment,False
bc6f9aa93cfd4c9da823bc5f919ec91c,treatment,False
79e3d6a6c7a34d478dcca9119d9a6903,treatment,False
9e8a5a4d7d1f42319444cc5d1846d2e7,control,True
325801316b844bd5bdef314e281643e4,control,False
517ecdf8c73c45afbc21e6fe74437bd4,control,False
528e8e22a2ad4c0d8b5af3014ee52108,treatment,False
fd0e74c5e04b478fa642a62f1cda551d,control,False
aea5023deb9447269b9f1086173d3679,control,True
7d058b8c04bf4d1ea33afdbb1a336b6e,control,True
8df8575fd4a346a2be4ec5dc1354f7f1,control,True
2a763c22beab4ee4a473bea46c575ca5,control,False
9b6308d7762c43dca9418be8f299c65c,treatment,False
97460bc8abc149fcb602f64ab9e0be4b,control,False
d07c4495894d4fd9a700cc434bfa1805,treatment,False
106aa901ffd048d4a73e37d24ca91aa8,control,False
16a5105def7245cab134dc96fc6fdd7d,control,False
3aedcb75e217431ea15d7cfea84388b7,treatment,False
4bfd21ffcca14109b2e18f710db31713,control,False
f9bac2c3807b4175a0d41da42d66e7d7,control,False
270a89752bb440b2a386b7695b6f70fe,control,True
cf6dcc3bbbd0472ebf3e0f843f57f152,treatment,False
eade706b118c40538e712c4117939d67,treatment,False
78fcce4f0fe54cb9a38edca2abea03f8,control,False
12be6314ab0d487ebbe90e47cf71d189,control,False
1813a81826284d45a4241412071d52ff,treatment,False
92f99aaef33948408abc209395d9cd85,treatment,False
4a737f6a2d264922bc87de0238b674a1,treatment,False
9144c6efe45a4ef08fa474a53323bbf5,control,False
dbf9980c4d1b47418c27dcf62874ebff,treatment,False
29f17f80be5b4595b03804e1491fb104,treatment,False
718255a8e0a54c15b51f5e1e4e291640,treatment,True
4d2d106da2d4405ba841d3e76bbcb62e,control,False
b3adfac999e84504b7d9f41cf56e1753,treatment,False
b2d6049febfb41cc865447de2ce2960e,control,False
29a2c3e8143b412185e14f1a6f74f74d,treatment,False
b21e219cc76f47f5bc9952855863464b,control,False
ba3cfec651b84fb3b1d5818895b5fd7b,control,True
240f780826bf45b99b52d9c3210876cf,treatment,False
c98248a05c2c40bb95626ba155911944,control,True
d0ca31b93ef44cd8bd7ac61ef9245cb6,control,False
b31d759b7022494da23bbb3c14977f47,control,True
d7fab0f639c243c291edc4a553a70fd9,treatment,False
1f381e87ad544252b65596aecba67004,control,False
73329acfe03b4050978d79a695a692dc,control,False
03e0dbf4b0f84c4c828c341c48d2b57a,control,False
2257cbe70b3749eba7c6a9c12075c560,treatment,False
5f224ad7ae71480a8617f398d2cd29e0,control,False
a3e7eb28770d4920bf30224d5f83e598,treatment,False
bb99986ac43448a18d457391f9ffe5d4,treatment,False
5252bc86c6304a21959916b3888e2230,control,False
d889691f72a2433fb27ce6ff7b9fc354,control,False
2a84ce3302d74761b6fe0bbb9b4305ac,control,True
a3d41f2208794d04acbc5bb1b7e2525c,treatment,False
b09b766faef04ac2838e0b66ef949b31,control,False
3cc2ee5fd65443638ca191d7197e08c7,control,True
55d297e675d94889a5c5e206addad111,control,False
14a4f21f1949409cb807e0f4740fbc45,treatment,False
0923fc405ba3424fa4da29d8235f269d,treatment,False
4282e24e3db748958fae6957221a1b54,treatment,False
3b074208f4a14a5b8ad9b4920bec3ec0,control,False
94f8e678bd1c4d58877ff7b91edbc5c4,control,True
17b81904cb234fcfa3e3152ac5788668,control,False
04b885a2a45d425da19de5b6b8685f33,treatment,False
1463c4c20a4f4ff88df66dc18e06c5c7,control,False
d4aff1d6ccdf41bc949ae99fe1fbb114,treatment,False
e459983a21cc4abe83eda1d386258630,control,True
8013a4f9bb1a4c79a8abd74a0cbd5c0c,treatment,False
14b02dce95ba4829871ae15278b0300d,treatment,True
23b49d2946ad4594abceac5c15a70802,control,False
501131ed504b4975b442544b2ea0dfb3,control,False
194e2283bef54fb8a1df9cc143c4dd7a,control,False
bbf813c6004240db937544f463c015d9,control,False
237a547e64534bd98324e0623b3c0220,treatment,False
d7d58911c1fd4c1db95cf64d3c74b0b1,control,False
de0f8777f553400f9ef77d7eb3f96506,treatment,False
509f1ae0d89a46ed83b97079cb3901a9,control,False
ec43044a3e6847a5999f69d20080afc7,treatment,False
5b8d6a04ff864ac6a00b731e57b088f7,control,False
3250a32feccf4343b476c3eb1ea3d8d6,control,False
96bd87890ef5452080880252d5bc559d,control,False
b3cd60ff5e714df6b19504f6ededb623,treatment,False
8ddc0a55c08545d898572095af71bdb9,control,False
73d9d051ca3b40fcbed2608b9c011b41,control,False
366e54a556ce4f73b6823659f3ab6eec,control,True
6e7ac8070ea44becb2d0964ed55cd7f8,treatment,False
9851ad0ad2cb4c0085247f31c5c48a27,control,False
f8fa3f59988d490598b4ee9163f97931,treatment,False
568a954561dd4f9783f5b4939491245a,treatment,False
4a2de72227d84994ab09bb97f8acfb72,treatment,False
e4c9e75eaa11486590c72cea3ed2fe77,control,False
5509906252284777b614ccd3d5966f83,control,True
24f4c12bfe6f452b95517f5ea8071aaf,treatment,False
64a5cd3cdbf945f794ae3fc6978cadb6,control,False
9514e95336c04914a05464b04b6ea762,control,False
f052e272b5cf4750a5066b2a73038b72,control,True
1289d9036c584cb09d4f73f5ecc32825,treatment,False
bf28cc0d54d24ef79be54bdebcc5f3b1,control,True
3c965a28ead44c9ea3164149146d2b25,control,False
d45e8c5a14704c2cb08c26be76afac3c,treatment,False
7ed6f2b7a58b414295b8e568ceac5099,treatment,True
53328296827c46b7931ae4231d8b612e,control,False
940327b4cd7c43a28a729a5a68d8ad05,treatment,True
ad68373c976f46b4a2018129ecca719d,treatment,True
52d7f8adb29d4540bb15c8c213b62da4,treatment,False
3805b2bfddcc495697f15b29894eb308,control,False
e107e24601604b53adbcdd1e918014ec,treatment,True
ae06e7387ccc4bb5a33b18ed35677297,control,False
d42544a1c7fe40f3b4babfd6882bb438,control,False
1f75970546e8439fb12c221b85379180,treatment,False
be97439f79df4e638e320b37e01fe3d1,treatment,True
f7c98339097f42cca4b6a68a69b75b07,treatment,False
00a9afc6f7004d9e832b5c013569504b,treatment,True
66dcef8947764669bb9ef4462534ab3c,treatment,False
89722733a9c3438f8a8d3d78aed6feba,treatment,False
a899215169e945c48c7538842f3debd7,control,False
012f326e7be146a994a47dc4e9c671d5,treatment,False
6ff6daf147f941188095ff4266d5df43,control,False
b4acdeba6eb84080b592928e6bbbf45f,control,False
ef34a709bf3f4129b59cb8bdf9bc00e0,control,True
a407d2713e4b45f3ad03967e9ace7d11,control,False
6fe3513d83ac4c32941ee59037bae732,treatment,True
39d7adfd17d34f85ae2875c834a159d0,treatment,False
96a119d74f5c41c299704f94d42b5963,treatment,True
fab943820b564dc192d0f8bee67d8296,treatment,False
9d8af3bb59a64bf0ada70ebef35ce1f6,control,True
2e9ed19d64cf44748da718ed81bee899,treatment,False
7e154abbdf4c4e50ae6967483807bef7,control,False
47f39539cb7547588fa721e639bcfa8c,treatment,False
0bb7487302d14f5386fe9661af108175,treatment,False
5d9da0222f1148378e48235f3231c660,treatment,False
1f51c6764bd145d1a7e5dd1634aa00be,treatment,False
ec9742389fe4478a81323c1b08c477c9,treatment,False
96bc99f8fd0c4555a72691d96add9941,control,True
8b5f2151e0bc4849b350a346263dad84,treatment,False
def345de02ee4acdb29101ab9274ce0a,control,False
58fd9378463a498081c2562ea7385b97,treatment,False
f04cc0410cde4e7b8571a739f00c2917,control,False
616fe40de0c74bb2baab2362be47c784,treatment,True
53da488d01404a4d8389e90df5f8631f,treatment,False
8a96044cbcee4195b4a1c8148e4456c1,treatment,False
646919c2d3bb4d30b0c2426d0deecf33,control,False
a8446142fe0f41e492d215b02922e006,control,False
641660873ee143ce933e60a48403a623,control,False
6c8c08069b444e4ea238eedd8e5d284f,treatment,False
a0afc86d311f476a8cb53558119f16b0,treatment,True
07e3c8c1be42459b88185e9af151b2df,treatment,False
62aad540798b4903a06db737d81fdca1,control,False
846f78f957d341439ef11686169eba11,control,False
b3b69d1595674bd5a7e8c6523f04b9f8,treatment,False
2f760d3bd6bd41c5b32b7039971a231d,treatment,False
67cae3a6c8f84af1939113506067ec4b,treatment,False
f9c98dfb5a8c4238b9152beaaccd6afb,treatment,False
0699d809a8304cea84927545582e30c2,control,False
60a39955fda642ffa5e3fb8074d87bf9,treatment,False
4e0cd22da903460ca2b7ca4e6d601c56,treatment,False
98ccc250042c4306b6018cae3237a9ea,treatment,True
bac896f911c8432385e34f03d14e419a,treatment,False
23f68e755da541d3b696129b305e9124,treatment,True
1f318bd4496c4a0786bec0a6886e62c8,treatment,False
0de34739b110437a8aaef49dbb7323f1,treatment,False
fce239739e824454a8fa47791eb15e58,treatment,True
ffb25d5f8e804b20b22021e85936a817,treatment,False
fdbfb43f08be488bbb4a502403eb7efd,treatment,False
65f892220de242829f5069032b71d0c4,treatment,False
1e1a9421b69941d6b84839678f9b895a,treatment,False
f897344ec4704f4bac8be7e8f83e464f,treatment,False
31d5fadd8bb041359ac000b5205b96c3,treatment,False
e6a07f7bc66b4129ab5f135ad84197f2,control,False
d4814f00c32843cbb3f80d6a05d6f634,treatment,True
a0e773281c7a45de8755da8e8e2f785c,control,False
dcec648ac46f4c8d9c52621594462a80,treatment,False
c6c17db707e741cd9228d48bbce1ffe0,control,False
6c3013ec02c64fb7a758cbd4c8aeb338,treatment,False
f69a15e4890b41a0b33537933068504b,control,True
d232394b7c7a47d1bb42cb762df5b1d8,control,False
f40e254f447a4573ae7bd3180f355e47,control,False
d448bc66e1be4fa18c093e14516b518b,control,True
cc51ea713209476f9c4e5ead3dfe61b3,control,False
6ff890277c6e4924a2ca610cd63ead32,treatment,False
f5d85b9038144c828690cf3a84c4e6d0,control,False
dc849cbf6c814477b562853693865c55,control,False
89d7861f50e948d58b7d3cc76902b1a1,control,False
81fdb936310b4740a7f2bae10121445c,control,False
d47360fbb69246439adc95064d63a1fc,control,True
e0af90d7ed7d4b7ca284c2c7d3f6c311,treatment,False
986c9f851cfb4bb681255b6ab0aa77db,control,False
e9385912de3243c4b6010bd3dcf2e8ac,treatment,True
d50b738f073f4894886c9053c3a7392e,control,False
492840de26e9430982d18c03fab0a6be,control,False
8ec9112d291a4a16aac550235618517a,treatment,False
aca98803763c42f49be58429c2e7b00d,control,False
7f38a440ad6a40c9af3c3fef465f88cf,treatment,False
99d528fcfd8d4265a81b51994baf2644,treatment,False
2077781055ee430990afccabc7f04abc,control,False
57b0a76af421443ea5dd91d0d09a6b0e,control,False
d4347506c94b487ab2e9726897cc349c,control,False
8cbcd5bc44854b369794421edae27566,treatment,False
e1c0bb1c46f04e8c8dd5d4bdecd65a40,control,False
9fd0a7b73444407d8cd4e23652f6c335,treatment,False
5a386b6f21b9420fa4564735aab51e5b,treatment,False
5db59ee786dc4480af410b460d8a1ae0,treatment,False
a0c363f154b94a23ba34b5f3ee979e9a,control,False
7fe6c4702ec34ea584b185705453e02d,treatment,False
ed1347359fe247bfbdcfbe10fda0c80e,treatment,False
c395ce53a8aa4d4abea4384f5e145c0d,control,False
f6376a78b15e4f39b6b4cb3213474179,control,True
3361bb3a4ff14e86826f913c8f059250,treatment,True
d9f255686687474a97216db498dda2db,control,False
fef1a3ec70cd432fa83354380268170b,treatment,False
8001ab5686e44d7391c4cb749b59157d,treatment,False
ba0dbd8b70ea4e25a82199dfeaf13aa7,treatment,False
342292b191824fb8b36f7bd2503990f2,control,False
72ea4ad8be4d44a2bdb9e5c4c268a486,treatment,False
bf130fd5940947899eba1a843e36cde4,treatment,False
88979361546e46f9bf2030c3ce580d58,treatment,False
4a35669fe1824f048c85aed16865d798,control,True
5b5bd2a2d3144dfcb21edf3f9021b8ad,control,False
83b6b3bd57fa4feeb2f3a8e981121049,treatment,False
31880b6ceebf41c4b2251d053b8450d0,treatment,False
aa902aed06d94b408d0812e8534ec93d,control,False
e863aad207cc4d43a5451f01ba47cf1c,control,False
bd0de4b2b88d42d094f5e9683664f0b8,control,False
2dad2c7932b843baaad4067132c2ad11,treatment,False
2eceda1157ea4196a0dd896af82bd2da,control,True
84d369f3fa544a0db5610ff3c4ca72f8,treatment,True
45a82b62940e477fbefc2fe0a3ab4ff0,control,False
7ccc3760c2044f9e8d64af979495aaf3,treatment,False
b6ff40d52d8d4df8b932fc72ce97b848,treatment,False
51025eeb403e475986ece81073852e68,treatment,False
7cad0b0870174986b84468d4c64ee3de,treatment,True
6ec02766ba3c4fe4a147f1bedc1e06e3,control,True
4a8438171e8149848de21ece26bd097d,control,False
0278c3d7c4774b97997be49f0bb41efe,treatment,False
16140c0f566441e7bb9c381e5ae5f77b,control,False
338bb4241f0a41578c00a6671546c238,treatment,True
5d6180e1b0c643d286de44ad1add8c05,control,False
ffa2b56b78834340abe5844bf841d400,treatment,False
6f4e6c59c9e14052a27a22232a97468e,treatment,False
7dce3fd543cb4bf6945208839d943aa1,treatment,False
c84ba7356b05457483b7088ee2d21a21,treatment,False
9e4278dbb5a1461dbc9f1e692e4109f3,control,True
2c4eaea510864c7a97471874ab24f998,treatment,False
8fe44794dd8f42ffa2a93c7b672be8cf,treatment,False
fe1238faa4744701a11b9d6eb5cadc08,treatment,False
5f6f977ea0474059bd9cc6a34a093089,control,False
5698150fcb9d489cb53fa3864dc70c04,treatment,True
e19ae495430d475ca8765d527a4b702a,control,False
d46657dce7a343ca83f1683327f9201d,treatment,False
0410e4dd75854208ad67ee6e340cb2a9,control,False
8fc949c347e340758a054f37a649e453,control,False
28f0160c85b748c08ab47dfc32b4e47d,control,False
c61584d22c16464eb3a7c8af13eebf4c,control,False
2552cef37eba40478b687a15b654bbb0,treatment,False
7e252d133a2948899bf6d9b0508ba01d,control,True
32c43a0b4e2144899d7eacc029865b08,control,False
6b1c868e8740402aa68def3871a59115,control,True
abe382f3b3d2421a8f7df0b0b18d7d57,control,True
e975187d72cc4f61a41afeae1c6ed1ce,control,False
8802a5b346bb4592a2e6c44b6601f78e,treatment,False
db7a8030ff0b4b9bad252b31fd36aff6,control,True
3ac0ce95baec4b558955f849672d5b90,control,False
df31f2dfb1584300b26e002d9dd130d6,treatment,False
8946d4f34b6a4c3f8c369e6a1afd17d5,treatment,False
c64b67af999445cc88ff3e40ce25092f,control,False
57bc88a79b8044c7ab99b0133c4ac5d6,control,False
f183733145ef46f3a86b818f953fbc32,treatment,True
2b6759f82c2f427fa5f2eb198b936682,control,True
f699d3a851bb4252907777db06812dac,control,False
cf04872f3d3d4dcc9c1da3b2db7fff20,treatment,False
3965906755474bf6961994eb7fff0108,control,False
44e48a00bf9e414ba55885c24d9e92e4,control,True
9301c95586d141d9a88d8eca756f74f1,control,False
ca4e619ac32548229cf01aa8f080845c,treatment,False
4a2e87706f794244b4f5011974e76820,control,False
6c83b85c5fb94dfea216df96181dd091,control,False
1ffd02aa496b4f72b4af8f40a093e759,treatment,False
cbb36f4845e44d7a98f3131c0deafe5b,control,True
29ca2a76b9354c2ab04e151c6b2a793a,control,True
8f1e0ad7fe0d4c0c8f02c2a4fb8fba7c,treatment,False
9804f19617ec4cfc8d296093fe599902,treatment,True
4a18ebbda8914538af1907bdcdc86731,treatment,False
3ea6e9fe557c410b9361fc1a4279f476,treatment,False
13f64873ca6d462990622636e682b30f,control,False
151a28b340494bd9aae6d15cb1706c86,treatment,False
bb9e124f05414d7ba0f97e33ee51ef07,treatment,False
73694e3b09e9488da0dcf768f1e94be9,control,True
70c2a5ceb18945aaa041926deb548c1d,control,False
7d67ba1121634859a65f4bfdacdbba2d,treatment,True
c26c0a018ad64f01b6f2b16cad498b93,control,False
7486185b91fb41179a97a2e5796d24be,treatment,False
7865bdfe539243ab8ae050eb866794d4,treatment,False
0320a669b53141e9a821cb94eabedb93,treatment,False
6fef02f2db7e442bb6f5708ae621b884,control,False
cb583b727c734559a1a24839aec7fc55,control,False
d036dd0e296c45098aebec045236f2ac,treatment,False
00a4a17e365848bbafad70f65ef457df,treatment,False
dcf185880481428182050e75ac4a2900,control,True
bdceb6bbe90c49758e56b13235df764b,treatment,False
6f21f458dad14dc48512c1b002d6ad8f,control,False
4bd16b44531741658d0f6feba56b7932,treatment,True
98eaed2c68a54cf6b0adca5ca4ce50e5,control,True
85f771169dbd4184867ac52a92519499,treatment,False
c0b91efd5e024a3aba149f79d3752a92,treatment,False
03581e6128c349f5b9ebe64ba984f8a0,treatment,True
191c32df33ca4b488840f681eef0a2be,control,False
d9dd6272de37406b95455f5f0d044c71,treatment,True
57f40e75e920490dac2cd3aa8b559c82,control,True
0ecc2494fb4c43e5a4999acf0aadc5b3,treatment,True
22d4e7fc59be4038a54c99c9621f5288,treatment,False
6b5a503dd29043869944c826c7e41d6b,control,False
761d128b1cb64ebc830f0c2f33fd9ca7,control,False
a95f60de33144853b2b46147f9ec8986,control,False
d5630a3181b24efab347fcf12ecc8cf7,control,True
2c3157fbd5974492b74dcadc99f1b517,control,False
e897fbeaa63246c88c17a61df2905bf6,treatment,False
158e0f62c852468ebe05f73e1c3bef0d,treatment,False
1a9781d9efa447a1bef671d9ac5050ac,control,False
6794af52a1cd4602a192dfc68393c761,control,True
6d136b76e7c641d7a080b0c733748065,control,False
761a6a0fd44b491d9306447c3a57c21f,treatment,False
43cfdb93fc454405bca1edefa55fdb5b,treatment,False
14fc148774bd4ac9a847273334ea5d53,control,False
4ec834907158482dac2fbec6c92de913,treatment,False
fc1fe3ee178e416d9fe7c64f730e51e2,treatment,False
acc7fd8dd56a42538584417c574e08a9,treatment,False
cc6cae86939f415baf58175eeef0c84e,control,False
7dde86925d574969b4aaf577c7629405,control,False
2ec9bd580dcd4ed19a360c4cf520ea45,treatment,True
a6f07e63c3ab4df18386867315877f30,treatment,False
f9d1648d28274e2e96d3d7899e38f822,treatment,False
8941bc90445847d78b862e7e1890f416,control,False
2cfff662c34e4d0dbd763aaab38dd037,treatment,False
bc498fb672e34cde9356a88ed2c6e1fc,treatment,False
840b9a9b4b354e3aa9e88714f01dd3bd,control,True
6f90b6664f9a44fda4eba2521b16863d,treatment,False
c26677bcf8da46ca931df41eb21456d4,treatment,False
8defb3fe6a674d6bafd9eb3a12d8ff95,control,False
a402c23dd6f44d55881db538f763c724,treatment,False
bbc4f8f058384328bdb8acd341df3a4f,control,False
51729efdb167484caa33b21062f93c9b,treatment,False
fffcd602e7b54404b3e69f0c6b35bcb8,control,False
4992a7380bef45288ff5947a54bef33a,control,False
a30085d6999f434f84538e38511f6329,treatment,True
3ea0a4767df648b28c1bd8fff57ebabc,control,False
834ed9ae091b493f82ee0ffffaff1f10,control,False
24a15e70ccb94373bf39d36944624021,treatment,False
ae6a6e8845214628946021449c649b42,control,False
23b67cbf7f994998b9b5c98fa24e20c5,control,False
fa748d7a3ea2486891e70322fa4b4348,control,False
f3ab67ee7b92420f81b9ae06b74e668b,treatment,False
79588b88d2c04838b340916ed56faf81,treatment,False
ece04d3fc7894dc5924ff5deba5cc739,control,False
7629f399a4b24636bbcfb55d4414b9c3,control,True
bd2a35a6fe3141709ab49e699f122970,control,False
22434a80f275494d95e5329b6d837165,treatment,True
a3f32b0d5a874c6680360a59df24edeb,control,True
935466c65d9042fc9f4488e34b6cadc7,treatment,False
e44e0f09deb040be8c3b3416fb06f285,control,False
da6fd4fe4dcd412ab2c7bedd112e284e,treatment,True
4fc2c3424b51441bb209350a01f01a49,treatment,False
77f20b60389e495a92b45f10722bbdc5,treatment,False
189b04931f804da49370783251a27c2a,treatment,False
3e1c1ca7eb10434790f6dfbe31d7b217,control,False
e3486be842f0414898d3e0b90e7324ff,control,False
698931f85357443695b00fb5593ca95c,treatment,False
c5479c839e6d408d9c0017ba1dd8843e,control,False
bd5a3b6b472142a9836e5bd720491da7,treatment,False
2a66eb79cdcf4165a151a94630deca55,treatment,False
38f60dd95f25490fb9970caa91ab9f3a,treatment,False
39602fdc708a4c4ca939be3b4f57b306,treatment,True
4c99743007ce4ff3a82613afb612e48b,control,False
1b776a264894472dbbb772b043ad9468,control,False
f443403e69b54cd79d8736a8e85b01f8,control,False
2bd66158ec1c4d859d6e4eb9c1a42c35,control,False
a9cceaf0ba8746c19b8e2d9ce353b268,treatment,False
e245c138e08a4846a0eb3e073f74affb,control,False
ef7c4851255c4f7aac5ef20188446e8d,treatment,False
50a1e47bce1a4a7880a0c79a95a36763,treatment,False
ae3f2e0a19784b0e8befa6fa8482030b,control,True
6957c60ea54a4e51856346cd802b70e5,treatment,False
90d2e041708943aeb910b45f2096ac99,control,False
03400c32201147769286223d1ea614a5,treatment,True
96d4d770ea82406f8e6311ad34ea0ad8,treatment,False
d55673333ed64393a44d7f7c512026cd,control,True
2a5b7c6aac4f4310a05c9538401b69ed,control,False
b8224dd0380a4bb8bd2966ead582e55f,treatment,False
14c922fd953e47ec869697a8d511a818,treatment,False
cf5da10007dd4df6ba4b41d588d1052a,treatment,False
80dd473ac45744919d0c01b3df24b376,treatment,True
fe3680fd7a32453ebde28eb82bfc7cee,treatment,False
448bfefda52b43ce90e4709562deb05a,treatment,False
f991f525506f41be9c6f9e59c3a54aaa,control,False
f235fca52362436fbd03067786ee639f,control,False
57f82c3d6dfc45ecb815395345857b9f,control,False
7f50f4a3102a4c18be3ac2f83bcf3c61,control,True
3d2d2a9e44124d7b974c6dc49161402c,control,False
34eb5bcd91db4d2182e418578c0ea231,treatment,False
ed2cc29f1a5e46b5bbbc6d5bf09f6296,treatment,True
1d4f5eb4e6b544b093628a73ee84f3dd,control,True
2e2e90c585b14067a826c948e345e3d4,control,False
80000ea4aba245ff87261b5d9fd79fd6,control,False
8e297625e1d947e6aa44dc99cb751f0f,control,False
1a1f4dcc2c90449da554e5564ff19de8,treatment,True
56e6cdb4df8f4e1284887e903a8963d3,treatment,False
de2022c5363343ccbe719b2e15f4e720,treatment,False
24a6f23ca13d43ec93588500e4d30777,control,False
909e4810c50d4125be5991b3d7bfda3f,treatment,False
b797f896616944f38c35b72d344a5899,treatment,False
7afe2edf3318435fb51a078e2d7cb830,treatment,False
f52547bfe4c04560865eca3ef9bbb000,treatment,False
82e1d7ee476e4d4daaab5c82fd2c8cd3,control,False
e96a6c23eccc4654b54ef39e650dd82d,control,True
ce1073fe81e84cc3bf70b1a5d8defc0d,control,True
e8f676db3e3c4a62bf11897cf0cd9184,control,False
20736a337a4346afb360f6440624eb44,control,False
963bfd863f63451b88fb67eb30737249,treatment,False
f6ccc8c041e7463a94a18d79ecb7dd8b,treatment,False
143e47c1cc4741bd9129482e87478fb8,treatment,False
7ce1908c2b8a46beba5902f01ac67b98,treatment,False
ff9d7735abad457f8ec6372b17517947,treatment,False
5e2c507924d44dd6b8665ba09e55e1f8,control,False
ed8cc102c6e142e68093a632cb218e8b,treatment,False
b7a98ddcfa9d437080bc8ea0c4a7fb4e,control,False
162f0388a97e42a5a4eb511aa72ef11c,control,False
6cc1da999fac45bb9cc40bbc0c29db1a,treatment,False
da9958b916954187a525b7461680e202,treatment,False
f98382d720d543f4b93591c930c3305c,control,True
282ae1719bb447b9b8c33ea34d31cbb7,treatment,False
86f6a296f24049a5bc29c90041ee6444,control,False
2d4080ccebd04d76a5a51c7a9b9237fe,control,True
9af2d8518d69441da5918435645c7295,control,False
13601e3a8ade4b80925b357b66875196,control,False
cac3aed0d8674f00bb8cea248490fe95,treatment,False
4e110643e1c84f58bc92a60b7f70ed1a,control,False
a132a1c191d04101b06657ed3b3c7754,control,False
9a969c8907d9431fb4d8f6f181d1d51f,treatment,False
f007f28faacc4373a1aa744276d3c2c1,control,False
c5aaa61d6153436e857907553ef5903d,control,False
33d8bbc322bc439a945376c8ff1dfedc,control,True
1cffbd58ef6c4aa5a583a3030f3b5b61,treatment,True
efd68bc0da47451cb6c8f98114db5a14,control,False
5ab675d53b2c4e9ea4a037e8f664fd13,control,False
16dc9aa84f134263bc8160499d481f32,treatment,False
95e4982b5d2d447ca9bd478bddb7d8c2,control,False
b8ae0cd64b5b416abaa991052d80e258,treatment,True
c80ebb09fa7f4248b863a424fb6cf686,control,False
bae6d613d399400d83914f4a380af5c1,control,False
d7a64c64a62249d3b447a01f7ebc3f3e,treatment,False
716e9679a8a145869a2a8a0ff1d296c4,control,False
157a5aaf75ce4e5a9089d69410613fb3,treatment,False
1bd9f4302ee84930bdbfc208527a21ed,control,False
95f9ffe2655843d08368cb3519dc6d9d,treatment,False
741de509a0e54bc2ac9115a8ade4ef22,treatment,False
91b3a8240f5042748dd91555a5dd5031,control,False
cbbdde19591d4425819b2ed00f321e77,control,False
018e984f3c654c918678b7648217f37e,control,False
7bb5e3c3cd6a4a0c98cd2768b3f35c1b,treatment,False
91a0fdf74c4e4abd81f02f50ee80336a,treatment,True
3ed87429521544aaae57bb0ead2619e2,control,False
0fb90c05672f4e0796d5d0fcd180ddc3,control,False
c3b2988b878f494da061d71998920c70,treatment,False
c21e929d874645909364acad452161c0,treatment,False
bf4eda1b001e452582af46d771c34d09,control,True
8fb17d3052aa40b6a62cb1c90255a45e,control,False
9a6287a6529d4eb8a595c2a75725cf60,treatment,False
f90ddba3d96240ab94b3f4871c1727c1,control,False
56ea7438397647dab8d02d06764076c4,treatment,False
c9589261e0054d9a868fcafc55d15c26,treatment,False
a5c337abf4c84696a199bdfc48973f8a,treatment,False
293095e7fabb4e9491e6edc2cf073830,control,False
4f28a532d24040669c881f25d1b2d5ad,treatment,False
1d3f3d056ecd4bc5964f1d6fc6cdbe19,control,False
e0c9cac8ae6c469698fedd2699fa2d06,treatment,True
c97c7e3b975d4af7be8a561d4c664f67,control,False
3713efcde0714bc6a8a152667f6f3255,treatment,False
a072474fbffe4b178b7ff3d473afa07c,treatment,False
ef615ac8c71d408daab8640b64a32c1d,control,False
8736582d3919486c8a0bbfd2dbe8e763,control,False
45949f86517e4dc399fb991dd1856705,treatment,False
821e2bb910b8443fb162ec7701ca6c16,treatment,False
95e0304d43534f98b4812803e1bdf3ee,treatment,False
3c740e96efe4475d9728e8df85501cec,treatment,False
b1bc6aad15994cb4b9e6aa5c794d2023,treatment,True
e20f78972675451c91f4385977590f9d,control,False
9861e4bcc0ac4b4199db0dd0cbaacf4f,control,False
2670bba450de4168bae4dbf778cbe767,treatment,False
122b720893464a38841e645cf01f8a7c,treatment,False
36c52ccb8241467bb2035ce07b71bf25,control,False
1df93e51ccd844bfa90775943b04ee83,control,True
dc35992a778648959b4c47a966e9d736,control,True
3dba9efc12d743ec82ab2ae30127fcab,treatment,True
57a0733356fa437ca2155d75c2a5c678,control,False
4bab111b80c44ddb9e26c8dc84a32819,treatment,True
a33b94805ced4708ad8f032e2ec7f500,control,False
e31486b678754265b0ef639d11653461,control,False
bed39e96d28c4256affa610ad31d773d,control,False
a64a389947b444119a04d7f66c85bb85,treatment,False
9eac9c0f31bd457ba8fe79984b9a98af,control,False
b6b2f1237058431496511d20ce44c960,control,False
c356050a28c34b7ea346f31f645284d4,treatment,True
9a3b35904b8b4754b94ae12314429673,control,False
0f116badcab74360b72f2b8bad2399bd,control,False
7b2ea2419ca547e292039712968f2315,treatment,True
57623474b7e2418da1bb0d4ba5ea4a2c,treatment,False
a8fc933057114b89af2b4aa30c2d1355,control,False
41eec3bf2c2f44d1be8bc9ab4ab0bf12,treatment,False
06469e809006456b900ab2c6282b7672,treatment,True
41db7fa4003644ccb5882fcb7d238fff,treatment,False
82aba32262394a079262efe1553739d3,control,True
084f05e647f94e2cb6ba061ae6707452,treatment,True
763a4c9baf294245b4577bb627d97a1b,control,False
8eb025b4ad034b3cb0918308f53441dc,treatment,False
f83795888e424c3ebfb8c45b0512f23b,treatment,True
a6b316de2c00435cab9ba96b19bf0042,treatment,False
7ce5cca773d741b280e3e137f0d05f34,treatment,False
2f9a4e564ebd472a9145f104af4ed0ab,control,False
442d69979f6a4079ba98b72c3775df88,treatment,False
ea60897969b44c479eb1d60b2047429c,control,False
3cbed449df1845cb975229766efe8d61,control,False
5e4e4e7c70894bdca1c58c4a1d7b00cf,control,False
ae0dbe8f79cd458cb97354a64d980dc3,control,False
b025f991f50d4d29b02496035bb8bc22,treatment,True
7ec73648ef594a5bbfd737d1af1b2079,control,False
c00dddce0b5043cfbc046c0f1a6f321f,treatment,False
8148be58c1e24ff290628728d1a46615,treatment,False
8b2d7446ed43472cb89f7ae5b80d7122,treatment,False
ac8db780833144bfaeedce11e84bbaff,control,True
578bb8994b884a87abe900d6dd1d7447,control,False
41ad6aac2f9640039644f82800d71a6b,treatment,False
fa3875757b9d420fbceb388905e9e171,treatment,False
da8376e9d0df41ba8d7b3c4353edf94b,treatment,False
8d6dc948280843e8a9c5bd6c1aa9f2da,control,True
f01623baf0894b2a83e6ff72952e578a,control,True
67cfc04d40544fb5976d04006e3a4bbd,treatment,False
593f285bc749497d9f39ad3b05fc2865,treatment,False
d12fb8e38f584b46b219ee0830224042,treatment,False
af52d885cf8f4bffbf8dc20bf7791480,control,True
e0d5b86c91a64a849417a72577d571f8,control,True
3881788271824f34a0c87ecad7be94d0,control,False
21699b8d3f74443ea68d9131d8c3406e,control,False
c7cc363ce9e54281b241e7cf0c0977a1,control,False
676a1be993644b44b16097dfe7fc7dcf,control,False
6c862a0d921e45efa23fd67d129c2f3e,treatment,True
0c5e00eb00f04edf9c8964c72519829b,treatment,False
05efc8ab9a3246e68dfaad50cdcd726a,control,False
a0c7ec53fb7243b2b1ecf28c082843ae,treatment,False
037cee2b28084bd9ba7d067f65e8dbdb,control,True
a6e7c5a1a81241c683425a38ab543fdc,control,False
3d897e1def734da6bc9e6fc19c8ab56b,control,False
fc74c50e8d5f4ec78b564a457e320b13,control,True
669f6f81a9a945428523643b54e1619d,treatment,True
13643482b08c4b238031d222f905898b,treatment,False
fbdca19955784c5b9be0ac42b43967cf,control,True
bda222bdc4114236b1397a795936847b,control,False
0aeaa5c6607b4cf5a8f0ed2817dabfe7,control,False
5ee352ac20ec41559e05662ba8cb74cf,treatment,False
0c10ff2069ac47bd8d654f4751f5a3a4,treatment,True
1e77038016614822b0659446ea4c47d4,treatment,False
c0444057beb5460691e1ab7fc15909eb,control,False
812fcc9f5aab4f52ad49ce8739b4934c,control,False
90b2f662d912468f8d17804b123cc4ba,control,True
7b5d4b5587ac4a88bcf242c7fd539054,treatment,False
71aba51c0a054b62bf67f6bc15641fa1,treatment,False
70fa85d9ae1e4aebab33823ad4b7ca8e,control,False
a67fbd0fca1741d7897925bfff0c044a,treatment,False
daaf2a291e2247ce83b758f9a68c6d79,control,False
0c8ec8eda2f740eaa03e6fce19cbfc2c,treatment,False
a98304e494ea4572973e0637c1db084e,control,True
c30631fdaaca427c999ffb668634e81e,treatment,False
1193a21da2aa482483a8e4015fc49c99,treatment,False
fcb91f7030914365a94401f41a3eb54f,treatment,False
097d22e5746443a487d158e725d837b7,control,True
90848ea14f5147c79c38631147ac5123,control,False
121b4959eda945fa995782d80493e529,control,False
cc3290683bb847108c28d351b6da8026,treatment,True
94a5af27475f41cb98b93a3f825cd7d0,treatment,True
f69cfa8aea9c4daaa188ff2e30dfafaf,control,False
151781018d7d4e218f0233ec07b466d7,control,False
64ea0aac08684a669c92356425384b34,treatment,False
a21c04e2f30e48a286cb665d2cddd2b5,treatment,False
33d137e7c98849dcb9edf7f2fa096e36,treatment,False
c78b091ab79d4b82952cea2570b80fd9,control,False
2e93cf838bc64eb396fd137cc434f901,treatment,False
db071d38a80c4b89930b88af2ea3f2b2,treatment,False
a1e22a12bd0040fbae56f5b64cf7029f,control,False
7caf4ab480504bc6a71d310f9b72f718,control,False
82ac0e5bcfae43d4b4abff902f20d00a,control,False
da174d10594648c7b8760e653928723f,treatment,True
f346d403177842e0a305513067764765,control,False
0da672e39af74d879417f1ef818c3017,control,False
c0686f98448046c4a82f0c41e9992d15,control,False
9579603ff1a143bb821663c47e8e6924,control,False
11a8fafa4ef44029961df30b87fd67a4,control,False
143ba305b2554b868dc52760882a8789,treatment,False
7b3578f10b4e404aa73e80007bfc3c55,control,False
afea1e19c5e54e8096adb89218bf9e2d,treatment,False
4dbb5eaa9981491a94e9b5377f3bc1d6,treatment,False
766c60d60f784ab0a896c21fa6fb783b,treatment,True
ddc1800628614e4585b5a6059a209174,treatment,False
7eda15a7e2ff4c7f82b558b9b36cf37d,treatment,True
bded0476c0754521ab3922fabf367219,treatment,True
499b8e9eab724471a3786091141285e3,treatment,False
62afc4bac39e4c4abbe18bbd44d39f79,treatment,True
a8a40cc6ede94bb8807440ea7066f9fe,control,True
983ec7f1d68b4068a84c25e59e4b34a5,treatment,False
47f48c6879c24caea62e8a11b44f52df,control,False
c867a65a50f14e61979f0a8420d10acc,treatment,False
a5d7c5d6af58457ba7b52860ca186634,control,True
11b3f0645cf148f89ccd7b41ae280bc6,treatment,False
44ab0d4a74a3499cb208fabc2530f9ca,control,False
9af5152db4054e3cbefb5fbba97b0a54,treatment,False
887d0c78116f49eea7d3a95867ff5588,treatment,True
c2e929b4d7d54c5c85287c7dde1e10df,control,False
92647d895b1048a48a1fcbbaaa02276f,treatment,False
c0c3a5def7e547c48881ef6d2a429ca4,treatment,False
d3bcc35124f44c1599a76622b1eff30d,control,False
8631f7effad243c3914ef3d9b904a899,treatment,True
1424307b4e7b4cc7a877b56fae4d4443,control,False
083824275eb74d11b2ada754f7b22fd4,control,False
60689d94f61247b7953cd91f9ed8c0b5,control,False
11f609bbab1944d09d260c82726b8090,treatment,True
9fd927a14c8c4f918cb4b3898894e6a7,control,False
99a5fd055513498f80cd5bcc731f504d,control,False
3029f6c7d5bb4880bf73d79c99acaa4c,treatment,True
0a726b1892e8464991eb078721fb073a,treatment,False
2ae5b3918762407097687a768a9eb0ff,treatment,False
12f9e29d30444f6898f712b63c9a4ee3,control,False
71680c9fc8864d5f93ed89623eac9ace,control,True
dfabd73d29d84e7ca4ad3e8bb4df4b2f,control,False
6117f9c797ad44279ce1a25c1433e915,control,True
0f141a9d3ebd495aa2eabcb21ef10766,treatment,False
ad6d401e2b1349e481f3baa12bf23d57,treatment,True
baaf4e2e0c8d4db49c4db18115b35e19,treatment,False
ccb555c22ddd40579cc4efe5b9207816,control,False
9586a2e8654045d896ee75914ab1105e,control,True
b2dc9486e97e47d89b2871b9516cd9d3,control,False
211de2e08e9b450ea6a77423ecaee1d5,control,False
d48462db7318420ea7e30c7da4c7d9fd,control,True
0163f1c32b0c487cb4eaef81ab47f5ad,control,True
e79846729ccd4f3fb2956a7da553a58a,treatment,False
6f5988279be6479e8284ba0cfe55e020,control,False
16664a60144949e9a828203a9199c5d5,treatment,True
4e6c9c5022d945e98a4d0fe6e28b4e8e,control,False
f8e120586bee416f8dd9d886f66a4057,control,False
631dbf81f4a84ee9948425347cb9b35b,control,False
6049992e062a4206ac98757d4dc635ec,control,False
385ad7c50d84414eaf525aac29afe99a,control,False
4b5b96421e0f40249f6d7694b38e0cb7,control,False
799b5049f8294e0298cf4bc4dcde679e,treatment,False
d5c2c6d9623243ce8c11f45506c9f0f8,control,False
35066f13ea7f4455a7ae4d4c1d743509,control,False
275e695b85ff4592bb2d360e1aa54b8d,treatment,False
d6526a2cf03d474281f06e334fe0f9fb,treatment,False
6f56da72819246a687d3573ed03aebda,treatment,True
68a748277b044d69ac4e12965e3ca3d1,treatment,True
ac5d505aea03460e8babf7d4df5b8eaa,control,False
f86b6779c86e4df8b6bee80e4158bddb,treatment,False
a415a064ea324343a2e5f02dee541adc,treatment,False
c8e1a0e2285d43798fd6d0fa5b464c33,control,False
8eecd080cd954a1696902ba0ab4d42f3,control,False
750007b96b414729bf7a33cf02c7f38a,treatment,False
9b4e44234da243449e37e7333b17d038,control,False
cd29594134474742bebb3ef61560ebeb,treatment,False
de2b106376ec46e48266492e0ce5983a,control,False
e1ac97f4e5594d87bbe46a834b82c8a6,control,False
d85a3142e7dd4f22aeed0d5f5c911668,treatment,False
564a5e4aa9e34baf97b9e4e70ae62a9a,control,False
494c350518304485b89b97f9298579f1,treatment,False
bd689c2bb45b4413aae5df5dae276e76,control,False
0c68435e13614b668bfdb434b88b8b84,control,True
7a21022f77c24741807ad5b65363e7ea,control,True
f740082c0a21443e8a1910e00e1037e3,treatment,False
7349f3e568694990b98d9ec41f67a1b8,control,True
475adcd777e0422a918f9be85da1c6e8,control,False
3b5b479bfc11422880190dbc7866ccc0,treatment,True
d2058d24406140819da269afe1a97ebf,control,False
f16a69a025164002846efb9e4cce6764,treatment,False
8173b9b316a54d44b2a9ed2e360c4e5e,treatment,False
2ed730168cfd477da822bd41cc097905,control,False
5f7e3efc9d6b4632afe5fadc16ee3642,control,False
7de27d00e95346569ce2d94ef4eba99e,control,False
48d8c77f9c2c43b1be29b1345de44b6f,treatment,False
a711f892d8424c359ea4dafaf8903f85,treatment,True
5392db5b35e64329926b1fddd58ce926,treatment,False
875c6f1e97154e59a0233e9bedfdfbec,control,False
ce435260acd746e7a1d049a423f56d05,treatment,True
e85d107f75054908be5ce3dfa3d62eba,control,False
37b8cbaa136249caab02710572b6ae6a,control,False
ee576fc18f564fb881cb5d984a2b5e7a,control,True
9d592c5874dd4bef875b431f40b3dc06,control,False
4ea881781548413ca456cf694982ee76,treatment,True
42dd96ad2867454894859a902c7f3076,control,False
09ce252cf9f341859bbc5003eecef682,control,False
660ceef2323241d7a406556ad090b99c,control,True
e8fb49d09488492fbbd8c447739a5902,treatment,False
7fd5541cbe8f4e7ead70ca260e3a31df,control,False
dfcc2bbead694133ba285c7032f33051,control,False
8d7630ee12094daaa5fbdb73c3f70d08,treatment,False
eb788cc5f0ad4185aa06fbf5d5ea428f,treatment,False
42df97acfa2b4f4cadc894c29e723dee,control,False
3a22d1a6bb334deba424167935e40656,treatment,False
f184fcfbb1914ca0a64312ac1c7b6fe2,treatment,True
94b0b3a61843478ca32487439adfa283,control,False
74c2a86c91c446e1be3d23fb969979bf,control,False
b9db46704d784056836fde1f88e41c4c,control,False
b3a01e338dd54d8e913da998817208a8,control,False
3da03393cc3e46cebd874db4deccbd89,control,False
881bf91e6a0248bb97925d7f89d19a30,control,False
a940a9e6632c44f3800fa17802e8facc,treatment,True
3958772523674a2c94b69362769dd1cc,control,True
6de1a6cb1c524ccd8df2723f6cf57edb,control,False
3335dc5565d64c32aa0d52a04dcac5fa,control,False
3b6ceb42c6da4fe7a909fb8615992ba4,treatment,False
1c9ab824c9674fb1b1c1b776a101eee8,treatment,True
8091ccaadfdc4a0a838b1bf1103c141f,treatment,False
0cd0dde741ea4046ad3ac5b1f4cb3d04,treatment,False
f49d00b3ce3f4ea0a44eabc2c9a4b705,control,False
b4cde32288f646dca7a95f21c5c17011,treatment,False
16e7188b67f74824a9e6f8f75b62ea29,treatment,False
8000d8369b4b469e9236a465d89a952c,treatment,True
5db3653152b34037a266b66de5b9bb6a,control,False
d04f648037324e07a4ca456a5f73d007,control,False
a22dac8551af4dd8aba2fa1ff34eb561,control,False
611446f7086e457bb90621244998612d,treatment,False
abf917bd07864f3a8bef0b8a99c7f846,control,False
3df2171dfeb843ecbac761e69ab9e812,control,False
dd130b896d3d41b39d5c2241289d11ad,treatment,False
0bc36c00ed89495fbffd09da21bc9aae,control,True
205f858140c54a3d93dbc935b2215f41,treatment,True
02801dd26aaf419c811dbd82cdbcaba9,control,False
ee3297c9640d45ad8c2b140c0b1f6de5,treatment,True
ea9c7e192afd4df986e19f02cd832ee1,control,False
b755f524a70142eca5a5c11e0b8d7790,treatment,False
b24eb8bfdfbe4e67a932ec7f61b9cf3f,control,True
9acffe8d15a046b8b543fd1d2fdae870,control,True
02b2ab077ed044099d6952bf79c66ef6,treatment,False
f91ef975d67c48b38be7004e3593ed57,treatment,False
dc86f0c1a3cf40d0ad99303910a364e7,control,False
4621d71f9e0f43ababf813926707788c,treatment,False
6c36347b5cb544d79cd33d9dfecbba30,control,False
2b40cfa83a2b4d9ba5dd1bb600ad6b9d,control,False
7a301f3f17834fb089d16baa533f12ff,control,True
e4fdb5affeb040098821712108989639,treatment,False
7a2739ff6e7643d1818b703b5053e29a,treatment,False
1e3a8e4930ec43d680b4a949369e985d,control,False
40ea30397e014b31888b92a680a05050,treatment,False
8316ddeaa7984200b84b3bbc6dc32b79,treatment,False
fdd3b7325be74e6ca480db43a6e15960,control,False
b56f6e366b1c4e0ab248fa489f94c8b1,treatment,True
4262c1702e954585a1fe421b1424990c,control,False
d1edaee5fb5447bfbcf6913ba24aadad,control,True
6abda9772b4947aa94c3c2646cf6af58,control,False
472f5f4faf904d7a98faca34b7c0eadf,control,True
fc3a3ff9259a42ffbe8900b5362abc9b,treatment,False
8620901e8e014373828879c54acabf90,control,False
f1ce3f79028e4f9598dac40184bc71ce,treatment,False
57edc01af8f549779a40b549e8f4f4e0,treatment,False
c8486272a57b4842a7d0e1fffb4e68c5,treatment,False
c17b469b696b4bf68d7315ae418b3837,control,False
4e448104c5d746c292e844515caaec6b,control,False
af00105299e146cd98eb6ca1d71fc63f,treatment,True
ab884396eac04c70b674eeb94d890c64,treatment,False
9a0b7817d44c494f853d74ca2963443e,treatment,False
9079f5510a5747668ea344df0981821e,treatment,False
8dc6220f8693445396e00f3ede5267ef,control,True
437b8d4572c448349531f319fb31bec3,treatment,False
4508bfdba7c641a7916e2275682c61af,treatment,True
1b3df6ce84e744ad8c78c1071ca62415,treatment,False
fdf5eaa05c8b45689afab55233f52f90,control,True
fe5badf67560478f9599edd6f8562d1f,treatment,False
6fb6e9cb02c14b938a2e24b2d081bd3a,treatment,False
ee32d46305af439ca7341a59ca80b19b,control,False
7aa9a653ffa7444b8e9c6687fa425770,treatment,True
47d625e39e6d4ee28d41987077e60d38,treatment,True
c94a5b22575e49378d708b06a4310805,control,False
09665fae5c25438babb3f7fbb692fa98,control,False
0740509643714e99be95261b0766fd84,control,False
6228637f7a044c5bb24e163a8404b676,treatment,False
c2631da91f7848a7bff250ae03b0bdf8,control,False
4497945d2fe9438fbcb14849d978b735,treatment,False
ded74ed0301e4e048db2ede4673fa2aa,control,True
61e532ff72314435ba81d8a44c7b446e,control,False
8f7090d088c04f06a89bf92201ff38ab,control,True
d30bbe7493a74dc6871efdae93790db7,treatment,False
d657ec8f830a4e839a7e8bda33868bd9,control,True
5bbbd69df1794ed396711883e3324565,control,False
ae3a037bfe7d453081764d8efe36ae13,control,False
9b6d7b20c94e414e93b02e43ae423dc1,treatment,False
07897d6ab6de43a1a5e459946119ccab,treatment,True
31d5c4aa4d6e4d0b98342b1828a7e249,control,True
d69b1857ec924cb4b21aa8ad02f48222,treatment,False
f3611389be0c4c53bd6c908e2e190f26,control,False
65c7e5d2e42448c5b98caafdcb4ab33c,control,False
b6de7fcc0a9444698e4ddf3fbe1f7676,control,False
f9a8aa44d3604938b01fcd4f527a869b,control,False
1608e2fed1194919b15350b98521ff52,control,False
2e586f7f31d9410aaa86cb697ff5aae5,control,True
13edfd216ab54c9690f20accf968b915,control,False
420ba1422f394fa2a7b65c79f92364a7,control,False
0fabde9c7a424b2eaff1e37af7bee3d0,control,False
2f33aa159edd491c99867a1d461dbeb3,treatment,False
520e0a927228426296d750a63d628a39,control,False
69eb805bc51f401a9160220b8fe84b71,treatment,False
2100fc18faf74cb6b5ffdc18d5074940,control,False
617617401d284f9ea6bd98bd9e87a57f,treatment,True
400aca900bdd462e86f23d6cfc14e405,treatment,False
6147e4b6bfad40869b02e0c244d01c89,treatment,False
b7801e5e622c4e608e6e82e8cc4cb300,treatment,False
3d32f83646664aafb3575f9eec25c946,control,True
3461163044a342f99e29729ab7ba7e33,control,True
326a0e78755c4db6a8fe3e21270a3885,control,False
43b27300ab384f52811a9fd4d94ae75a,treatment,True
05ac643a11ff4127952eaf32e62cda18,control,False
2b878b90a78c4e08b0e89831cf7fdbbf,control,False
acf8e15622c34c99849659c1e7227e63,control,True
2d42a3844be34b8ba299cc22e7a5f4e2,treatment,True
95262e01e4a846619fa0a5c4dde8545d,treatment,False
1ee9e5e8a2ba47dcabfba1590bab4ee8,control,False
dc78b825f24549a783460c958686de91,control,False
c293ef69598a4bc29257b42ee1c541a8,control,False
e96f055313de417398fa363e16764207,control,False
b2fc54e9dfa744bcb611e5ac9f075718,control,False
efc0fc013d6f4d9c83c11421f9fb5b0a,control,True
e94ed7f7838d40b68a0e968fc3a768ea,control,True
86ef1062b9b14974ba6400fe9bda86f6,control,False
fc9f451ab84245bbaf0dc498d47d1880,treatment,True
ddc3a907ddab459b98f16f1496eacb94,treatment,False
62219786a6da4476aaf4d385aff95ae4,control,False
75be27b480e74c3ebb097294b4f26aaf,treatment,False
06e664ece8c645bfa7c1366fcfe210c3,treatment,False
04f62f768fe54f4d8e1e3999c271989b,treatment,False
2c2d073353e346cfa25d207e99397f62,control,False
2c8b6ff1b9054e52a5231911a01c4a9c,control,True
1baaa49558b544598eebf8810782216c,treatment,False
93165403c3494f31b2600321955235be,treatment,False
b39f91565a434068bce21cb43a28fb05,treatment,False
e3cd7907d4c143aeaeef4ce2abb4ce35,control,False
bde70ee76c0340aa8a10b701b136c380,control,False
401d9a2fa6df4f259b7388e3a3be48b1,treatment,False
1b660cc99a2044d6997dc2fff1c47041,control,False
3fccd33fa10b4eb093701a7603cca080,control,False
05d8f81ae05d4e7fa8bc5a900bb6ee24,control,True
496ccc4051f34c6fb15c5002c307ff15,treatment,False
d9f54b7a370b420eb8cbccad98a6ad63,control,False
2118dc4a5eaa419a96f6c6e4922e0f13,treatment,False
f32e921ce4ed45f09ca270cbaf009d53,control,True
8e59c6ab0b7f40649564c17566693307,control,False
6aefc1d2f7414feb91b4f6629564e72e,control,True
2fa6b81977694bc2b27b1ccd462b07b7,treatment,True
1d91dba6b6b54505a5cdb86b6506eab5,control,False
5e62c4c881df40cba096f90e32ba0422,treatment,False
42b099b9fc364caa881a9ea387fb95c7,treatment,False
d628fad0ee02453aa2f787d3fca822f2,treatment,False
889ed54177144efb9dca750c9c017195,control,False
f689cee4543347a6831f2b631b24b8f2,treatment,True
bbbd9b0276a7415d86151a656bf32ae1,treatment,True
1da12922e0264ceba9273ec2244991b7,treatment,False
ec968b1d8cc14668b12d74b1ca822b01,control,True
d21750e1efc8424792e7c5c774149a15,treatment,True
9f6472670c4c44f18a1b443f0ab20e64,treatment,True
5eb88cafb6f04e17893d95c75e0aa236,control,False
db796150d596443a8aac7dbb18bd6ce4,control,False
b07f1cb60400430482acd6589d464221,treatment,False
211b225a01c743b887b170727316b442,control,False
4d471f5ed3224be6a9ec544ff8a796bd,treatment,False
8013372a67744c1e87811eda7a5d0349,treatment,False
28429c08100a48bf806d65125d6bdd1f,control,False
8f3b7deee0844e059abe06a7cc0aa85a,control,False
3b817df6f2a64f4c97bcabb3ec2d8117,control,False
a927d45b11b947daaf12fa08f32bb402,control,False
3d21f1a382444ce193f2ce2884ebc6a7,treatment,False
fe0956ee93cc4127966eb36e45b54c81,treatment,True
06ce66dc1a234bf098afc0b11ad7019e,control,False
f2580e683bf848df8d1b35b3153ef552,treatment,False
618e9b3da51b49de966fb53393e865b0,control,False
6fd26ef8fd954bee946f25636710d923,control,False
d5e4a238265f43df94b0077dc8fb4906,treatment,False
655583f58e6f49b6adff7dd66d398c0a,control,True
a8c12a76d2c6497d9ff8545590d09384,control,False
a4660ff48fbf4cc284cabe786de300fd,treatment,False
0d8844b008d6459fa9f33bb1d0f6b118,control,True
4fd843f1b6bd405a8a59705432180a72,treatment,False
f46c922522cd4b98a082ae3ba8b19c8c,treatment,False
d433cbefc1b2472f9fdf6a5b00f8e753,control,True
8b1701b3ec734e35bf6a99d3ee637e92,treatment,True
74eba1c580b144188b9134c6a248febc,treatment,True
1104c582fd294a768dedd4137e9fdd67,control,True
4cb56240c00b40deb6b646d83dcdd0f0,treatment,False
4b10cb434a5e45c4ad92b203b069eac3,control,False
a49bb09b9f794cc1a4d4eb2249d4e29b,control,False
f76570142e9049c7bc976f259c570eb8,control,False
961b7ff6d235455499693d1403a82855,treatment,True
dd70e34d17184298864159a91f965176,treatment,False
f92cbb9282dd4a78b89bcb4f76e10e49,treatment,True
4a03cb86411c4f84b2c8e0b511b1e56c,treatment,True
d70835685c2041cfa3ee3c4d7d435d38,treatment,False
b54bf3acf0a646f490f2d181d354bea7,control,False
ca3e5983220544828bd83f4cb5624b3c,control,False
32138859bb194149b6c9e2aab342edfd,treatment,True
f95e2a84d26a4f13846d720db9f60222,control,False
d1a4567a9041463a9d1e9f7755eaac37,treatment,False
2f4e885eeab3467280bf9b0f6740f500,control,True
3ba6b7f495a24a00b6eb4793e9ce9f13,treatment,True
309868f4b83047329f725111ed359a99,treatment,False
49e1c7f5968e4f8b86f2053ec2ba3eed,control,False
a48b0f9da5ec4058a6a72d59628342d4,control,False
e71c9068212742eb8066bf0e52261425,treatment,True
dcc778b14ee34bd394c7a099914e3a8b,control,False
6912d0e253334d7987a547096c010518,treatment,False
c19c3909dc5a4d1d99737a4a991baa4e,control,False
a5df0151a59b46aa9c2277ceb9948f79,treatment,False
1e6e9bf326294ccdb9c91c54dbb9207a,treatment,False
1ed1bbc8f2454c83ae5bed95e60a7c0f,control,False
3df4fe2d67b54abeb1aea80f083e585c,treatment,False
d5fd66f4d4cf4958b4bfee0948ca791e,treatment,True
792e83696d3e4f768c7f199995af1713,treatment,False
0853f873164144a5a369e673159679da,control,False
16348facd1324f0d8dc46acdc6a4b35a,treatment,True
f71502c324fd48818efc45ae94a60748,treatment,False
5ae5adfb773a42c1af12e7f24febd7e5,control,False
0cf1540a3c6b411b9739bc05da2b199e,treatment,False
b514ccb8dcd84c3fb39ab4117fb36a00,treatment,False
13027f015f004b81b643d83c845bd073,treatment,False
8a48a15fd5924bcdacee789741ee667e,control,False
8fcd850a073142fc8580085610d3d514,treatment,False
1704528249d34660883d5f65712cb038,control,False
2a008763e23943c6b27471a496a9558d,treatment,True
f1ab77ee758f45228935ba780a582902,control,False
cc7c60b5fba94d36a504f0364c939f9f,treatment,False
60eafa1a0bb94bbdb3f07bc42e2f4303,control,False
dab87396aa15482d9b52f2623da46ac8,control,False
fc87b427fe6c4030a097da1aa33c1769,control,False
88bb524e42dd4cba93efa7c29de7c905,control,False
ac052a00d29a4330ba132739b1c24514,treatment,False
51a6870c6f5c424797c73147f1675b88,treatment,False
802cfa90808c4a4285a2334a6e9a2212,treatment,False
9c2eda57eec74958872840d94f0c019d,treatment,False
2ec5952b98384d99a90ceffbe499aa87,control,False
0f2b8bd11f964c3f99fbcdd107f889df,control,False
ecb74d8ece2e41eeafdd9b02f3ffba71,treatment,False
84b1345e07e54d6c8338f1d101cdf608,treatment,False
19a858eea0eb42c893f5467bf1098190,treatment,False
6917cc4182474c15a30fd96c2d53e443,treatment,True
6cebaa4789424d66ac75403038b2c623,control,False
b798f4f38d3844828b03009d855ff1fb,control,False
0a4d7b22e280433a8213cc896908643d,treatment,False
2152ff64804d43f69b49c3e42238ae3b,control,True
3017f0c2aa184f6eb845f9532df192f6,control,False
ad9c9d9b8aad4264a07082217c7c0cf2,control,False
5283103bc6bf4be6bba040d80f71e8ca,treatment,False
0ecde79dcf6841a5bff30763fea4d170,treatment,False
b28323bc39a84ee981172a45f47c6ef4,control,False
4ae7fc636022436daad2e884d6f99f26,control,False
36e7f922573d4b0a82b27860c5baaf35,treatment,False
3b83aa50ffe84a1fab933e9576c57724,control,False
dff3e71deb69499c9de1d8253b0f49a7,control,False
ee21d5a074c8408d9f2021bcd2bff16d,treatment,False
30df7f5add844c8a9a4237dac81b8b4d,treatment,False
8970cd51e2614a0b91bfa4e9c5485517,treatment,False
16d6c8ce9bdd40f5ba8ec121847f7957,control,False
a394a4d91c2542ce918c2703cedef655,control,False
4439f3beb722414e9d504c016fdde5ca,control,False
05ebd4a094af40b2969bf94a69f6e3a6,control,False
0a66f3b4aa7a484cbd6d243838b8e397,treatment,False
b90f7ffa54e144b28455264e55dff747,treatment,True
a8b62fc19d9746cfbbc4f0e5005d9cbd,treatment,False
af999b3b77254bdbaf41d899f12bb8b4,treatment,False
bf2d5cd481074e169f8684689d6fc587,treatment,False
fb707b8ed03b44e9a97f0c090340fc9b,treatment,False
bbc47755682e47dd8a907488f5200961,control,False
34ff83ba11a541b2a2ff6d02c346c9ba,treatment,False
a093cd7ba60048ff8aea1dd1f7dc2370,control,False
0f8b152b4e084e569e3cc81e2c1c5900,control,False
f8bf84fccd6c418293e326d298a40bea,treatment,False
89f7948ae95f4a378212d522b44e8216,treatment,False
b5ae4db4f0ed43a6a4ada3597a7c9c05,treatment,False
1bfc0df4d08e424a908080c6955fe712,control,True
917947b48f334ee6a7acb6f7de069dd5,treatment,False
528fd41ea7384c868df50778ae4978ff,treatment,False
4537192f4a5f4226af4b5cfd4aed17fb,treatment,True
2dd0ffd51d4e4e4990bdc0aad50e66c6,treatment,False
51e629c5090e42fea677d0b04cc24167,treatment,False
06c2a4aee7bd4877ab4716d5c82be13d,control,False
a06269210b5147a8bf1acabbbd013509,treatment,True
9bb63acca36d42bd8f950b7312f56a00,control,False
a2776d9668cb42e3b5e140f7165cc449,treatment,False
476f187a747448dfb43c15b53c722dd3,treatment,True
89aa5ca0dd914e81ad7671c67d5ddbdd,control,False
ba6fc55bf76645f497466b1c3dccd107,treatment,False
888218efa2b84ed3b1cb4fbe0f0b2543,treatment,False
da21cc9ff2d744479f0357e33cce6445,treatment,False
b4747c9de904403587c138afe1853df9,treatment,False
c4ddd29db093477697f1c9fb4112f173,treatment,False
2fdd002a0a3c400ab7935eceb1cf9a7d,control,False
0bcd8a60b07f489ba3b74f781efd9148,treatment,True
6e6347a55820464c992a068a39879997,control,False
20b821134f9d4d24a6b69f47470509bf,control,False
83040b2c523d48d4a4ad9c0871812618,treatment,True
c7cdeaed7c1b446889d65bc0a25c031c,treatment,False
8b4607dcf2d84f22bd65b18367c3ba91,control,False
c3c16594569347f1930c05768320e456,treatment,False
3872ac508e9544839203f3a2e00421db,treatment,False
7ae00b4ea5e046a086c405c556cef930,control,False
0d80d4f0021f44a5947717a1b21a2bf7,control,False
a18b8455a4b24b03ae0e196ac1347050,control,False
e2fbf60cd8a64cad850568aca2cc6b8e,control,True
dc042f2cbd814dfb8c50ad83884378f0,control,False
0a607ae2f89247568fec323d235b015b,treatment,False
01db78599bd74c86b963b6fc7e6849d9,treatment,False
a555ec2a61a74b32a3b89a27c6b9e848,control,False
0992f418b63b44dfbd72bb3b1004362b,control,False
f80ef4e13bbe44ca80dae967727e24b4,control,True
1848bab044d744bb98820b65c21e6912,control,True
a9ad2f0547e148b7ab552b9a058f1ba0,treatment,True
bafdab5a84204089b7fdf167a100c8b7,control,False
2f0d0d13a242469991a8b52b5337ab6a,treatment,False
85d2c79600d5449db6ffcdf325c1eae7,treatment,True
2bc600a23bc94412a1334137f1b49cff,control,False
7c3b2ab9f9374565a891de6779a2814a,treatment,False
3b8c8c89eb5348809742f9cc375db61b,treatment,False
a5571e786d0b4c2dbc694c7747937123,control,False
aea2ae2f7cbd43cca87bc7300d1dc2eb,treatment,False
ddf307a3620d420a81c5d7cd7b97590c,control,True
f20b65d21c7b48b6b89f3a7b6035efdc,control,True
69e5947596484d5683aba2c2bdb30a12,control,False
d793d1d836514df0bb0a8920346b6543,control,True
2b9d65b1a3db4655aa50870bb35742fd,treatment,False
526f49308c054ff09b9bc9f354da83da,control,False
121d4ae362034cc9a3452989e4baa364,control,True
c992d33197ff4974b37ba4d993154317,control,False
9894171975b141b2aacc80bf07526986,treatment,False
749bf7292c4947f68c16311a4c1e1d61,treatment,True
dabdf0d56c9b4c618d5f244c9151e7a2,control,False
46b1bc2df8a34bffb7c487c59bf46ff0,treatment,False
3981ea3bac6c4f868735d5216d311d50,treatment,False
d4dc611a44a94ef0b3dd53da3b80572f,control,False
1f0090cf30904f2698935e78c8f0ad9a,treatment,False
7929aa509dc34723979112fc676813ab,control,True
fd070238f1f94ca0a8a4448980c6295b,control,False
0162dabd5f77427cbc92774ce726a3f9,treatment,False
328c4fe4b7054399b5f9fb957a81de19,treatment,False
b252c52fa49f43e18895a43852d3c26d,control,False
e5ad40bd47e84439b3ab35d079982ee3,treatment,True
e032c20130934eb4a2c87c64af9f3538,control,False
7ed0b5a080864c34aabfbc024133a83d,treatment,False
2c67cdae5dca421c9873e17e62460f35,control,False
bf1ac684f55c4a0e80cb2fcf6e5beb10,control,False
89ed7b2225d84a049a361e0a79f885d8,treatment,False
3576a518eb1749d98a6f065de711fb76,treatment,False
ae3b39aa9961411b81d0800652cea274,control,False
ca3977266d344405bbfd13f66a230f6f,control,False
5a6c6d901ef1466d98284778992c23aa,control,False
37758b66df614a61aea5a880bc0d6bbc,treatment,False
0901f8bfd4ae421b9055ff7e42603920,control,False
2dbae854ce2d4ff39a6351dd0d65f13c,treatment,False
6d85f84814394060bb20d4d29d69b2ce,treatment,False
f1b3fddeff2c47efa64ee61e2415727c,treatment,False
a96e85e13a874810ad88fabdb2b54aa3,treatment,False
151c5594073248abb3247dd8ab986dbf,treatment,True
769ddac6e0e54237a69a2878d75483a2,treatment,False
542ee2bbe55a4687909b81fae9e0bc75,treatment,False
1db8bcfe031e4aeea0e53326727b0f79,treatment,False
01ccb7e80c5049a1bc422b2fca4e74cc,control,True
616cbec999b446fd95cb61bd73f2319c,control,False
52e7f518089742bc969ca2d43f04ea9e,treatment,False
a3c9abbafdd24533898bb2e962764cc4,control,True
9fabb39cea794614a9ce2a2279342ab2,control,False
7b4a35fe4e5e46f2ba8ac47e02f4c334,treatment,False
073f431954394dbcb31d0bc2a9bb3921,control,False
0cb5582a17be46c7943165fe6b52bd76,treatment,False
3e151ad8837742098995ea6694905260,treatment,False
34fe9a5fe966453ea43867b6c5c016b4,control,False
8c9efbcb14024bf1836806484f1c5772,control,False
f5ba99f63b88427cac6e7c69eb70cd65,treatment,False
d7d2c258f4ab45bbb1e18a316e14b30f,control,True
b3bc9fbc1c4444778d97836038b6c7b6,control,False
a49f71047e6a4f4389056218231fbedf,control,False
88477a6e5dd04b86875a809c3ed800b9,control,False
100301396e03413a9f0b41ea34d24bbf,treatment,False
5b48bf8dfced449e941d94fe00e6e09e,treatment,False
1c7ae95bfd1f4bc0842c18e26533f61d,control,False
35c1ad406e4940fbb95553d45c24ef71,control,False
be87735013274c00bafbb3b43906a290,treatment,False
94f059e6a437404b9528ad881f457b4c,treatment,False
9e267a5b23844429930b42d2fbe3eccc,control,True
4aec72bf4b4e475fabb99f9d8a103053,treatment,False
819591dbaa814698987bc9ffbcba3c05,treatment,True
8b13a4cace2f43e6ac0d0945ba55b802,treatment,False
f7fe17e9b66e41649c1ace434dfd779b,treatment,False
099fbf5e47944cb0a068bbf654e5c17c,treatment,False
958b16fcb14047e68b8404a5bea4980b,treatment,False
e2b102071fb64b968e86d20a3b9a6419,control,False
3b0acbf0030c4069aa830922c4ac6d1b,control,True
7880dd88da69400eb1fad1b6ebf6ca4e,control,True
17a9dc9a0fb649ad8da7fb0b2d768080,control,False
83831fc73c7649a5abe3317c22f4ae59,treatment,False
961b74af6f5b47118185e61854b33e67,control,False
775cbbb5a2b04edba4c5eec2b382c0c5,control,False
7c523714deb241e085f920831b256468,control,False
4128d176b8a34f82aca89d64b3164520,treatment,False
70662ec018e9493fae78655fe00b610b,treatment,False
6c8e42e260674191b5ccec282aac0680,treatment,True
015a4dc1c843471f98230891063c2c1d,control,True
116ffa7d85f545bbb0612b34b3b98131,control,True
5d80be8a95ef4a3eb83383d57ba08e43,treatment,True
bec6fa57bcbd41b68c58eb8c011384e6,treatment,False
2b732d8923c042eab82d5eb22971b3a1,control,False
34ae5020baf64693a7c51d04b2f2a5ed,treatment,False
92f84d9acdd44f9da9fbb8424e2d53f1,treatment,False
215df0762b4240febecd0023d0871921,control,False
95d0f441d7f74fe1b6d1796e5fa686f3,control,True
bf1d018df7c847e492c1bf2c6fbc8bde,treatment,True
74592eda799e48e8a8074aab2e15e6eb,treatment,False
f3668a83d4cc4826ba6d3480ce71ad23,treatment,False
84f8d51ec97c483f91fc590d3d919c43,treatment,False
b5426441c8e74836a6d0c41528126e29,control,False
28bafed9fd954b1abe35203b6303c4f9,control,False
2ff3df81147b436497f8e34c392098fd,control,False
327eea1f7fdc47b8bc755624be63f718,treatment,True
7ae671d9bc484f21b5044ef248397e2a,control,True
e3fad26be6bb45679fcf6cd575d6be92,treatment,False
06f3159a49ba473eaff256ef2ef8fb31,control,False
37c1004bdda54f36ad6989dcc94def72,control,False
89f9eec278be494b87145a50e0ee5cc8,treatment,False
f712851cd29e4ebd8334d4f5e3d49220,treatment,False
de84863b7ee74c46b04de9916972aa3c,control,True
00455d8e9b5f4818a2265b52ea4915c0,treatment,False
16463f587dac4f40bee1bf5d64d7c90a,treatment,False
41776af57d244ecdb178081992d9b584,control,False
dba121b520724dc8b9e966dce134a844,treatment,False
d6579101142f4eaead91a9a87dd55653,treatment,False
a639854e8f20400b96e0cc7a0a4de96b,control,False
b99ac6448218483a9b41a1a30dd0ae1b,treatment,False
41b02b1231d3408aa5c4b2f612f63bb0,treatment,False
bb1f0f2cc0714657a7e2dedba164ee7a,treatment,True
55a82fffd70f4c819698859fa3560303,treatment,False
64549fb8a502422fa602b7a5dc60d9ef,treatment,False
5917f251f04a4048ab024ad50d363f50,treatment,True
7c4bbd99255e4422ba257883e7b51b40,treatment,False
6be8b7a2bf7749cd9bda441b3d032eb0,treatment,False
0319f4ab12d74eb080acad52faf0879f,control,True
2f5c9d05bd544cd7b72159dffad94fe4,control,False
59c14ebd3aaf462e9b312f2c3939ea8c,control,False
95b111266cf64732814c531a36d3d3c8,treatment,False
41c0f49f44134f42b6c17adb32350fd1,treatment,False
2ee7ed3f4e5040e8ab19e6c8b8e23c04,control,True
f9fe01300daa4e29af8765ba2f07bfdd,control,False
00dd6f2562a64b54909b54f9632c129e,treatment,False
3e6637d4d157417889a6c8793220aeca,control,False
7611627751bf45a6a5bf69dbcbd39f3b,control,True
a9e7b5868bd846f28f5bf3acf273b77f,control,False
41a56de695eb453b825fa0c38db475bb,control,False
93139bc1d32c4bba9eead0f401adde81,treatment,False
8396797b73214b2d81a51215c9ece1b1,control,False
b497394814a942be8fa2ecaaf22088ca,treatment,True
fe57dfac0fa742908b1151b9746a6731,control,False
6210f8a78f684d38bedbe292befb1559,treatment,False
ed8d61711c17476db96fe057fc5b9d55,treatment,False
4e99532c837c47d7bcd5f905d101445a,treatment,False
7fe4a59cb9a647298e80671cf4328906,control,False
c00d7baeb53a4b4388cf9912c014cb51,control,False
995bc4a7eaaf4a4a8f27714357df9819,control,False
791d415951054a6595bbac1c7f3d3c6b,treatment,True
4d153b2ca101453c8858c58d90a8e2e3,treatment,False
5b8171c1afbb4108ba467623f013f392,control,False
e49d1ae6c3df44f7bbaa75d2cf012957,control,False
a6f4cb6485a84a23aa21593cde0677fd,control,False
b91bf3119e8548cb9dc9470cb049e381,control,False
74e5e55e37e34e218267b88abc45b95f,treatment,False
71edbaa70c41468aa7d6ee1d932be34b,treatment,True
32bcf457187644aeb4fc5e030cd138d4,treatment,False
741bcfa4b2724a2eae7c103651e59ad0,treatment,False
a8b0dcb168ba4aaf99388ad37becf469,control,True
f074980e9598465da958645b17ab28df,treatment,False
f87ecc75c1b947468215425163d5a471,control,False
ab21cadbfc654f72b9e036309f4092b0,treatment,True
a09322382c7a4ecfab2a5be0bcdf66a3,treatment,False
5885a838fb214af680954a2855fd1a9b,control,False
cabfe70153fb4fb4b13716dbe1e5fb44,treatment,False
eecb71716fb4466c9033be10ed628f2f,control,True
1ee9f200a7054e84b0d579aa2c18ae58,control,False
5f8ce16417bc4a9dacd337af64766738,treatment,False
d7dd4c4026f4444bb4f5be848b18759c,control,True
bd163d87e0534d8581eb6a4225db3ee0,control,False
7ffa445653d5414d8a2d37da452cab80,control,False
97d18b9ba1e44bacac82f95f5b67a5a1,control,False
3b57d1a7e55743b1a90086e5d4b33e29,control,True
39dfa98335d74486b16a7412c2357aec,control,False
143988ca3d684e47b4dc117f654e43d6,control,False
28a2af9af50440f68ccf978243f672b6,control,False
3e9338955d864d519832221dc355e082,treatment,False
2f91260708fa4f8480e851113691b753,treatment,False
29e29ab5732741a080511e0b535ceca5,control,True
c38c413f52b54e80a8daa38690b89d10,treatment,False
ef3be5e476c349cf892fd2cae22d5c73,control,False
957a1a9972a04d6b9d9f03c38404cb15,control,True
eddac9de0b254b54aa9027d35581b480,control,False
422c1260a4f04152a99a51d874c42494,treatment,False
6c869bf25914443faab48c26316fdf2b,control,True
f2c976bb8ee844be89e745d6d5ea2b9c,control,True
70d11f74409845e284435f5ce8c5db86,control,False
b365b6588fdb4037b9043174b7d6f33f,control,False
0b6ba3d3ac9740ee987ead9e7f6f41ee,treatment,False
84a3fac547a249e6b5cbc18e89d7fb5c,treatment,True
42992c3677704fd8880096df00247fd7,control,False
aadb2875dfcf4a179ef5899089f8e004,control,True
9e6fe20f943b476cb79fa774fb10ce5e,treatment,False
6e728571a88c48c8b2f450ba46e3e427,treatment,False
f3088f8c78b04a2cb25ad80937f7e443,treatment,False
b5229eece07e494094b658b68c96d17b,treatment,False
375a78b29065448eb10a0f52a1f7aebc,treatment,False
6b9f10f4cc064a49a3b82cc40bba7e58,treatment,False
9e000f9643234716911a4ad4ab545c13,control,False
15555761b9d543fe9162a73b90300b07,treatment,True
5d53cf262e9f4e169fd7cd3549f144ca,control,False
ba8c4e4dfdef42fda31f004a8207dc57,control,False
d8255b0ac4f845ba993859d1f3e92220,control,False
cae4ea6ff36d4d37bf51b4f55e1c4944,control,False
849efb9d37cb48e28430369755d0e564,control,False
b246bc64817e48bd87e312935acad25e,treatment,False
8847a06565054c439b6e64a816cb28e3,control,False
1c3497f52bf44c5e96f322c5538b072e,treatment,False
763788c620c845a5941ca0aa31fd4b3a,control,False
f3b88800932b4d9385dd7460385a05fe,control,False
2af4f0140c264895832710f8a374d014,treatment,True
f114329581b64735b70080db46f79238,treatment,True
ec4ae3f927924ec6b834fc7d728f3e4e,control,False
8ae3afc14186471b912129adc5405f79,control,True
4a4e4510e6234130931b14f16e66ef72,control,True
6c3f2c79759242989ec81678576b8e57,treatment,True
b72d3d0f2bf14e55a6aeb419a92993a9,treatment,True
aacf57c8cb6b4a93b670aaeeb3f69ce2,control,True
9e92e824712045a382380bf3646fc74a,control,False
d9657691a1f94d44b66d1dbcfe43fe1d,treatment,False
d18e462108014dbbaa6e393cc55bf5b0,control,False
2fe05414dd194184aa5e4e9762e54725,control,False
eaf09c78289047c59b9c95c2988687ed,treatment,False
b5cd9b5efacd4c62bed001086cac97a3,treatment,True
0c7279890c3049568f9cee7f3a994886,control,False
d2c337ab7684438aab500263285f97ca,treatment,False
a2f4e2f14ddf4168908f896e6dad4354,control,False
b9bc70a258af41d984a9d1f05f3dca20,treatment,False
0630f7888c0243f984da0ae1770c8d26,control,True
5717551c5142406dbc21cf853df3ef49,control,False
f63ef70106a249208283049e406d01c0,control,True
06ee33594df74182bc345ecdb22415ef,treatment,True
2b61de285fdd4f31b8e7101e066e6ffb,control,False
3d9d1a414ae84ecf894783aa5f07deea,treatment,False
1494ca9cdad84490ba89a5b8ad916489,control,False
efcf137b75f442ef9c829cd2be6fc5b7,treatment,True
8ac5cc83bc5a4e0da3387884e59641ff,treatment,False
a4210d578d80462ba9eba9e55666fd57,treatment,False
c409df95b11a4df2897d65142a0bab1a,control,False
7ff067459d7a4c43974045ae3cf2f8d2,control,False
a492a763e9ee4326ad6cb5e807562447,treatment,False
e014c4e03571476f834e19a6b96c125b,control,False
f21a2a5c5b0341b3a9c65371c30584ee,control,False
95b1dc2559f64ced9971136428ea5a22,treatment,True
e1e3fde870ed4ff2a30f37459724a303,control,False
b31ab8cef9fa4939acd2a0ad47548586,control,False
5b22b69e1f7043a6850baf4ce9dd4239,treatment,False
54c833d7b60746c4b5ff5d2d0084c5f9,control,False
911f4403896c4ecb960ac02c70eaecae,treatment,False
5f639ef5a8994460af46b913faf480fa,control,False
14b6e56a0a5a4194bb961a3cf9c8aac0,control,True
c385aa8033584ef88ecbed849c259e9d,control,False
d5d7d5c30ed84829a2582d5720b64187,control,False
99678824c1a44e358a2b35a71b5b05c6,control,False
21f699ac2e3c4e6e84f3ff267e54ada7,treatment,False
b4a135a630094e76a05d3eb39f3606a3,treatment,False
69f55fdb4d1745d180e07702a7cdda89,control,False
b7370220a8dd48b3a8ce0520797fe870,treatment,False
18a9b719020547858e1de509ee626a86,treatment,False
76afa525b4c04cba95c2ba8be3501140,control,False
282005e318f749b4af54e6d9939a794b,treatment,False
61f48949fcd64b4f8d347aedcaf148cc,treatment,False
a17e82e350d540ed929693b360cc058c,treatment,False
fd9d14454c75482c8770e5fc97c368bf,control,True
4144cee1449e46eeaf1cf970f8044a29,treatment,True
237456bd1c8e42e9af309ed6ef28882e,control,False
7c821842e25d46b0b4c4d95f1ac77506,control,False
47d0ed7c9dc74bbc95b00daf3ed04b0c,treatment,False
06c7ff0ee99f4c9582d041a4610e7372,treatment,True
1efe791a707c4644a7fe0977e56ea099,control,True
7fa2e8affa8a4b4490f2f841c0bb0686,treatment,False
ce09e23f0e6f4d5a9ecbc8b3b6e3f77f,treatment,False
342ba37b7b9f4ded9b169e0522937488,treatment,False
b092ecc75fd343aba0eb3188b274925d,control,False
62ce2ad8740b497e88bf6e24b21b4e37,treatment,True
1802ef48d87847949ee066bf4a8ec71b,control,False
aa30a3786d544d1690ac71961db05a86,treatment,False
47b557658f3d46ecb658fa17d1dd6493,control,False
d7262047c69b47d5a1d23c6cab543fd6,control,False
aaa1f56704b845699c5419dc97f4d697,treatment,False
88a8234102634d29aafafcb0089d75ab,treatment,True
143ed760a69d4e5faea097319393a6a1,control,False
3e95e5031af1450da0f70a9914bc189b,control,False
6f9acbcfedd54f9c87f9a746dbf5af68,control,False
534413d808854ba59000a27efc574f20,treatment,False
cc1d2fd740a14f34b6bdf64bc8bd1deb,control,False
391d7670421e4782a0397a54daf0a453,treatment,False
0bd576c67dcb4ec0bed670696f229651,treatment,False
7ea0bb4861a44d179216db101ce5fa13,treatment,False
e638339e1df342f48a868a18a7dcbb6b,control,False
39ae4c8b41e74197b469060922df1512,treatment,False
834aa6096f8e44268135220a2447c5a5,control,True
b4b4575276da44648abf8bd913bba6d2,control,False
c353943dd9154b2bb97aabc3554c3eb2,treatment,False
a895b8d45e594ee39bb2e4c9e7064b19,treatment,False
ee75a8ff4a9a49ba990e1990b76d3442,treatment,True
f0487e8473a441139e49e3c8753f1e5e,control,False
ecdf1495063940d1b61c368a01d28ecf,treatment,False
2f9bfecb86e24eb3b03b8c735a9d14de,control,True
bae271bd12174761b66650ce09be721e,treatment,True
daeda51a883840af8ef0141e98199d5b,treatment,True
03d8e101311f43e5bfa52cb0689f3904,treatment,False
067f85b7f37a41ed9ff1c67129288e60,control,False
d68ed6912eb84d56a1005d7cd20d51c8,treatment,False
fc90da6e09a04c83b9fb5a662cd59ef7,treatment,True
63233e78bf5147b6a9d73d76daa1014b,control,False
3053454a77474701a35d679c14873c8c,control,False
35b1e8bb7a7048e4b17f24f780159864,control,False
e450776f7523437eb36ff844ad3ff013,treatment,False
e046d11c5ee24400a8244580847dfb87,control,False
db515254e5f34a0f81f24fd9e1eddd82,control,False
319c04184a57492f9e72dacedcd0e392,control,True
538800a1683f4aa28dba587a7e5e419a,control,False
1a803a8e04a54a549e39a35565873ce0,control,False
70cff7ed7aec453f837a2e9ad2677b62,control,False
182945186c4b46ac89bdcdd135a577ab,control,True
1434b9f21e324999b212a83cbe4f7a31,control,False
1c4d10cbb43342bcb9cbb78a760ce3a6,control,False
32e5c6730849430e8e9daa2b2518c79c,treatment,True
2a8989eba48943e18b1f23589cb70ad1,control,True
85245c58767b4534a65596f27cbbad87,treatment,False
8024db1006e44751a26bd0c5b0215d38,control,False
ffbf1330fc33456ab3e9e9bec990be1b,control,False
a735c91752fa4f1da4b3ba27a6b85dad,control,False
af3fb3a9317a4ec9ba2e3434c944b0a4,control,False
f98dc7c2117048bcb11b70ec6ff5abc7,treatment,False
1d4649670e2d4d109e87c20c22ecd333,control,True
9568dbabad2a440b8ef0201cb6c77d20,treatment,False
f62c81bb23904249b0bec3d46138d6da,control,False
ebd1a854fd75460190a2a38871e18870,treatment,False
87b44ec2f36444b8bb19f899580652c0,treatment,True
7cdd44c10446430baadcff1a4d64aeb4,treatment,True
754cc76057e84dff9794eb40d1e6b0f0,treatment,False
22e2d8a28f6e4defa74ceadc5cb097da,control,False
f5b741c46c7c4eb38db260c9dc90146f,treatment,False
05868f9333804f68805a6a97d7881724,treatment,False
896f3d983adf45af984ce6e9a92544c0,treatment,False
55ec8151c92c4114975adb510d048da1,treatment,False
22e023e853964b9988febb653e468508,treatment,False
fae3285a538c43cea4adab232660d688,treatment,False
fb88b0e7a7024708af6d89859d41e3e2,control,False
031b413da81f427997b9f64b577403dd,treatment,False
2592436a312a4dc69606b74821d82476,control,False
9bd2ce374e9e4d34bbe8efd944c1008e,treatment,False
171b1808bd6b49c591563f8cf3dddb8f,control,False
66c39ef3cf8848dba571c8c1ce5aebf4,treatment,False
b8c329ce124b4051abf755f7a430b5e3,control,True
08af1ca1d3c9490a9049ef9f6ac2a5b2,control,True
26ce7312eb8341dd9938a83310dac999,treatment,False
9eeffd42b80e41f8b7467982dd2d2ff3,treatment,False
593e9d4b95a749119dd8e6a935a8330f,treatment,False
d81cd8f157cb4f2ca436ed35c38b3328,control,False
cd645c78c6fd4daca146a2bff8be2cd4,control,False
7847b19311764aa4b62e9d2d7c61890d,control,False
407d6a94b18d46c0a12593465c68da61,treatment,False
185a9e7bba084183b210ce195a09ba60,control,False
96268f5ddd904ffabe3b6f49cb793a41,treatment,False
969b34b6fab64e6d83c9c10b6b81d3e0,control,False
dc9a73bc15bf41bc94f9fb1fb6dabcb2,treatment,True
436365b7f7b84e63bf676318cd4369f3,treatment,False
a5b3ec881967481da8823a4fd592b6db,control,False
305b08640a0545679d81d2f757b8708b,control,True
c9016783b29f468092f5ab615c6bcdbd,control,False
5455adcf6129406db6606bf3169e75a7,treatment,False
184d1bbda3c245c5857d227f827018be,control,False
42a8a6bc27e949389042298997ff4299,treatment,True
01d410ac8ab448708913bfc998a93043,treatment,True
fad49485d4074ce3a9a5e84a0c0e30f8,control,False
1c4e804b2e4e4f7f8fbdbd0c1258b108,control,False
91bcea8ed8604ff896f39b3038addd43,control,False
482290e61f7f4489b856a9822426b4f7,treatment,False
b3508b11943f4dc9bb55eab9eca58188,control,False
addb9e09cff54ffcaae7fd5e628cd746,control,False
62cb1f6e27d64362bfe9ba5ea0a79782,control,False
d3430a1903184939aca9f15dd9e97300,treatment,False
852a2d44b7344fb18f26871a6f21bf10,treatment,True
01c7f9766857407498631ff657f093a8,control,False
0b914c04e6e4479999a2b26b6c36829a,control,False
ce52a35157bf4b4a86d612cd4071bff9,control,False
15ff8253776243f48a3b4e2cb958fb2a,treatment,True
68214ed6eb9b4d97a4c1fcb172f5fa33,treatment,True
3efadf68ee8f4a8685fa1572106b46a0,treatment,False
c2c4288fae7f4f998528045fb5402a31,control,False
eb4c2753170e467ba52596cef32e7fb8,control,False
d3644e3641e042279b389eb546eb9417,control,False
d36471e1604b40d1a10ed065743c7d4d,control,False
7f5d59b34ada473fa8311da04d465c27,treatment,False
c6504907410c4c379dae6649bd91ce92,control,False
8e7155aaa23e41dfacab17907d1c0f44,treatment,False
b05317d1ef6f4fe8bfbc9000d411f783,control,False
31fe7756387d4e81a59e758f5728e0a7,treatment,True
9b03aabd628341219e7716a5f086bd5a,treatment,False
bae36dc197d241ad9224010c712b8d7b,treatment,False
05a601b6d9664a3c86e4974fd3740db9,control,False
8ab277fbdbeb47cbb551177a28000ab4,control,False
8b2ef6dab7214ab69607ca0d8b97edad,treatment,True
a8d8f66feb0a48d894a358c0999628fd,treatment,False
0f33030d403541ecb73aa10323b8b191,control,True
5f806418820345559d2c784d498edb39,control,False
5600845a8e804e50bf6f693324b1f961,treatment,False
e49261a467b74f2aaee4a97949708abf,treatment,False
fb4b1b4a53784ce5af7d4eddb211f489,control,False
db7f7ace65634ebb8166cc1a2ed5d570,treatment,True
7b7613d4fb8f4999aec63e103b991cd4,control,False
7497033957a6472987dc669ffa529d6a,control,False
8fdfd112a94c463fb132963e9fb9d130,treatment,False
c7ccda50f4344f6888d5221a20ab0af3,treatment,False
962caa09b9d94491977fc4472b537202,treatment,True
0b90d694e1814d0eb0d87900c6a23b27,control,False
8df802631edf4746adfbfc9222b4641f,control,False
be805ee15d24475985f97f39cba6c850,treatment,True
cf11ee236f094a2e88baae71f1b0c86d,treatment,False
085aaffa4cfb4d508b1d796289190f95,control,False
98086ecfd05045c88081394fcbac12db,treatment,True
0be2c85478c345d1a0040e538edc4f30,treatment,False
613d767db1584841a9f487881103577c,control,False
946b3bf5ac9f49e39fab09b20e349d97,treatment,False
aeb7e29a009e495ba789c39e3a6fdad3,control,True
6d558c5d28e4491f8c3d0bc100f8a228,treatment,False
96de93accd0e47cd9af6086a34d75ba2,control,True
56093f026dab476dbc2f7f7c996360cd,treatment,False
da393d9a9bf74e84849fe59bb5d5da4e,treatment,False
d276bcecda944256a07d48ab698b612f,treatment,False
d3fc37ef098f4dfab2a3472a33fea838,control,False
c2d0078196204bdfb1c73d55a053c0ca,control,False
ea25c3265afc45df865fe9a97bfeb6fc,treatment,False
460a85d865b04d66a384f14df22d13ec,control,False
217942c434ac4934b59fef0a9e3abb05,treatment,False
1403b739e02b4ecc875670e54a179401,control,False
d60c4cb0e12740928ff0527a4db48b9c,control,False
931f89ad172445bc9f821d197b3e67d4,control,False
8d7fd2e176c24057aa8f5d4cb204c627,treatment,False
8cb53939295543cc9daba09b124c760d,treatment,False
45b133d095824895993b275a48389571,control,False
0152c5d77df94f3085ce72f1e4b9865d,treatment,True
e79ef1fe3fec4e66b377a7e1af83dfef,treatment,False
ce4685c53ac74d8c89a16b7dba600d87,control,False
500802801fb146df924b08003dff0ad1,treatment,False
b0f80a4f7fe849dba433f3ee756d0445,treatment,True
a9e727fc6b0e4aaf867dd92b81296cbf,treatment,False
3ff0bf0aae404eb782caeaeb8da8af82,treatment,False
8a6dc44e6e5b4302a5c33c2d54828b2d,treatment,False
70c4b9d976014f8ab4b63b5b25e20c99,treatment,True
9220db5cdae34467b212562513bc7a60,treatment,False
fc01422085284efebc08d81937700efe,treatment,False
625e41bde7e840219c3c81224d0e61cf,control,False
6456e12f13984a62a15170af44392ba0,control,False
b999185c469647fd885ccad742ab7f7d,control,False
7bd26d9cd6f54dba8ead0dd27e05851b,treatment,False
0b9841773add4bd193ceb56cf14dd1f7,treatment,False
2029c7358cee48d796a40bfe8dc43a19,treatment,False
7f3bc9e90cae4e1997738215a6cf2cbe,control,False
5416913f41d649ca8656bcad96744e8b,treatment,False
65f946f3537e4aa5bfd9844981803123,control,False
5d276cef537b47f2be040dcfeeb70a36,control,False
c24c2a1870a04bb28fcd2ec594ee4392,treatment,True
4a3ebc59621b40feb4c037bd317bdee9,treatment,False
dfa79653636e4427ad2f25cc01e3b3e7,control,False
1917fec11f9f4eb389eab9bfab6955d3,treatment,False
77ca3fd63f73450ca5c440f77fd47c46,treatment,True
97e9193c8978464ea08ba245f4810589,control,False
5ef7b6f81ece4ab8a0e0f66dfcb3a692,control,False
28aad693621e4f268ae1ad2a3fc87135,control,False
d69d0db0d10a4504b0f5d353a13aa31f,control,False
2946114c5f0947038cc71671eecd7089,treatment,True
db652726cf1e4ab7921abb2ed7abe15a,control,False
83af5ab48c6b4de8b7454dcf7efd6c71,control,False
9c42c50790184eeaac1349896c700515,treatment,True
927421344ca0496b82382ec328783a17,control,False
5edb503e755941ceaf1d63a319ff1577,treatment,False
3840da853c984deda565772628ec63e9,control,False
fa3b99d4b61544a0a75ae7791e84fcd9,treatment,False
536dcaee69f94e89b259c1a513e6337c,control,True
5241f7f465ef48aebc7d7b61a449b7a5,treatment,True
0108081cbd3d4eb4b8b08c2b99089019,control,False
1ce56dbd43c94117824c970e32d7e67e,control,True
9a172fb6520144dd88ca572d829fd3d3,treatment,False
55e15fd4df5d4c5eb165072a817beccf,control,False
f94fab705b1145eb81d7a9bc748280c5,control,False
15ba518b78504fb28d872cd6225d3e56,control,False
2be00e19d215460884666e6b558a1439,treatment,False
295d90e88a3040fdad1b2d54c625a623,control,False
2ccda1a651c6418b8a0f2bb152d19735,treatment,False
9cc2bdbaf2754924b63b5ef77692264c,treatment,False
df94915167fa4e42a84740b9387e3640,control,False
f57b5fa677404ea0bc59f5bd67190556,control,False
5de1c36f7bf44a23beafbc783da70761,control,False
16429c91fb6840c29db4ac964533d54c,treatment,False
3ec932e8c2da4f40a4d2c03fd1d04341,control,True
b74bae3005af4272a2883cfc42374514,control,False
681f2c52e492411991b517c5cb13695c,treatment,False
d7715502a4a74659aa227426269fbf4f,control,False
b478336d06df4ced9e8f87fd76eff1b2,treatment,False
8a275bd3620a418b9166dd412210c14f,treatment,True
3b5f6c95f8024847b1d4b62ab2599ba9,treatment,False
67483089087a45998ec37d982c821ba2,treatment,False
9cee59bd63af4c158cd4ad6041dca3a1,treatment,False
52544b6089eb443fa75e9c5d063d3be1,treatment,True
c90e2228f70c4737b763d38f907a5605,treatment,True
871a814710cb4db985fc0841b9507b89,treatment,False
f3fe6318d5c54e8d8ec84a1bd5b3a12a,treatment,False
499e6223b77b460f823d5e39657f3d6a,treatment,False
93d1f0eb85ba40e7938194bcb29c3d63,treatment,False
321a2e20b90a450c84997e16d0269414,treatment,True
b91e7b570d4b43edad1c7ba4e27cf819,control,False
eba6acd10c9a46148eb08db59a30d40d,treatment,False
69f030b91ffd4d1388b269a8ac7a2ecb,treatment,True
15dcbbd2f1c846d4aec5e86d73062ee0,control,True
2b561d075d404ba888616c043dc82a0f,control,False
f6179a6d719540faaf33191a08aa841e,treatment,False
f0c809b41e7842328edc3d0b71b9b4a4,treatment,True
5992ee54ca274fe58beb5b98c6cb9e2d,control,False
2b89eecc433d4c69a21db3d8048c91df,treatment,False
d6e28bcdce234a0c889e66ede7f5d79a,treatment,False
db0dadae5dd845809df4a7b3adf43a80,control,False
48f90a359404446cb079860d9321054e,control,False
d260d756b65641e0a9e22c1d777d3cb5,treatment,False
c979d42c745242c38483089c01adab4a,control,False
8adecd5235d4429882995e3f9426a143,treatment,False
9400f529a51a48a18a6fc4df4e6bb82e,control,False
3994775123624e7593e6c0a7bb6fef49,control,False
7f11e9128a714900ae24db765d1b5136,control,False
1700813712014b8f8493bdb05251680c,treatment,False
c55c22d9703b47aa8291f7020bed1824,treatment,False
1e6ed0e77b224c75abbf7e885d4e7576,treatment,False
10202d0887b6471f816a936bc0c66972,treatment,False
c039c396fd784f68b32a4da0587afed8,control,True
e6e6d5ae5df44f23b97549e97e570ca3,control,True
e2c8ba0c510d4efbad13309d2cbf88f1,control,True
4b005b1ad9a040219fd93812773dae60,control,False
a84d7f3725734be78e6264d23c943476,control,True
ec7e97285d0d412a88c84ca2617f7000,treatment,False
cd3ebf4ad5f9489598d1e750db7b1bc8,treatment,False
a68541a7970b41de86aa37debacdd1d7,control,False
0e2228e534b34235bd8c8693b889bde2,treatment,False
71de9cd161494651a0d7b9f44eeeba77,control,False
2cdfc47ba1884132b3987f6945f3144f,control,True
c118648056a042e79856deb08eb2eb91,treatment,False
f167160599d74116876bacb4ea76c3be,treatment,False
50482702a72843f58b130ab8a29ec7f1,control,False
e9e9b174024e4fd38ec13d77b3647c2b,treatment,False
fe0fe58042bd4c4294205da59d109ea9,treatment,True
06ecb4971e984bd681178855737329a3,treatment,False
60fd56f52b6b4e57a4c58ee58fdce467,treatment,False
30bc8b173f1f4d119892967a875a48f5,treatment,False
a8d56a8d6db24a9db2833af3abceadfd,control,False
22c94b6a0f7742e1bc67456e3509b598,treatment,True
bcd28c5aba2445a4ad0af8dc1864ac74,control,False
b466d66aca83457eaa4373c9c77230fe,control,False
731d5ce655df4a29a3039c98123926ec,treatment,True
9f966042f3df4b109cd48e4d9e8f9764,control,False
6a20787cb21946f7adedbcbab8ba19e8,control,True
9d756e26f1a44908a33d840e03fda626,control,False
7d12bad444654f4aaf5072bf4d01c2b5,treatment,False
e9f1f6e371844e4e917c5f4475537e2b,treatment,False
14a5275ddb2f40d4a858b340808a152b,control,False
7f6c843e8737447c94094df41f0bfcd3,treatment,False
55ffa688accd493a8c5af8d35cac764f,treatment,False
a954ee07557d49fe9ee3ec6ad50d1340,treatment,False
a090923b282b4979a74cc717e3ad5c52,treatment,True
58809d7038cc4ca49c25370fabd212a7,treatment,False
5ab7722b88d4409380a672bd3aa78c51,treatment,False
3a02ea3c06f04cee99c282f5e01a4ed2,treatment,False
0c05ee3e09c2463aa92381f90720e1d1,treatment,False
ac03d0abe8924996b125a46038ae0f59,control,False
df2f3f117b6b4f96b78b844c09c66dd2,control,False
bea8f2322fb6493f95423fece02bd5ce,control,False
9edff808fa5f4ca9bcf4b77f4c66c6cc,control,True
34933a4fa90f4d90af0f7bad72ae91f9,treatment,False
cf4ccf0b681d499e93173ab1210c64f1,control,True
283b25e6e20b45d4ad47fcfe4339c202,control,False
f597ae9ebeb745c0ad6e68e131a2b308,treatment,True
c466397a8f264329b11c07df738881c4,treatment,False
cc7c8e2d2d6c47609f98d12446e40bcc,control,False
ae694c34e74d43229c5cc8c02b7431de,control,False
e53abc36e4104c2db6938df0c9afe4ac,control,True
1595e2d91ce340479ce644df51101ead,control,True
ba3f45e855ef4a42a70bd23e02f1634e,control,True
7000fa3edd31446ba34f381d98669fd5,control,False
d4d83e3039614eee86402694b48c605d,treatment,False
a28f79d96f7a4e16b44b639d50e60368,control,False
27f3806b6bc640a38c597c36457091f1,treatment,True
8c1ec048aa2e4b09823e85dc3324d4af,treatment,False
7d0efd679aec47ce9811ec5768f44881,treatment,False
e54955955393490ca436ffee7b31487a,control,False
7e7350ebfa874e7881c422be2db4c9b3,control,False
1423239cb71c4da9bafd44fdfbd2be5c,control,False
211fbaee32ed46a69457b0d35ec0d063,treatment,True
115298c9e3fb41a5b32a1fb6435c2458,control,False
4ca25444ac5f42968a97a9fb65d14530,control,True
e11bbf15adf146b98657213de3fc1afa,control,True
c256cfa88f1a4f7ca09ea550867fa20d,treatment,True
40e2635e521b4d419e6ad1266e80e044,treatment,False
ee0aa1ff75a24c06851b175b29dbb16d,control,False
68891057bf844a479c35227c87ed2bca,treatment,True
0092a4aa80aa47e38da8992584df8cf1,treatment,False
723e2b4708d44753af02e1541e3276e1,control,False
31f542ac087040a7aadd01e171e2e23f,treatment,False
d0ad5bcd658449d0b36a56963c1d1438,treatment,False
ef8b326186f245e59d54c9cd948a0ae6,control,False
3cd6a9c27db24569974c0dbe7b10f26d,treatment,False
49360e2f198e4fde8ee322dfca752749,treatment,False
4642ad6ac1a040bc9694efcd43cb2aab,treatment,True
90b0b9b5a70641129df6ead7a03fc709,treatment,True
d8a266f147fc43f4a1cee031028a375e,treatment,True
c220b76c1541433f8fa5c5dd3ccab411,treatment,False
b809960a14284acba8417b507f4708b5,control,False
6e4e2e11d20442b69b6286ae1c1e94ab,control,False
8c07ce44e1f84b8a98f24b1908074163,control,False
bb4076bb523c489a98c965b02ae9c392,treatment,False
588d0f70b8594dfb914d2c1039833c9d,control,True
07b7dd2b31674030acc1a9d2a623957a,treatment,False
392d02bf17e64ec0894e01a364e5e41e,treatment,False
23371df2d2b04d2e8e3c1d1da5185888,control,False
2c95ce291e174f1587573db74c95e1e9,treatment,False
1db138ba817443d8b15d647d14de2c24,control,False
17f82cebe4064a9d87cd01feb1ec25be,control,True
89a4c7de7cc04beda39def9a2da88849,treatment,False
443ee17ef4a74349ad36c1296a373de6,control,False
8553574a312d45a7ab0ff5018792c4e3,control,True
968c094caf64490f8e088b8dc8331a59,treatment,False
bc634e95062c486e970bfa226bd355c8,treatment,False
389bab1384154a4d8dddf334ea232a56,treatment,False
3b760512cdd14b6ba57a3af8db1da6e9,treatment,False
433437bc8c624102af5b0b994984bd75,control,False
4a8fb6b3830a4c21bbc53e38186d8b1d,treatment,True
dbd61f0520b54888836ecc116d9e0a10,treatment,True
98026cf143da41248e41752e3275c90e,treatment,False
fe7c3cf6a3184561b28c913026f24b7a,control,False
22c434008cb9409d86b791e6615d7eb5,control,False
baeeae886dc74248befd00e432be0947,treatment,False
4acd9c92c28b43d9bdac4fa3966cfb31,control,False
550f95a8b4e942788daaa76e58e7d2f1,treatment,False
b9e71aaf9d6448febcce5f985b293bb4,control,False
c3637156c48343098a65f7b7ac58a051,control,True
6903ac8dbc5740e992ffb00585251989,control,True
6f7ce3d556fb4e73a82848b36315386d,treatment,False
20e1e8cc47a54802b4920658355b4a39,control,False
49cecfaad52e48158d4ca3bbbb9f9042,control,True
979e3a901d1147f2bfeb4cdf30a1c4ab,control,True
e60f5c1008b04034ace8fc496ded08b1,treatment,False
7c6485a2a0494c75ba85fba285645b0d,control,False
d53eb0132e59460ea8f59106dc2a1416,treatment,False
f6c6738795de462e8a159177a27e16b8,treatment,False
b5396a289a6b47848605bfaed1df6709,control,False
679053faee074100aad0a3bde3354a96,control,False
b207d44d24934eafa6c6dfbd929eb273,treatment,False
b0212ce5b0944a3fbc795e4fcfdab268,control,False
323e0dd39900452c92b049768afe2ffc,treatment,False
5a97414c9b314ffdb38cc4a41c8f89fc,treatment,True
8bb9b5b534994a95953e75da8933957e,control,False
cb76ec9f2dc04b0495b6f83aa958ad9a,control,False
1220fdb6c418490ca4f5adc840912748,treatment,False
5c5b87beced54d86b2633e879a82b605,treatment,False
d506e56f0de14488b7907769a471f9ee,treatment,True
fe3282669912408eb995bdd858268f1e,control,False
bb60977cda0946bca86b0bc78a96fc0d,control,False
c260ba9e8b7e4620aaa758c5c8d87d17,control,False
f8b267b47b634a16b67378d407d29911,control,True
d21ce9b108c14f93aa7f19062aebffd8,control,False
065d797f774e4db8b0e08a49fa75c153,control,False
65f5b6200f8845e3a3dcc17a4ddc683e,control,False
7170b5824fdb429bb7ebc535d8a15a83,control,False
c1fdfe3b29f741b3ac5b61992c04a9da,control,False
c244a12cdaf245ff8645004f20359c32,control,False
2c7c4b5fcdcc4f7b9e7b4893ac11e6df,treatment,False
af541b65a4064e61b33a050a3255c4bb,control,False
8eafe89c9b98430cba55a9efd744197a,treatment,True
7284e5f1bc974856b76b60feaaaf1bc6,control,False
46c301c2212c465f9e0f24815dbef1ad,treatment,False
6e09e43a9c7445c8b3e5c97edf69efb7,treatment,False
d99411e248a14ac4bcd4148b8e0a867b,control,False
1bea9884fbc5441ebe2ce9fa194c52f2,treatment,True
a97412ec9c314fbfab869065d6cd505f,control,False
066bf62ca0e2483f93aae2840c113bb1,treatment,False
1a8f9069525141989c59d9b72abc9c53,control,False
32851e3458354b9abd845bb92655467c,control,False
b8a1a09cd84448d69c034040385711fb,treatment,False
5d96a7c1be624a508397fcacd3ed80ac,control,True
92a43e30882a4b0298d51e29b90e065a,treatment,False
6954faa652da412cb35d2d16d497f836,control,False
4ff6dd58aca246578f9db3e2a7cce961,control,False
a8667279687946508358272ad48e9c9a,treatment,True
ac5617a1a5bd4bc890dec04dda67410f,control,False
814be6a947c94cb9858f29d8ce8606a7,control,False
a907fe33810c454fb3aa18a54d395825,treatment,True
2cd7e536eb2a41eebca0d1a7d65b85b7,treatment,False
599a4a35277942bf8b8e2007b4f14547,treatment,True
cac28d70860f458d8facd60041918b6c,treatment,False
2931d8744b354261a4270e375f0f88cb,treatment,True
5229a5fdc55c44dfa5200fd6c4d54d93,treatment,False
9d875a5f903543e1a207848cddc7adcf,control,False
3979b73ba0cb4aedb0e27ebfd958812b,treatment,False
0f8f4abbcf50448db0ccdd3a7c9ba86f,treatment,False
6b5c176b6d9a49fda4b1dc960e616608,control,False
1c6987b7bdf44d488f5857ee062cae58,treatment,True
90e588df64334ec38604d6339e8cedf0,control,False
eeee1780f9a045978fbd7af7e0dd9c77,control,True
5d10059b6d6d4eeda47190f28036cb62,treatment,False
27a2537c1365449fbe887b1fa24ba9b6,control,False
90989421a3aa4b4e89344097c664b3fa,control,False
f448240129e9401cbe6ef6bfded7ca09,control,False
95619e8a4aa94451ac18382b8acd234a,treatment,False
4487138702514dfeb49e8d447b44a061,control,True
6457f2f4abe243fd88c54d53402e7801,control,True
3995bafe3157441ab2b2a0e2b07f5945,treatment,True
e0fc6ce7b3d6448392133650e2e7fe49,treatment,True
06784aa632b547639bf6342cdd0b137c,treatment,True
7e2e3d3700c345b5af3ab0606cd2f92a,control,False
2a3dbfa315f34e338ac8b3ea790bba9a,treatment,False
d37bec21e68f455c9cca4a9f92e936ca,control,False
805483d357894b1fa084756a9450d864,control,False
15aa4129221e4493a3d9c7b29aa804f5,treatment,False
776620252e87499e9aab37a9cdae190a,control,False
fad558ef104141da8486fb903c4bda64,treatment,True
7108e32796014fcc8d9184eb72ccd62a,control,False
bc4ddc3dcbab4d8cb09db13566845031,treatment,True
4da0eca92a1a4ab0beba1be5fd17b165,control,False
c3a4d15b5e4a4fc0b7c569f48a3de119,control,False
7fe8e2da2d3541429125971bfaafef33,treatment,False
3a0fc0c6208141fca8e8ae720ae147a6,control,False
3e725a6c93b240bc92dc82ea20f81dd8,treatment,False
742b9c930bf5440082db9d1d661adb2a,control,False
96964a9811344f42ac622f41c6e47d26,treatment,False
fc9bf59fa7d84b6fb051c52543cf2e28,control,False
59d548bdf5f24a48ad1253a5f1d2ca7a,treatment,False
371b1e0baa7f47158d0406f32ff7766c,treatment,False
9fdc697a24274afe9acb72a25c9d5e05,control,False
87cd52ba86714bf69d471912a7e4378c,treatment,False
39fcbd715d9c4ce881c04af60dce04c7,treatment,False
4edf5b340f8c4b5bb3fd3fd2a4c08c6c,treatment,False
4d9b59f66e57440997be690bc1775f2b,control,False
3c40e775c1f94225a1bc835eee9945ca,treatment,False
5099c31133c14615a55e5277687d89de,control,True
68f4de0041e143e892d7cea147bdfbe0,control,False
80f809ef546f4549806642b50e6e817e,control,False
e1578d0622ef4ef7811ae41b73d51b82,control,False
81a736aa6fe449a5b555c6f50e054280,treatment,False
fa42e96b8042471498960d587f85911c,control,False
89d7f89fde1042a9a5b559666265139f,control,False
0f6905c6a24f48d3a986ede1135faf25,treatment,False
968220e8c16d4987a9d1ff59905b153a,treatment,False
6e69b90906da44c1a92800c2171f73c8,treatment,False
000e6b8cfec340598c2536f7390e95b3,control,False
4728dda98aac4cbc87752987b7c94ce8,treatment,True
ff41c1d1a1e6455188844d94474f6eff,treatment,False
ce09230238cf459aa241d187386ed41e,control,False
6c7c0ff5cbbc44cb8797c518fb52b8ed,control,False
7687e908d51b48ff86f1039b0aabd4ce,control,False
da1bb81a0f4a4b68bf8ea55d7f76ab0f,control,True
7fe7543dcb424f6c89b0b0abf75e0190,treatment,False
17c4107466ed4249aafd983b29e1778d,treatment,False
656677e4ed61475d96dad5d8cd8de589,control,False
59fa898577cd4d5fb8fec613e02b447b,control,False
9b6fe585e27549438f2375d0de566192,control,False
9c8e0dd20c3f4d50b53d0243d38d8a9d,control,True
a59612821a874fe8954a321c821be95f,treatment,True
55db530541704181ab073e670e9d1b23,treatment,False
8bc578e712884775acce165b2c872aa7,control,False
7fada26f9bd64e4f99c7de58ea7fe733,control,False
e62de91e4dd4401c8b902d6fb9a512d2,treatment,False
65cdd92626a64025b028ab434e905319,treatment,False
c94134a6460644b782efe32ac5cfd75c,treatment,True
a90e589e06ea43298f474c1a200ff600,treatment,False
78a649f3bec34419a1c836fa7e52be41,treatment,False
6e172cea47d3447690c9e8ff31ffc03e,control,False
bf5fa03f21c849d38e2408bd380854fe,treatment,False
f659bfa90fe04ad8a757fd127a5a369d,control,False
d6488df016194d8ca5e62f99a1e01e2f,treatment,False
b7ee84e0c802415c88d14cbb75268689,control,True
1ac7cca240ec43b0b7389ef53e42f60f,treatment,False
85b7ec2c4be24b898cbf6e6666c92413,treatment,False
56ae312910564d07a8dc90a835c2ffcd,control,False
ad8431be97764671a97562c0d796c4d8,treatment,True
51ffa646f9a047f097da7162a1484307,control,False
bdf6cbf0ad984eb4b6619f2af469ea62,treatment,False
c755898ebf7d46318e7c582882fca7d7,control,False
eafd1e9e101246f5a6fae05859fe806a,control,False
1a139bcf47c14d669656991973f789b5,control,True
fa2467afb8e84902b657dcd22df98b28,treatment,True
67c3b97b44ed470596fcb4f522f58d3b,control,False
6639b48adb894d31bf3bf27f88a3e799,control,False
d814a738f9904002bf3fc4545c86cf35,treatment,False
e47b98fed3744fb682ea0b54d14f8e15,control,False
8e57bb4a90954f1699468496077cf42c,treatment,False
1b7c95b44257468cb8cb2635b670eb50,control,False
d00186efab5348809e066c7b5676f9dc,treatment,False
5752cda03af347c4afc6242b79c3fe18,treatment,False
dfb4065aad804ed898d9f8d2c037760f,treatment,False
f19cf2128c5d4c3bbad3f29eb0f40c36,control,True
57283bd9d6f943778177347f7562d4a3,treatment,False
85e07d393efe40caac42d8bd5df833c0,treatment,False
b1c9fd49da2e4bad9b56938ae0e77141,treatment,False
f25c6f5091574ce3a6e11625ad03b950,control,False
3959d2c480e949329d065e2dd17adfb6,treatment,True
a110ad2fce984538a3f04e819d346dc1,treatment,False
b9b24f01cf3b43979a89f4f9e271d287,control,False
ad1adbf4403b4591a3f8012d1e301a84,treatment,False
b85bc5f29646402783fb8cbf54957bf5,control,False
df32539782a74c8f9abbcbb18d691de5,control,False
ab49c656be624fc389c2137c88095475,treatment,True
791ff62dd8e94defb86c8b0d32d2d508,control,False
229ab699a79b4b8ba19d8347a9588c27,control,False
f6b118a22f044db38c1eb830dfc5bace,control,False
7cb328e857cd4fd2ab1417e19e9eb54e,treatment,False
5de436ca2b804d8baf4ea50fe738a1c3,control,False
90f2841969e2448d89f5e6862812c33d,treatment,False
ee48bd90dace4b09b0191cce04d7145a,control,False
6d23648011ac48708d1d75664b73e404,treatment,False
cf34ed442142412681d4943b3b366cd2,treatment,False
3fc90a9d8e6e4df0b52ade4312786bba,control,True
93476989671b4a7283bb02a4fe4fb482,control,True
9a6eeae7620143fba7f5b6afda16a396,control,False
21c8822cc90b4e0fa91c0c594a6229ff,control,False
c628187b819e42269e835c1edce2b721,treatment,True
9966af45b4a14715b57767727dc26d03,treatment,False
cea5b04d12af4e1eaa71c1c213994599,treatment,True
59f659349cad4372a24015d6e92c4598,treatment,False
cbf1ddc814384bdeb1c608fd7ef065c3,control,True
1ef6d9dca9a34803a1c07a46de28ee71,treatment,False
88abc8518d7e4b008c766d213d86fa95,treatment,False
423a6ebbb89b45e994a8b8d651f782c2,treatment,True
4409396730f641c997da417f0064bcba,treatment,False
0747d9133d784cec99e405bb71128095,control,False
a8ffbb9d7bfb4afb81dca99fc8b41303,treatment,False
8ff46039e5834f89bc3f5a249946add3,treatment,False
a3468306c0c34c439daa6dffeb29f3b5,treatment,False
9504c6323f6f4665bda2955ff0634a55,control,False
ace36ac8b35840fead785363844ade63,control,False
20720d48241649de83c752266308dbe2,control,True
876b9bd740f0431d8f81817685dba871,treatment,False
b5c67fb63a3344c99b3d803a88699d31,treatment,True
1b5dea02132640728e6920206cb39dfd,control,False
613981ae18834d2586230bf068cd071a,control,False
053fcd4b238045d1a1fc0b32e8377674,treatment,False
1d63c4b09a054bc2b5b4995f3bac19ca,control,False
a47076ef153146b69081e6398b764bbf,treatment,False
01a76723e945497bbf9bc45406797682,treatment,True
a919b1f96b214252933803856c6cc527,control,False
82e9d9814d6645d1a01aadc66a5c4cd8,control,False
2834e25b419d4993910229155d8424ad,control,False
032d6ac2bd4b459290361ba2cf6a7e0f,control,False
eb767f3a09c64e959769a29e67db51ab,control,False
ab81fe6214414ca29e91687039e6cda4,treatment,False
01d1b5d2d12f47089f395963f6ca4251,control,True
d1a0534122d44e459623eb39d7d0415f,control,False
e375f1cef2524d898645e2ebcd990897,treatment,False
7e59359f803a49b084c5946cb37c042f,control,False
3bb4a54536474e7dae2ae6f8cfdf3022,control,False
4b26f297aa1b4f04b679a24b5b242a4b,control,False
c9e64b242cb141d8a35dec1722ecfd38,control,False
8d7d61f7d16e4953beedc319defafdfd,treatment,False
f76dd3c0f84544d890f0d2c14bd0250b,treatment,False
e212cb98390243bfb66dc156fc84be72,treatment,False
e57dc9081a19446eac22c9890d229263,control,False
af0c1ca1205b4c93b956c454aaacc999,treatment,True
0fe4366593d74d4a93ccae42e25e934b,control,False
dbd6dcf09cf94922a25255d0db5e71a9,control,False
6d1d232f5d1f4404b02db37e19f34739,control,False
18ab92b49c404f41beeceadaf74da2c6,treatment,False
1018d26bdfa547a18bfede9c690c4dab,control,False
ab11110cf9d245e99422c50b823c870e,control,True
c9ac793aaa884d928e86db00e2b77514,treatment,False
db6106126fe349fda19bfc56624103b3,treatment,False
333c92f2423446f5966bfcfdb66ce315,control,False
4a6029c2e0f24489b93e6142fd311eb7,treatment,False
454c5b02276c4be09992c92c7a364acb,control,False
2a42879abad34d66a8b6f18f2acfdc87,treatment,True
fe6d7a5a795b4283b000e992c5f06924,treatment,False
832d340dfa2748ffb017cde809af4efe,control,False
f7c018df2876489e9aaf9fdeef6506b5,treatment,False
903e906bcf7a47d18da95c89ec58c8a3,control,False
282e49a55e1245688aea40a0a4260708,control,False
3d18c80cb8a0410d97e9d142c997be7c,control,False
3ccb43cfa5cb48b1bd5d6dc80ed01e8d,treatment,True
02b7f6a35e2d4d46a539a99be241711e,control,True
b512cd8d05e14346a37b9dffaa4c47d3,control,True
35bac41e2322441ea653bc35f026d3f6,treatment,False
aaa2d2347d8548a4bcccd4be306ec38a,control,False
1d72d5ae398f46dc9c48d8e6cad9c532,control,True
b8aa5344948d40e68ff86deefb4d820a,treatment,False
18b33a7cba4a4c56b861f8196c816a6b,treatment,True
90c94e92796c44139bee95da9eddab56,treatment,False
d324bf60686844848672300f1fbdfaa7,control,False
97134683b348477499072b8ba091ccff,treatment,True
60feac0b904647588e43134f57f3730e,control,False
41fc16b6fe6d4880bc61f2ab43ae055a,control,False
a35a5f28c0f14ccd936ec97418f6ab40,control,False
3a0ee78df54b4c83991d25b4e709dc73,treatment,False
4c27cbf2f63046beb2121bc142c25f8b,control,False
911e98b0f70541969db921e46f1ae7ae,treatment,False
e758fa793e724946befe30c3b6782a5f,control,False
69f303221ca74eb3a534f9e03a566049,treatment,False
7025812920374ba48681cca3ebe9d52b,control,False
341c1e1c5435472aa1642ba2dce47568,treatment,False
5a930c6f993c47e99fead96cfe034cde,control,False
452189d3f0e448ce91d3c5cc45dcfb3d,treatment,False
8c168857a62d4596a94bca83309174a0,control,True
1dee92058b07400c8216ae4c33ad8785,control,True
47a9dc97e1fa45e9b535076fe00d915c,control,False
81e3bc734c7841918174db8d8d55d395,treatment,False
e27b292163d74f13ad99a5d6d627ba08,control,False
005bb90cd5f445969539e403f98c8e81,control,False
765cb5e48e0647abbac53af787ce6bf2,control,False
4f82e7b17ff34a36b7b3d6ad2db2251e,treatment,False
9e283e476fce4fd286721bae24cc2615,control,False
92b5b36387f344dc9b8ead648063f78b,control,False
239be3ed78254f8cbbe888945afc504b,control,True
28fa77734d3b43e0aa1cbbb2195dd50b,treatment,False
a970666884a5423b913f6d9114df14ca,control,False
237f002ad354424a8e0b01ec4f1a7d4d,control,False
cea5a75f851c461da34730b31534a971,control,True
1a0cd905624a40129fbcc652755620e1,treatment,False
79ae9b15a5204fff8ec61e3175b60d28,treatment,False
79455e1d975d4e389107f053c4b3178e,control,True
9276feda024746afa2484e53aad584cf,control,False
af21eb20243c46938179300e192b184e,control,False
7a08115d7f4d4235b9108c807f4be893,treatment,False
9a0cbedc5b4d4ba3abf39325912aaf90,treatment,False
9ba5514054fc4b1f94ae49286fb7a1ef,control,False
62faf2e7213840698d3768f608cf7dda,treatment,False
dccda5dbde3c485c91233dbbd8227f83,treatment,False
78cc2fcb96f4415da571da4639913a9b,treatment,True
f1e30777f4324179882a3956c5a7a587,control,False
1ef0fb00010541d18d728f6a67ce16f2,control,False
47f77b70999142a186db6cc8f48c3ae6,treatment,True
ccd36470cdd44c57abb853fbf7299dee,treatment,False
a0729864a9f04d6a8b5d222d7164867c,control,False
e6c2a857c2ba4c1ab7cbe7ec31afd4ec,treatment,False
76902bbd851a44bc8818bcccf1c8f168,treatment,True
7bf2b14c5e4f4ffdab9db9959cfa8246,control,True
66ac83dd07d240d1a853eed210f7a906,control,False
b280852df82e47949b3721191734bd1e,control,False
91a8f7c6817746e686233bdf758f01ce,treatment,False
798db2123591402d8ab8aa36956c91c3,treatment,False
9e83f859d65947f7871c8336ce0242ed,control,False
fe1fdede0a3940d39bb743167442bd48,treatment,True
5c6ecdf7a24e46299a139c5532b98ad7,treatment,False
63135d184edf4b7e815ffeea01796ef9,control,True
40e94cbfb5224847b0da1fd06647b6ae,treatment,False
5147a1eb188c4d428c0bd8ba79fdedbc,control,False
09cc2bc6f8e949c49e0c90d30e8ceaff,control,False
ac51a58dbff140dfa3bbc82c5cca8209,control,False
b6a70917c0444326817dd805025599f6,control,False
38b0becef96542d8a98e7523a8f7da1e,treatment,False
2104ffa1b6ea4ab3a2bfd04e3a5a3204,control,False
ba9f78403ce746ed81cd69326ea4a281,control,False
9aaaac4f0dcd496d992afe9f99a4007f,control,False
4fd65448bf054cd7a9a24ddab2a2b220,control,False
19f0a64c0f0648a8934c5739748c312c,treatment,False
230e2c15013d49b0ae2afc93ffbd985f,control,True
bbca36098d6d4801b20d0ed71624a005,control,False
593368f71379425494039b0b624f0269,treatment,False
149029a293e2456eb7b8d39c35d04707,treatment,True
2b09a042426d40cca0074bd1859ad34b,treatment,True
f7d4dfb04f22467b8bef7d2ae00be053,treatment,False
acf132d82a6a4c49a6ad7e5e99ffa97b,treatment,False
ff817da04126404e8790d8ab5f013c78,control,False
40b703d595aa46b58b25a31823251630,treatment,False
3260966f5df84df28e7ded824d03b38d,control,False
1da1e2f758b142d786dbd29137f4f7a5,control,False
5058677fd5564d769a4e1b069d85b5e2,treatment,True
6f8a18e1eb584a7eb85ecb5ad71ce57d,control,False
bbb42ce1395b417ba7a003ba815bd644,control,False
ed468c55dda64d578e141d61d6d81292,treatment,False
7d1ee5f4fcc8438b9153d7a6d70896d5,control,True
dc046af2ad5545e99f50a9084c53d95e,control,False
e738751b69984b0ea5549fd834e93749,control,False
cf530c18859849f2a3531f3c300f4bb2,control,True
ebd81e3ca05f457c97157a0b43de512f,treatment,False
a0d7b4337b764953ab9c66de3e668f88,control,False
aa52c001f8d54f13898e2156d22d83fc,control,False
0fb58cfe33a6495d8dafcd5ddfa4357d,control,False
a847fe92d0c84a5aa96a09e3b3df3cd4,treatment,True
7e40e27490134ca5acec4266671a2930,treatment,False
e438921a7d124f4c83138badd9b656c1,treatment,False
9dc5a73a626d42288a3632757383e3ea,control,True
64221ad504a9405e8481651911ef9e5f,treatment,True
0209e4f609ca4e01a81645b5fda3e882,control,False
e4af6bc24808410a897985c7d8b7a5f1,treatment,False
520a37b6293b453ebd398915b7556294,treatment,False
79a2d0ffa9d24d9583b7770e9d64b824,treatment,True
4d406901ed81400ebb8c98d5a6d69ae6,control,True
7bb20d28f00b4c30809cc6ab2728f4a9,control,False
efbd1ad88e3e49d6895a6cf12678e438,treatment,True
d4a069cc48da4e7389d169369296fe11,control,False
f65fbee8e62840e8a56f34e73535ecae,treatment,True
60b51b55d9c8490f9386d5baa30eb4fd,control,True
0eaa8bc2fc514e8cbfd78a61bb4ba8cb,control,False
cf72a21e84814287a5362775934454ce,control,True
4804758098c84550a4bab8966db00025,treatment,False
505c69c3aad84417905096363e9ef745,treatment,True
66f0f1fc95c64e169c7d28d406fbc750,control,False
929fa649855c4852b53ad5e544c7db7d,control,False
1fddb853ff264278ab7e8805124245af,control,False
0c4701b564e540879b7b3ef983f2e516,treatment,False
f082d7c85a5e49adaece9e2dc8139b9a,control,False
7b39a2c48ccd4d48a150d06c95220800,treatment,False
0837b04309414137a89f0b5f7892a0ff,treatment,False
07611858619f47a2bc0dd1f513bd8193,treatment,False
08261d8b109942af911fbb9c6b0bc2fc,control,False
f5ae2ff7c47f471e837994d975b7a003,treatment,True
402db4c9e77144c89d2ef615645e0bec,control,False
f623a2877adf42d8828084a036c11db1,control,False
e865757d6fba4b62a2f8a182d53a53c3,control,False
81f9a88f049c4826941a3a339fcfea0d,control,False
db4c58829fd4448e9e18a129821e322a,treatment,False
aac859f8baf648f68096b33d8541a358,treatment,True
5eeed334ef1d4b5ca1992820c1305cb7,control,True
359bb32aae85405da5afee3e201812cc,control,False
2ff2619cb9a94093a945ecb7d86be40b,treatment,False
2d63c3f274964639b350871de06be2ec,control,False
2667c42386c64265b228306b8cee3c5a,control,False
76f233284f2e4a2eaf4fc1c713eb7e65,control,True
ede90b274e1345738584a780bb2cd22d,control,False
86acf008eb7e4b36b7d56a74821bd261,treatment,False
86f68c1005564e5b8037cb5b1c29c3be,treatment,False
4929c0585df7495aa3da891257f6c0a5,control,False
bfc98a8c2c2a45e3b5c254d59ae70480,control,False
8728a9c3057045629f9f73ea24c2883c,treatment,False
0e0a17d9fb4f45e5831f994b1da5290f,treatment,False
14be69488a154823b676ae97c056aa4e,treatment,False
0e7137e852f349c080b229c612ce9da5,control,False
21d8960a0c0e40429dd7968d80b301d9,treatment,False
69d953e7d9ca4a66b0c18a73824c136c,treatment,False
6a5d67fcb37149abbab7f1ed838e2368,treatment,True
9c8a2c6339e24ba99a91c8a0e4c1f3ef,treatment,True
e4a272a5c74e4e809bd7ccb5be644184,control,False
e327578c8427493a966f5d0a6cc6d4fa,treatment,False
c34096ffa7fc481780a269d04bd949e5,control,True
4d8470bb88e040d5b9787c3d0ad5cd29,control,False
d0840e3794f2424090adc175c35950d4,treatment,True
de8df795e7ed4b018c5a89bb6a04158d,treatment,False
e7f2124677484a88864c433d7b65d002,control,False
6b7609ed888041beabd673de8a153476,treatment,True
1db88e00bf754cb0959deb0432ccbb67,control,False
ba2be94f7ac64972a96f4769ad31de88,control,True
584305f7fb6a45248127c42f5f9e809a,control,False
3b1e2198d1154f408c8b2a9333802fbb,control,False
f010291e8b104b8d80302e8e6a1cf5f9,control,True
543ddc8ab7ed4a148a713ee253cf5229,treatment,True
7379d3f45e6f410fa5832a527b32a87e,treatment,True
44e2d4e9ea3b4d6c8071c7b3dac6a826,control,False
95f1c5ab506f4b37aa75f2d3b7a5a141,control,True
884c38acc3b5497db85e97261ea903ad,treatment,False
d7612a1e565e49f2bed53293c3ef05a3,treatment,False
ed035b04724141ca8a6a3f89f1739fa9,control,False
ce71cf497573419398b10cc76aefd437,treatment,False
84e6be9f81b24affb3c472f1e9dd4dba,control,False
78d69c840b714fe1905e64fd540e6765,control,False
2c9af4eacb3d4be19378399b240cc754,treatment,False
30f3b508d1684f6f9fe1550692102ad4,treatment,False
36de8c87b1024aa3b0c4319674530fb4,treatment,False
51653fdd52994df7a362a3d08afeaede,treatment,False
a58b5f8c643546eda8e878bbf52cf2c7,control,False
24b2d7d1a1b24d4a92e188831a65e1d1,control,False
6116fbf8245147b19633275d1302465b,control,False
92a5998f66654863a6c13051b8b5aee3,control,False
41d221e315ad46a08368773c78b77415,control,True
6945c5037b3742719a220cd1c7d43e89,treatment,False
dd3fb78d6e49422e85098a394bf22f9a,control,False
d5ee7b06e13041e49cc3a3b90c70107b,control,False
72ae9c17327f4c869ad502f53bf43557,treatment,False
954fa66abb094f8f9175b75c1236f493,control,False
d089b6a22dc8488f84bdf84a3fbaf650,treatment,False
6399cf12a7a64b058b0bf0e1fadbca2f,control,False
50e002e05b2d4bb79a8c0e6817e4608a,treatment,True
033a639f5bec4b18bedaa9194afcc1b5,control,False
7b26ec679100465abdca88f83da9786d,control,False
3c674feacea747f2a1058d27da58a8e5,control,False
579e070d288c46849ff13bcb084222f9,control,False
6ee6b615f770404d8a8bb081172b2c69,control,False
3c39a3adce8143f6a50034c0b9d3d4ce,control,False
0d792a1183b8499d89d77d773c0f37f1,treatment,False
96c6ead220424533bfc8e932e8aa5e57,treatment,False
bb8d70c1525e4ddc98649c76225eab67,control,False
bf4cb9f8ed3040599941ebae29a63a27,control,False
c5782675009340c19c575b3808a59359,control,True
4ef9b2299cbe421da8ac836fb93680ca,treatment,False
dd75986a124f4f71a35e6e603593b43e,control,True
358a7f7ada99459fbfc922d4157287f7,treatment,False
cb82eded02bc4e0095b17cc1cd6160f1,control,False
97e5658857c34ac6ad2051d0a366ecaa,control,False
8b83e8a9d58044769b44e62814e18859,treatment,False
5d88a8eee1634bacbafeace57963ea23,treatment,True
4e478465c0764f8996b653a34dd17468,treatment,False
12a12d5061e4430b86bb96e83ec91d13,control,False
655b184b00c34dba912aa5a597fc92eb,treatment,False
a57a29de650349a69ac1580b0c9b812d,control,False
834633cd22484eebb717307ba98e9c48,control,False
7c5fe0ce114844878edecf7ad102f93b,control,False
0d05580ee9f34304b95e875599c800bc,control,False
6d1cd345c46b480388f0c3e3e945c86e,treatment,False
36b0c9551107481daf84fa54709982ad,control,False
f9b05b749cf94523977b82248c72dd47,treatment,False
6cc82faf7f4c49c193b0008e15be29c9,control,False
26b660d42fbb441089a8fdda9a5cc583,control,False
f4f964212d3d467288cad1f36b80a332,control,True
5f4463d81f814408bb955bc8d2f9c916,control,False
3f6d3c2c2a8f4fca8e9d6a7d0d6c5405,control,False
a7d237fc0c6b4f90a09ee5229b7af4fb,treatment,False
aab4adbf243c43f484ea06ec5ef6a56d,treatment,False
18c58f3654f744f9ab9b5c8c7c710767,control,False
878b2514210d4b9a8cfae7c05fcdb32c,treatment,True
80046fcc87f34271b81512527d186163,control,True
79d85c1d4aef4c88974c59ac0de85f57,treatment,False
8b9a56c196a64a8ca92801e6d2680333,control,False
cd656031cac24083bae716b69d57f0e9,treatment,True
f615646f21d94947b18d4d5fd76f69e7,treatment,False
583b26a435594353b371becb97bedb71,treatment,False
11cdf97c592146afa36f6ab05a7c8a93,treatment,False
c7c1e88242924112a2cc0fd7953cde25,treatment,True
590f014b7074412f85e13cf3e395d586,treatment,False
4eb9bff1112f4d8996c428fd80e66121,control,False
1a12dd17ee6d4d0b8c62ee0d169c7492,control,False
8b5f77868d2444d38288d6b78348f9af,control,True
500e6dc69617480c8b8ef33026994e12,treatment,True
7dc35abd2f8d45c1b9fb7897a4754b0b,treatment,False
c26524b130e74b9e9a9105a1bf42ee59,treatment,False
a9f1c50382a6478dbb034dc0f7b434a4,control,False
4dc050296ac04a5597614394a4e7e87c,treatment,False
9fff263ef04a4ff099076d1f80c2c286,treatment,False
1c698c85a8ae4c229fafb2ee6da96c8d,treatment,False
c78984d10db440acaceca4a35eb42d05,control,False
d4d2159fd5bf42339325f85c331be67c,control,False
61196e7f678b43de85caa96fc1e1c21d,control,False
89542749c364479991d6a8dd8e5977f6,control,False
e8029ab360f244b4b6f0b3d6b97c2e8a,treatment,False
fd28b48d62d54f51a55c7b358a35e329,control,False
210a63af261344449762f1f467c09c26,control,False
081b1f8a9c0d4d878544bc6bed6ca25e,treatment,True
31ebf0ce59cc4872abe8eddf0a918ba5,control,False
a887f3d5231b42439645d5039c77f0d4,treatment,False
c1cf23b69eac4e41ba621e4aef9e8140,control,False
2f388d97827e489ab7e3d7f838c9746b,control,False
476c60367f944360a54690c2c83f05cb,treatment,False
4d4e5c2fdb6943879c874ae174a1b346,control,False
7a68daf2cd33487abb386d6ab395cd0c,treatment,False
a389693571654df4ac8f6a0b87dbfcb8,treatment,False
ec2f152a2fbf42c68c738e14adaa0916,treatment,False
c16b05da913b4648ade3a6834a989b0a,treatment,False
aa20f05b24d948e0b9c5cc17c73b5e4c,treatment,False
d6a42d04c4354f7fb2cd91f623b87701,control,True
7ebcf0550ad84498b1f9bac9c932c146,treatment,False
118c33a8370646ca9f57de71ed701fab,control,True
6d612eee13e34963809f912e935203eb,control,False
0476accabb414e389138f1221942bb03,control,False
fb47277b7e864dccb2b38b416770a411,control,False
abb6696f6b314eb1b1f7ac7183a9facd,control,False
e66c5e79d92043e2ae15862316a24288,control,False
0b8d19be7ac94231b8568135ca0deda6,treatment,False
4a96e08c03d94966b81007b01642b770,control,True
d3d5c3da82b841ffa96d7c6a48b72710,control,False
f748af4ef5f84435995457c4167c1271,control,False
002e53c3dce047738610b6fc4b042eef,treatment,False
e2128c3a86ed42d1ac2d65d16459b652,treatment,True
5d01b1e9a160455b9c335aecfa4b39a8,control,False
62c4b356023a4a8b9efb6d72ed38ea42,treatment,False
62fe3e6222e043408ed2aff1265c3a51,control,False
edf93fc8de2f44fdba051997723413f7,treatment,True
f5245591b3b2408db52afb54ebd0c2b3,control,False
e13f89c690be43fc8b927c45811d61ae,control,False
fe9dca2b0c354417903b81adb88c8728,treatment,False
19e0f9050af44b7bb2eaca455e076f0c,control,False
569f3844b1c14253a79404bd8fa099c3,control,False
3e88fb21a2c847568f794bd9acd873fe,control,False
2c6f656b751b4adcab43e9000f501da9,treatment,False
4aca08dd95ff408cbea5d8aef0018dc0,treatment,True
7f7f969d691a4c1ab699dfb3e5980bf6,control,False
5a26df1f180042f7b9223b3fba6b1671,control,False
ee1eeab9c71f4f3690af2e274bc8817c,treatment,False
91adf92fdd42482db7036e177f484434,treatment,False
a51568cdf2d549588c0423bd1243d22b,treatment,False
744cae84c74949459654a586352ec247,control,True
3d6b45aabc0a46f9b7750f71d38738a5,control,False
abbc9f58336c4787962ba92129fe33c7,treatment,True
56525f0034a849a98c36dc473c5cb558,treatment,True
5c1156e8cf3141599a4a23bf6f359393,control,False
022358a5f5334e50846df8ebdf2bad0a,control,False
54e4f6805f564989aed3e2e46cd53de1,treatment,False
df5c9bf7553349d1b53001e61a505456,control,False
c1352d0cfd3a4f5aa19df8b04d8f3af4,control,True
dcefd6a3e7844b2a963db3fab32ffd58,control,False
906f27979cff47e9b7d729bd15d5db14,treatment,False
b4c2716963184897bbbfa2c52652dbbd,treatment,False
c29e405182334d5cab96b896bda74464,control,False
3c5691d3b7a94050ad744904667af3f2,treatment,False
f830e9b7b91c447fb4357e4afbf7a5ff,control,True
b22bc7341d614d8b928ec57b3477b2b5,control,True
a379726bac2f4de6a2107a14b3df5341,treatment,False
e6f6424bbfcd430db547da94c82b20f4,treatment,False
ae5c68602d834101b3cab08a414910a8,treatment,False
411d7d494fd148dba65a7bc2d8038045,control,True
4104248abf6e495d9639dcb8e8461203,control,False
f1ef1019d8e0458585d4a84c1ad389a2,treatment,False
7bd89d2ef0084e0ab29a1331c3561d34,control,False
8d320420662e40fbac943484a65dca6e,treatment,False
e567a5e2dac949a68a802352e6ceba66,treatment,False
1baadf70fc2b454c837ad42d37479ebf,treatment,False
12385a91af5744b1bea83c754ca1cf37,treatment,False
a9750bf05ba44247a48c965314beaede,treatment,False
0b6739cf0fd146319d72a782ee5933b4,control,False
83a1837dc9d74f5db6b0e7091e656cad,treatment,True
6b68fdbc4fe9456d8e9c8efe617bcbbd,treatment,False
ea62137f1fbb46c2a60dfd3f41bd452f,treatment,False
53f2966c46c44050ababb90649a0bd4b,control,False
8c183500efa2491e9baa6e64722411eb,treatment,False
8f8db82cb7e640f5a8e482ae565d6175,control,False
54324486d479464b8da946448f553bd7,control,False
a1ed826d90f942d096a437baf17e3b7b,treatment,False
5d0ba38c60d140efba2b8819b640dab6,treatment,False
00f4291a4f09485aa46d97ff53513891,treatment,False
9bb68bb5530c4819a0a00fe0211b947e,treatment,False
350246ce359b4511b1e6e99704df0408,treatment,False
a9c2aef2f589428885ed744b33e1da71,control,False
fd1b8d9f5bed47c9b02c35134cfd9e27,control,False
b88e80119d934c7a869d2b6da3a437b1,treatment,False
74c9cc3ed6674675a13d3272109cb894,treatment,True
e566e6d757614748869e5846c6199667,treatment,False
438518572669462ea156173f73806944,treatment,False
451ac6eca2d24785bd75cfe1239cb5ac,treatment,True
d633d050c37f4b32b5976328b0d3e9e2,treatment,False
c55cde495feb4221a53ab5e25c78cdfc,control,True
0fc1e6be6f7c47c8961b21dafaeebd6d,treatment,False
9a33260ce40e4362acfa360cb56a3537,treatment,True
7fa78bbcd8c24ee2a69c3d435b6f7ec0,treatment,False
e96edaa46bb04ead94460ebcdd057316,control,False
88cfaa16753641569b0926e083216322,control,False
d330bb886bca4f869d25515b96aa5f58,control,False
5fa8b97e8e444f6cbd20e7f9e6d6e997,control,False
ac667e99ade74edc9adc213c2f635e84,control,True
73c648f3d1a74b8c8ca54d765d4e447a,treatment,True
c9fddeff2762466aa45fc164a0108fb3,treatment,False
96f2dff1d6fc487da1266c4821755dc6,control,False
d1cde6dcf41f47c2879b563439060e56,control,True
f98a69533e894d9091efd03f32cf0fbe,treatment,True
c1fcdcc46e8043bba40620a5c52f0534,treatment,False
89d8709802f1442596928e28f847a6d1,treatment,False
4de31b2a332b4be08618b6fa62734f7e,treatment,False
5032544b67da4841939ba28acefa6d66,treatment,False
2c960a585ac94809974bc9ab865d43e0,treatment,False
aac082511a364dc6ad99a52b77333b6f,treatment,False
2de86d4d20a54243a3e36fd5793c2689,control,False
84919a00824444b7a00798c5f0be93bb,treatment,False
9e812b065e8246d090dd81f6b1851ca8,treatment,False
6efc096a811e430f950ea7f98ea12237,treatment,True
f2e3fe8c531f4f8ca7b72c6900d88179,control,False
ec9f1088d37c467c87a4fd7bcd05f121,treatment,True
dacef9d02b0d49fabc379f4c39b8e21b,control,False
d3f6aface9dd406785ffec7ca9e7d248,treatment,False
a88712e9e61c4a68b03e9cc9e495049a,treatment,False
bceaf0fb1b7148389a5d4b10b48f35d0,control,False
6612e688e77041d49509bb4a6a143b59,treatment,False
593545d30094442584b7cd9efcebe348,control,False
a38c7ffca14e4d19ab6103552deb1508,control,True
a1444e9807644217a9879e76d266e9b4,control,False
672d2657c68943c9b0675dd687989555,control,False
efec1be92f104140934d7ed746e2e2ba,treatment,False
25f5a3547d7f49d0ad35bee10364a5b5,control,False
bc8645542e6743d6b7e5b251a8158f5f,treatment,True
51412f526c1a40dda1af902ab1eddfeb,control,True
4b78b2ab354547679f026f2fc36268f1,treatment,True
655497fb7b0d4ab7ba01af6f21fe7c6a,control,False
842e8cc61dd24b2bae4ee25d25aa1235,treatment,False
4d98b41a5ae3435b9a4969c056a080dc,treatment,False
4e4e0a00485648db9b42f08f5d5d27d9,treatment,False
47c73f82767f40898cadef97e04afa31,control,False
2fdf6b08c8104e11a2b8d852c72049d0,control,False
39738454ea2a4553ae62f1615b752800,control,False
ac98650f8db74b138973fba2326d1095,treatment,False
aa64ffd8a83d479aa18d33031daec37b,treatment,False
06b43d227bb640b0bfdfff0927e1a114,treatment,True
c72bfe4d7e65441cb2fef8017242c08d,treatment,False
8dbf3cca553249c4902e0dee021ccae6,treatment,False
7b0522627dc04169bb52c190ddb62d92,treatment,False
e4d7432e55b14af89780fe6139be9a94,control,False
6890f33d6ae14fcca570606465ad37d5,treatment,False
9e5661dbf75040bbabf28114d3a3b6d0,treatment,False
e15ac66df16d445390b6d55edd670414,control,False
522e26cf8a9d4cce8f074fb43eff924d,control,False
00f3aa489c704ae7b85d50808fe4c5f8,control,False
a9154d1adb1a47a1ae8d6c628351b8b4,control,False
ddbcca05d0d347db8ad0df2e90c089f8,control,True
d7efb6cefcc54efa9d92a913f1493eaf,control,False
5e75de09d76b408fb85d402f6ddc248b,treatment,False
c5d28dfde669460683cfde36c4917a49,treatment,False
78fb3c5b9870418ebf3314a1bc6a91b7,treatment,True
f5a0922b05164f62ac8a57daa650e912,treatment,True
edea6c1caba741beb27c2a698e1351d6,treatment,False
4bb2b130ab9240fda2921d8246e89ab3,control,False
2683b1e00f934d0e82bb055994cc2491,treatment,False
e3c4510e5adb46f4816830d57062739b,control,False
706506c263cc4ac19148b9f6badb4b25,control,False
05bb17bd99b948d8a9d4dc0a698c649c,treatment,True
ecf7810d35f941a29390335229545f1c,treatment,False
40b8b2e0d3e741348f28464c24fdd92e,treatment,True
54a96e05604146d4b090bf59e20492f7,treatment,False
3f667763ae1a4f8b892acec7454e6dd9,control,False
5fb22577be5f41249ccee903196c826f,control,False
f1adbf82ffce4377bfd72f52022a277a,control,True
a80f98a31caa40dfb7c6bc7fca2c2f95,treatment,False
0cad58f156224cc3b6fdcd9f24c905b8,treatment,False
ad416645ed7a459d8bbce0d8ab5da7cf,control,False
cd41454d3a8c47dd8b2405338cb2b6e4,treatment,False
e9565b1e6d5a43a1ae5b2e68b03fea05,treatment,False
c51d604931a5453ebde0f10a7b1a75aa,control,True
828995c53eee48b5b5702aa29123dfdc,control,False
f4bc0b46d9c1454da76626607052d683,control,False
118e82a5af8e41e1b52ddeca0b9dfce8,control,False
00ae192b1c9f4d4a9a7b8ac5d9192c20,treatment,False
8fff4e78cb5e46f3b1b482af824e9351,treatment,False
013672d7faa148bba69f4506d4e0b69e,treatment,False
275a469292ca48abb7ed185300259551,control,False
6757134f26a7486fb8eee0bc076bff1e,treatment,False
bf0856c6e39b416b9db12ed7cf488888,control,False
5152d8f0529349f28cb2b1fe5ad140e7,treatment,False
1ce5d8fb07354934b5abd17da312c048,treatment,False
a7a6f7b7cc154269804c9a7bc6c8da93,treatment,False
89ddd9f81e9448109b5ec8b51ce8b81d,treatment,True
953673e5598940c3aa3a5fc9004e0a34,treatment,False
f18fec58fd404edcb2e86758c9eac73d,control,True
6043aabfeeac48f09709e8224d93a802,treatment,False
45f34f82112544c589ef6ad22dbd03e6,treatment,False
8a0224f8e0064cc5856f0166a73cb9a0,control,True
9fa80580aa99417f8b82e34d05242a25,control,False
7e71dee86f1d481890c13333c5c85bcb,control,False
c5f8a4b0953849e09b9713d701349de1,treatment,True
65f830fc0c1648a39ba4ec954ebe5bad,control,False
96d491d92ffc4ad79788b32b437f0528,treatment,False
a2834e47e4f3433691f554dd9b903a5a,treatment,False
05e252a222304a96801c382aafcf2139,control,False
dad99662a31b45f6bcc39e4fd2e47f95,control,True
7a5a351091c8439a8da927799436dc6b,treatment,False
20c006c59c7b4c8fbc426944545625dc,control,True
61ec44e3f0884266b046de4718e2e446,control,False
25f17a4e5cc44e79ba998a199206306b,treatment,False
ed555ae058d14c59b2c94827fdf4ad97,treatment,True
68596cece6ca43f9a9fcdf81973bdabc,control,False
c2c4142821e64c49b24e60fbaef30b26,treatment,False
27097cd1531e4a2bb1612746b406a9a4,treatment,True
88f209de0e684369a97c17155c2dbf34,control,False
b0d28780cbb34eb4aeb7941bad92bcdc,treatment,False
dd6875f69525409aa77428391953c5ef,control,False
ee51f21199f8471db2399c21674182b9,treatment,False
1af2108532ed40078f4db6731ba43824,treatment,False
930170149246449b8819eadb3d02818f,control,False
31a218b670c2423b8c6acf471c27456e,control,True
b52b5f33990c4202859fb76d7bff6ec2,control,False
efa1cf3b76fd454f95919d6923e1dcef,control,False
4b611dda552349b9b4bdfca82a9b48b2,treatment,True
be366d8271d24325931f5cb82c667272,control,False
4cef412c57c44511a3756f193ea02aa8,treatment,False
1c693bd6e5f240c89b8d006b40ebaec8,control,False
81937dd06b6e41b08d9376ff9c00a120,treatment,True
724bd4fa26cf4cd5baec5ae5447dd594,control,False
61f9ef178ee84c888f1e48c686aff763,treatment,False
fb4ec5a8f984466794264b6cd59317f9,treatment,False
517819c3f92e49958e39a332454b7669,treatment,False
df70a540336e43dea8880bf24b19c2cd,treatment,False
3c5fafe5fdaf4891b80c6356cef7ca1f,treatment,True
84c5bc9efde74a3ea010df8bd83ac0e9,treatment,False
cf87b102322e475b8bb1c2e3555d4869,treatment,False
d58ddb89f5a640b6a973eff2956c5488,control,False
59e85ed3f35841b79a15c6fd11fe5622,control,False
5b49b8e005384d4f87f9293c1ada6fa5,control,False
231efb5c97214206bb670dde0a6a253c,treatment,False
e55ab8bb72264c4daf9fa04c5a627bdd,treatment,False
26d4851b3caf452f93b8f9172c0054a6,treatment,True
10e5490a6a7744e88149c95e88d857ba,treatment,True
640bee12a5f642be85972f0499d1314d,treatment,False
e5aef3e829bd4920b9e0b71e78f1e0a9,control,False
5914ff5a002a442b9498cc7affd8a639,control,False
36730b48c05e47c4a18ad6a22b6708df,treatment,True
e7f1b5043c5945ff84130c3b56f523e9,control,False
1454328ef15e433b87dccd175cf22c9d,control,True
64c725e52d8546dbabc3bcd04d698f9b,treatment,False
1ec14be8040244ae9e02a87f3f2608b4,control,True
15377ce0d5ef4628a19b4df6181a4d51,control,False
83cfd2c93ef84cf4b5a9eaf6812430ba,control,True
378c95f99dc549609414d402714cbdbc,treatment,False
b9d3204adfe44bcb9a02efdafd71a687,treatment,False
cf529a3d9c4b4cdeadaffe6747b57f20,control,False
4c0ebf6e70da423c84216936feebb98c,treatment,True
359be6fb9ea948f6a4498b77c7dc9298,control,False
1451c1d4b5204a23b653d243f149358e,treatment,False
1ea243ad82d4465a81690e8f8228b76e,treatment,True
e1a8f925371d4d3ca5c56464c9d1d56a,treatment,True
bc7191b83a2840d0a2ac924a470fde5a,control,False
78e2087d426d490daf916be84e22f24b,control,False
f0daaadab60043aaaed49542d2c95247,treatment,True
152e19f2f2db4c57a2285bc2ce80ba5f,treatment,False
4a7b5c9bf6214983be5f18f5e7da5fcd,control,False
39802dc132b6423783ae6dffc6dadf77,control,False
82a604d6c3b245e19f68879314617c18,control,False
aeef1beb5c33424e825286bc6e4fa91b,treatment,False
4a153ab8b8904aecb345b95e8f028b65,control,False
91ce2fecad08468b88a5a646bd697585,treatment,False
821a9ce313124b5c97e28e8298e0642d,control,False
d11b05bef48e4e288a7918152821fb39,treatment,True
139886b8cd9a4a4e83247ceb5058f370,treatment,False
72e1338d88844df39aec96a128e30e85,treatment,False
06cedfa479194607b0a9dff0d0c59a23,treatment,False
26ac6480190041d685b740535e558209,control,False
11ff8ae83b73400a939373a5ccd46950,control,False
02e32e3a416a4a0ba423a27b60d282ee,control,False
875eb82f83c649a29f9de51b395c95ec,control,False
f03764d33f23467c99cc453ef4416314,control,False
c048887ab0154d55a4766c48ab8371e6,treatment,False
11d2ab2df183466cb4b2b0bf669f5787,treatment,False
8231ccc2dd7a4a5daea6b3dba78b012e,treatment,True
439cf063d87041e79542ffcfbf0753b5,control,False
d6f6d194a91e42cc9c9dc7b8cb60981d,treatment,False
3724c0962c2242d6b0f8da4411a18187,control,False
8a24794dd535471e83ea3b82e4e23eb6,control,False
5c5b73b0302d45aab3a489808589f135,treatment,False
b50d0815d2ae4ea9b627551abf85dd53,treatment,True
e996e0f5ff8448e0ab7958966de7da36,treatment,True
c3f72a7489334016af84e312d1060c50,control,False
62c2fa06635e4d53b3df44474264a454,control,False
a2c3da8b6ff240cfae6847a01ddfaf5f,treatment,False
3a17307dcde84780b9593a7d15b76b78,control,False
8fcf7c0c633f4356a0dbaae031af2a39,treatment,False
3f8a39e928cd4319a68152f98b96ce6d,treatment,False
265f82ab4ed343f0ba07f50044978663,control,False
e608ccf00d72490d838281d7bbe05bee,treatment,False
5221b54c984d4bf8997f02762ae600af,treatment,True
e673541cba9a4351b2d70dad27a842ec,control,False
64ac2f891a4e4a4cb66d5405bc19fb79,control,False
0a44d5dc7e5d4a10b0853dae5922acaf,control,False
0318be29d5ff4b8fb5aaec950cf81a12,control,True
9739226b55f1413f87cf264340f85021,treatment,False
215f4e1ef79e4b63b75fa076e8dea541,treatment,False
7b11d32a55c24af28d84b80c1dd6d9ca,control,False
e90b884a9c864925a8f173701f4ce1bd,treatment,False
44e89a5285814841958aeaa138de9019,control,False
083cb000c6664b31a276768684998cc0,control,False
305d399bf6a94e0794760f059954072d,control,False
c12c2d2a3695431da7aaa6f6df8cb181,treatment,False
0435395246c7422cb46ccd330db5558b,control,False
b6e51b378d464d3592b88b5a8840808c,treatment,True
ea2e7cff296c454ea29f1adb36f0c7a8,treatment,False
50b37d9867df4d87b6b19df90a8578ca,treatment,False
754651f791e34479870c96d87feffa92,control,True
26715f6ef9b34f66b5f0e9eec2e06e51,treatment,True
71b064e7d42643809ae3c81bf7c27254,treatment,False
989f8b9250e54aa5a9e80bee1b802de5,treatment,False
93d161245046400aa4ed8444e3af7ac6,control,False
ae7be2bae0c4495cb521433d97f28ad2,treatment,False
1199857974fe43bcb843423976cc6786,control,False
af765df0cfb54312b404f25de463e7a0,control,False
d85fcaf59d4a4e00ae200f55fc81dc3f,treatment,False
1212ceb55fe247c591f2afb87a17a262,treatment,True
342314b5fa9e49229fe3a92d23d04455,treatment,False
1d9e0840ef134b5faf4c0c4fb62dd89d,treatment,False
081460ea8b69484d84507e83d3813e17,control,False
0ea8146c3dc54692b6aafdf90d5d24dc,control,False
b118c54082014257af55e8b0e93f14f9,treatment,False
750a0fa7b1ae4c9db6ae571c49f26d84,treatment,False
ab418dce49cb4d3a924dd8b57612ad9b,control,False
b47290f44c1e4a9c9594278e230797d2,control,False
7b0080b97d1a4d3c9ad21e5b206350b1,treatment,False
bc8f79afa277450291d0626e92dfd113,treatment,False
6e7411ef544b4ea28cdb84c74ef399e5,control,False
adf53655ae6545578dcb05cf8f883d30,control,False
f545ae5bd46e4bb18f6b0f03eb65dab8,control,False
ec27f5a63fa84270b700427594e19fde,treatment,False
f93b86b8319a46709b241fffb92cba87,treatment,True
fab50a97e6554f8599856cf2783fc660,control,False
490e137270cc43cb8610aacb3d1c2c33,control,False
5bc83fc8f9714b82b7d3d7f3d9375b1b,control,False
86a5943a409e45139282c49a80d78369,treatment,False
bf4a9324ea4149b38de22fa3a056ab6a,control,False
4475c88285fa44f1bada924019de1e18,treatment,True
f97c187be17242579ec847eca380aa64,treatment,False
641057140a5b4f87987a3396cbb0553a,control,False
f39d456d301e43b1a2d53378a0faa257,treatment,False
b2766cca71a44afabdcb47952fe187ad,control,True
d3396d741d6c46899280145fad9f6d50,treatment,False
91cbd273b8aa48ccb162f6e11be596bb,control,False
01194d12526346f9861494b9f6bc9f95,treatment,False
91f281ece0cd4c52a098573a75e79ea5,treatment,False
2437b3144f8a465bb312570c0b6da5c1,treatment,False
ca3cd175b21d47d29ba1743ae22aac2a,control,True
35dd653c7d2e4248969a163478e5bb95,control,False
f8379ddfba9847bfac2d944251845fcc,treatment,False
6389c28d9e274acd847778629d85c2c1,control,False
e79fcbbf4f4d48c18d53c16d7f4fd1ef,control,False
0316896c6d474a8890702df27875b7db,treatment,False
7659106d70454303bd7281d3aa04b4ef,control,False
58183f75448f4674950d6da1e57a35d0,control,False
ef838e3690784ff2aeed2c1880552317,treatment,False
41c8410abaee4dfc8a4f02135d86cef0,treatment,False
4a3b2ab3c9c24e429de861dd63e12a82,treatment,False
279434e3511a4225993f720ca12ada4d,treatment,False
d54e50be08214545887a7d92c8cf4dd2,control,False
c2b1b24c1ddc40ca8ae3b103ce1e8f7a,control,False
886fc58526284b06b14852402efe2631,control,True
688dbea877fc4134b0d82c29ff153baf,control,False
8bc041f71f27426cbdbf253894041af9,treatment,True
2c3a0b8b2b7c4334829f436be83748ce,control,False
42a2e62c9526444f94f86e84668e6ebd,control,False
9431e79558b54350bb79b4800557e89b,treatment,False
f54434c8b91c41b28e8e36c6548952cc,control,False
ad37ac6a8f624ee49e8c2e27182aa7d4,treatment,False
e9049ecaac114b2abb89d0c2d7d2c5b2,control,False
234fa997805944bf878c35968bedce68,control,False
662dd9f731ba4d04b362a5ccc0c6dcf1,treatment,False
943cb2e37983404c915be592f783e755,control,False
dd38e2e2af884a06a5867faeebf95e9d,control,False
a5cb21a94c26416b9855098c9fba26a0,treatment,False
32fe9d3e5bc144f5b11c21f50d4f41ec,control,False
1d29ee5d254c42828a709ac208bd5da9,control,False
c19f8b9a4a0844b9b3e7e6fe1db1bbc9,treatment,False
dda0644853414e91ab97cba937eef1f8,control,True
d4c0d0d068184dc8b0ced6b6a3d93d22,control,False
9b1b9b408fc34de4a0ccf479e7754fb3,treatment,False
de6c7593066540e6814f679b0824717a,control,True
8ab8a49cf4c24864bf520df38921bd58,treatment,False
7dfc65476dcf452ebb21bf581934b1e1,treatment,False
8ee852b46bb9484c842dd0080bd61e5b,control,False
39ec3488088d4744b5e4a6b95de468f7,treatment,False
47f315a889b54bed876bf9340794fed4,treatment,False
49f51f3947f94fc0a5230f9612cc2880,treatment,True
d78682c1fcae471faa8c24b39aea492b,treatment,False
5fe0b47bed4c48ce9498038e62e7a57a,control,False
5fda541d8b8c4f1cb1f879bfd5eeb4b2,control,False
b066128dbcad45eba523aa6d36d69752,treatment,True
e5e96081221e4beb876926448e6e4c48,treatment,False
0c2a3c307bb14c3f9b073b135733327e,treatment,False
2a2121fda945486fb7ecafe3f7c96bd2,treatment,False
e04f45c9320c4a37bf2df09c583b40b2,treatment,False
3893eddb8adb4ac1afa63fab36f55ca5,treatment,False
9a656f6e03724b67977f20f87a3625f2,treatment,True
7ad429e8d6a24962939dbfa728395869,control,False
27e22f7edfe04c3d93c9cc69df7593ca,treatment,True
10d37736792c4c05a8fa3b69e8b9017b,control,False
a9823d59f7034d358cccc873d259e6a5,control,False
390b12bee1de4ffcbe202e1a97ec68f8,treatment,False
cf3325497ccb4508bee1620a654aced1,treatment,False
64641052900a4be0aa592d89bbdfa4d1,treatment,False
eb6cae7a0ce943a08f880c33df9c12fc,control,True
9bb8d66f45994052907bf13910ef9030,treatment,True
61cd49a7d8a04e7da13f89eefe06450d,control,False
1c7ba5b1661547109541a762575c22b9,treatment,False
e13063b174864ffaa2e2c76e87f503bd,treatment,True
7f7d8d48e310458b9d504096f372d648,treatment,False
60b887bce6f243bea43234e58004f34e,control,False
fb09e9ac5fcb469eb220f2d9bb83f884,control,False
077bae3eb25a42e7bb05b49d449a3ace,control,True
b9e1051b82cc48999da4df6263cab277,treatment,True
dbf984bb324a46a5964dbfd0302e72da,control,False
32dd64cac51f43458d9bc771bfa9bcaf,treatment,True
1a607a82318f4cabbfef90f5bbae50a1,control,False
c84806afb7404f0894fc1be2bb3c13ae,treatment,False
c4d104529ae047368a8e03aeb5a5c2d3,treatment,False
6f062c7c1a9044968b12dc48e75e7835,treatment,False
cd9ece31bf93413ab634959d34309236,treatment,False
4e679d10f68a4244b76530656d6bd804,treatment,False
103ed2ff6b2d41b7b8c7392826687d1f,control,False
65523e4982e64b6994968ce96a399551,control,True
ab046d0f17974e13993e9005801a4876,treatment,True
32955e71facd42ef9768214d9d1c8a36,treatment,False
199b9e59e7eb4175a37c93486f57db8f,treatment,True
6738362f37d74d7897a66e8de8081032,treatment,True
c343cb851a384aceb264c4e6967f9ab1,treatment,True
b66af55de91746fca1b4bd5acbcbf775,treatment,False
f2fdba7a011144c5b9faabdf5a9d5836,treatment,False
6b44f92aa84c433db5a2b5bd2f9ffd0b,control,False
9f2cf324d5624702ba31256693092047,treatment,False
e3fb0b50191f4577800ffa7c3b6a3e89,control,False
a3b44e6c3a044cf982e0f44e8ab08396,control,False
2074e8fcbbb940b8abc000dd6db50dd6,treatment,False
03c08e4acf8b468eaa319bbb6e82a662,control,False
4af9a7899e1d420486de7c350b3afc14,treatment,True
47933364bd674e8cb243c00d19f6df1a,treatment,False
9ba787c753974a8e901071b72642519d,control,False
1c68c71f5fea428aa7d319e895212797,treatment,False
cbb90d813b024de4acecb45d5f432cb9,control,False
c2d55607df9845658092e6a9af7e10a4,control,False
24f37e19649146e9b497d0f16b9df503,treatment,False
e6cc8af411c042538391ee25be61c293,treatment,False
e49b9e70aeae43ba950590d209bce211,treatment,False
2ad48261a9754b6b89bcdaee874e9d13,treatment,False
5bfd3958fd4a4b61a9daa37185921268,control,False
7c186666055f43b580d0978784881a26,treatment,False
70c0b5f6035e44d793a06cbb6a804f0c,treatment,False
db83eced51564a988f8d857304549ba0,treatment,False
0ac13a801c934d0e97d7e1d882c1686b,treatment,False
85c6c88a1a7542328b9c028a00bf519d,control,True
44b5cd0a2cf343d2894f92be67491231,control,False
20fff6dc1a1d43138b22e2618f4e1d7f,control,False
d4cb5f48f63f472aaecd0a13a6597db5,control,False
6a78827bd24c4ec599ca0c1a7940ff46,treatment,False
3e8a4bdeee504e9284587210e00cd3bf,control,False
d603a3df30ab4a9dbeb7c9031e548c1d,control,False
2e765384399d42f58837bbe10f7e411a,control,False
32674a0729ff46c4a6a344accc9efc9f,control,True
9edb5ce60a684074a229f069f8462a6b,treatment,False
23b79c72ae474decb9c43c4e28e3e9dc,treatment,False
33270cbe86e743d7ae302c1070b9166d,treatment,True
b6d33875f3a641cd8fed1323fa8e8fe8,treatment,False
32e682880fd2427dbfb40ad8a914ec5b,treatment,False
bc94798117494851a50cd28d4e5ccc7c,control,False
9d1d6936c6c24dd2a66147e5ded3cc27,treatment,False
b2ff5c5421a1495d8037ddaeb7353b00,control,False
6c80f3a662434ab0a8bec4fed984004a,control,False
695dec804a414c1e9b06576bb8783dbc,treatment,False
a5e2931c3fbe48d18c90c5a224f934fb,control,True
474d0d1a222d44e592816fc9e55fa76c,treatment,False
e3f6300e2584466caf25d0ba23513514,treatment,True
ae7f820d1b3f41dcbebeeb0b340c6eea,treatment,False
a2f6b40d9b7545a0a69adf275d923520,control,False
31f040bf23c94508b83131bb5afb2ae0,treatment,True
a519626e49c941bf8525c02975a28ff7,treatment,False
21110ef083f1428eb5470055d4c64087,control,False
40aec32d37204c548fd045463de2667f,control,False
550ec6bc91ad4664af7f2fa0b4a7a3da,treatment,False
165fdb8458824c3baedded80fa67cb27,control,False
a77a69298c284618a553b442e42ecf1a,treatment,False
548f49725ddf4b0790c82667b7e91f78,treatment,True
ffae4503477d4e258d1676761b652fdf,treatment,False
b38e2efa039149ecbbbd44f151e3c7cc,control,False
adf64588f35445a9bfb42e318b7b2dc5,control,False
71ba6b1189394771a84235d09ae42b97,treatment,False
d392f00dfb4442d290e7ab950cb5a8b8,treatment,False
4f8042d841b9471b97c8441e43c9d27c,control,False
c4d57ff133964548b28d6924974e59ce,treatment,False
aa9cf17568fd496bb904199f4c5bfd62,treatment,True
5c461f1facc843299c39a04088593f27,treatment,False
b3c4c43be9ca4ac6b9f1d12a6ef2c86f,treatment,True
af6536b4dcdf4e9e8c2f05bbb87413b2,treatment,False
a4df99f0d3394685b9b99d1c8b2fd073,treatment,True
2d22bf36130240f6a21e246332c2bd09,treatment,False
0ea569dfc31040378db32fb64739b533,treatment,False
b8623f4fd67a4c2ebeeaf1de0c1387f1,control,False
4754cfe67eb44bb6a5b8c3af13a9d8c8,control,True
02379f43fce44e7496f72fa50380d157,control,True
926d184e02f44fd9ae8e4bbd34b04581,treatment,False
f14b68ba2cc8493196bba8948c463ec5,control,False
712684fc9776469a878f2ef664331636,treatment,True
f91876ad58d245d6b6f29e560c1df12e,treatment,False
7f551161ef8947dda28bd66ea7b844ad,treatment,False
af36f944805b44faa34631d668284883,control,False
65ba908bef7547dea8c503f049c6fbf4,control,True
1207f1c717b94289b2afab00ce0dfce1,control,False
962a4a73f28648d0bb183de345b447ea,treatment,False
91dadae562b1446fabf3e641d7301d1e,treatment,False
d2c359a9522145bab169c2bf741793a0,control,False
9ec593e630974077bce01abc32ac4033,treatment,False
0a03df4df25e443c8b152f53db060dd0,treatment,True
e91853a6bdac4eb88f5901ff72d9a818,treatment,False
a4548f2f60764de58eabeb0dde6319f4,control,False
1187bb5a5faa4c14a1dfeafb9581aee2,treatment,True
860005daedc04cac885107180940b249,control,True
e85f3970dff849828bc70a896cc22d37,control,False
85bd51dcd38441788b131dc00e2e7cea,control,True
a7bc2ac4290044a7b6676c95d28fa640,treatment,False
bf0b18529e5a4f208aa11e0980e13d1f,treatment,False
2c9c6f51bc57449eacdf23c92cf0dab5,treatment,False
245e2061420c47f98fb485c05f5a8247,control,False
b00949a3cfa74c018e75df950b2946c5,treatment,True
723e3737cf27480c8cd079fe052fa182,treatment,True
f412152e40ad4cf5b1130c0c329482db,treatment,False
807afaf9ceb748eaa4e08457594da12b,control,False
e61f7f21f7e7493f9a94706f1445d3c1,control,True
08c113f3549d47e3b7699cbadcc97755,treatment,False
22480f9067f845e6848c2e0e86ab0aca,treatment,True
3948a6727ea24f2a9845f2a6fa521179,treatment,False
f3cb364714d34a6b8a6955d7e8d67617,treatment,True
97dd7be36fe64b2cab1fdc66c9090b44,treatment,True
487114ae89d64320bc16c877864c030f,control,False
a460c9b94dc04c07879c0514015c83f3,treatment,False
f8d205ca04b747aba0592309bf90e290,treatment,True
6b3a8ebe15f549fa98186ebccdf184ab,treatment,False
1ea40e0b4fc94cdf92928ee222b13f6a,control,False
a5b853000006428f8f4c4e0ebaebdd90,control,True
c84ce59667ed4ffa80bfd60f563458cb,control,False
9204d4973af4468aae67f7ef8e279e80,control,False
344f90d0df3e4e3195c8fdb4b73d435c,control,False
a08ea863059e4557a2e2a8ad506f02ff,control,False
0dd557afdaeb4870b4db63c25528c6e0,control,True
e7e2a9f4fa05446a843832e50978d673,control,False
f001db49f90e426ca329dedd4416fb89,control,False
f71836ad477e4d01aff6261525aa3d4c,control,False
4d71d454cf264511a85910065d3d50ef,control,True
8d1a44e69d164a64a11e517815886231,control,False
a1b3baea12c14bc29642ad48f73c872f,treatment,False
9468c9cfd14445a181134339eb9b14d4,treatment,False
d1c5360ad16d4fd6b676ab4d0a82c842,control,False
c33791f93a534448bb53ed3c518fd4aa,treatment,False
555770a918c64421a07498fd3edd7ca4,treatment,False
f6d66477e0d145958603fac2665aeeb9,control,False
73a750b59240401ab552e83f24d239bb,control,False
7f1f5549df8d41ea8cab0adcde72bf00,treatment,False
4e4c20a7c0ec48b3a804750f3200ce66,treatment,True
f5d2d8adf8d84acc88757a02302e6898,control,False
1fb98c913bf341df99c0130f87c9fcaf,treatment,False
64c7d5e02d4f4f39acd34fc286fb516f,treatment,True
92f6c6e0a881403daec78a4b9539a172,treatment,False
84dd40614987447eaf82573f67abae44,treatment,False
50a7fd28c0c04c828b432b9f9528f3e5,treatment,True
ff53d8cfcc2d4fee86fafb7485b8e701,control,False
78ddeb64c8974bb8bd2e42c49a60f4aa,control,False
05bee57530924690b9819ca7db97c61a,treatment,False
f78d4b9fbd974777834053924f4f0773,treatment,False
947ca4e8d7ea4a2d90367d05344e5498,treatment,True
dfb7d777f35a41b8b42f9e7e9171934a,control,False
4d8c5e175c4944fb8cfffccdb1b222d4,control,False
f5b465a1e2944fb0b29f21b806fbcfad,treatment,False
19de21876ec7485ea4b183bf53d60023,treatment,True
62849043ecbf4dec93bee5c5a3bb7792,control,False
c6cce082040a41c98f043a769678f14c,treatment,True
ff5c4c6cac444f4dbfd3cf935448d058,control,False
79b95b824f2842bfbd36fb3830d759f2,control,False
a1ae76514d114f36852caa1996186918,control,False
a71033e10e684c208ea021ea276c8418,control,False
702effee5f724328a392e704fb422e8e,control,False
d214dcb89de9402db742004f1d05dd0b,control,False
90636a5c4dff4c5ea092d101a0e166a7,control,False
94d5d5bcdd164bd6bb6a854527d33a5a,treatment,True
2e32edef701d4be7bfcf4f45ad9f684a,treatment,True
dafaabf6dbd745b2939f1700af0825bc,control,True
b142051e1bf54f21bcdd150164018b19,treatment,False
311b867c59994ee1bd8d21398f597eab,control,False
a378a3fe829a466b961de442b595e89f,control,True
39d6fbc6fa10452cb7b415b9fb8c12ed,treatment,False
da3e243a548444379897ea8f41cf9630,control,True
43d3cfaee17140ef9127b53ddf7b62da,control,False
5c6eaed445e74fde8d997f7915a9ba6b,treatment,False
85bcd78c7ff447feb4e9cdb181518487,control,False
b1ee23f9d66a4429bfdf90ed6dbe1697,treatment,False
c8d120a06a8f4d53a47e375571e8fdd1,control,False
44216e3da0c44e38880f1144d2ee898d,treatment,False
ecdf1d65c3a049529cbda813a6fbade3,control,False
368e0faa794b4041af8067bb3c499f3f,treatment,False
0b7a791181fb485e8db7ded8673f7ae3,control,False
ce47b897d93345268a93edb3385c2b5a,control,False
740f47a79a5844deaba44ceb955e0b96,treatment,False
2e3b1ed8ffb7472aa4cfdb0ff4e02df5,control,False
f15655f068824575b4b6355e372ea8ef,control,False
318182044cca4734afc12add861045fc,control,False
a5b288e5718643e4a52ad646e5d742a3,control,False
0ba0e4cfefbf4aa9b63dbacbeeba4739,control,False
c74fee985c634e9a85c02639d7fa0a9c,treatment,False
690a76538db9486a838d21bc996ace67,treatment,False
aacea05815ec4d01a5a9b0aab8948378,treatment,False
c860cf27e4614bc992c64b6691637c6f,control,False
f6487da42e8449a38e159bb6ad89bb08,control,False
04bc8f3f7a8944959ae6206503d3bc89,control,False
3a34ca46e66d439b94215fb5c16008d4,control,False
fcf7678da79f42699e234fbef7e1d754,treatment,True
7457eb10a9a34f1094d3efb09fda69d1,control,False
0d95311df21a45848c41caba84893bd2,control,False
f8b28341d9ec4390986742514a546dd3,control,False
ef41f2b4fd7340208e07df1a58a751c5,control,True
f2ce1b511a064248ba5133bf45353e9f,control,False
36af9957ae4b43ecb00b126806e83fca,control,True
b6113f56859d4f309fa92d2359f4c6ee,control,False
18f4c60b9a1f4e0cbe639ec563850203,control,False
b1444c8984c54b9691194835ff017d65,control,True
94dc0265df1c4841858e51011c9c8dc3,control,False
7b9eeb03b95346f090849ac4db043edd,control,False
48f6f3481df44979acc286567c8e4cd4,treatment,False
7e6a212214234a5db72fd4e203e68665,control,False
f32437a237634f7fbcd2fe542eb89f67,treatment,False
66eb4bb5071d40659d7127cc964cd0d3,control,False
59afd9b0a09e43c1aca652cf14abbfb4,control,True
9d5d91c5ec3449ca9fe0fdb634adb4de,treatment,False
ab9c5628b3a145b981572fd4608c61a8,control,False
f9e588c674724a95a000bed1b795b2c9,control,False
a7881786969b4279a246f2ad79b61c11,control,False
dce52830156844bc8bfd92297b02721a,treatment,False
aebba8d299f5423980344d7e60585ca8,control,True
f1ce5e4a9b9f472d8848ef4e1969ab12,treatment,False
873941f00b5f499a897cc9ba0bc66872,treatment,False
f9f1cd4c04a44d5383ef14ddc399c8a5,control,True
939598f79909454abc88b7e5f1ce692c,treatment,False
e8501e2a87a74fa0a1b857e31df2a728,treatment,False
c96405ba93274da48dd3cbd04ff7be37,treatment,True
96fa594681b549359f93fe8ae779e344,control,False
df5249b1b02b4275a78732625af175f4,treatment,False
8279ef8c03254496a9fc449734f20f2e,treatment,True
b1244bb8df504a949b3f5f388879835c,control,False
d2a74ae4fac145e38a8d920a66c2f58f,control,False
7a58e10f81274d0087058bb01ba3efcf,treatment,False
d2bdb9991e8942be863d072845cea49c,control,True
4671d27616a14f8b9cbd015693a7a6cd,treatment,False
8364359c2e5e4104895f008314384c97,control,False
a6fb155ba923452ca80b6ded5cc52de9,control,True
af58869e55334450907a56cef8aab091,control,True
c7a6272312a84456add7c6334875088f,control,False
10172d32d8814e4dbf68b787ecdf2287,treatment,False
ddd983e414ab46f2a907af7f0d7afe2f,treatment,False
dddd4489e2284df7bcbd5cc665edb2cc,treatment,True
fa5ed12c315b4482bd9c499573625ec7,control,False
89c1c92250ed4ce6a3f9c56849fc25c5,control,False
7db28ef587da4b62a81a9771b6d7484f,treatment,False
753bea8ab631439d9b8f348c1f17e7f1,treatment,False
985b5dd3979441f6b05f00331db15feb,control,False
b6f5f82c269d4210b0e8b3d061fb5207,control,False
46bf5655bd2c4f569404b640c00a1163,control,False
529377dee2cc418e9fac040440171674,treatment,False
8455e0fe38d7409ab5b06fd4e3ef6b75,treatment,True
c48603f1200740008af5694de96da96b,treatment,False
0db5b08cfcd24c32a5be2f0bf7b1e72d,control,False
153f592fd72f402bbf4f3b5cfe6f29ba,treatment,True
3437a761429a42328065ba44a010a672,control,False
d7bc4eb729834413b046b7fa5c79007c,control,False
2b5ba8e35a7646da8c71625bc56ef526,treatment,False
ce2800dc168848bf878b970537d40cbc,control,True
dde3c588ebe74306a73fe12e4a23f422,treatment,False
98d1029fee5e41ac88230625ea520f8b,control,False
9df7193c848c4dbf81bf23a6b13d6e5c,treatment,True
5cbaf96528bf4f239a0984ce08936336,control,False
d0147e9796bd4511bf4313a16843614a,treatment,True
65f0205b04cb41b0888c5fccb1bdd74a,control,False
5f992668aee84d7e900b97e35fc8eae6,control,False
f738b17fe1604db2ba57aa34a603d9bb,control,False
1561ed0538154e5691a1bf865189dedc,treatment,False
922b669fe3614f7fb0f7c41198fa0e29,treatment,False
22f427a3cf8243b0b25ad7f7586fa7c2,control,True
a9ead7e9a2cb4604a54c10d47f5ccd0c,treatment,False
b39fdb8cb8ab4774acc578518d8a985c,control,False
3ed962cd9e9a493bb6da37f5131bb3b4,treatment,False
6b2483c4bf814f058b4fc5932987b954,control,False
aace918d26f547dfb896b9cf598280ef,control,False
fc859f6df2684905a71a0fd1715f17bc,treatment,False
6b0ca96f95cc4d23a8ef2910faf420e2,control,False
99c50d186ec0492da5d0b27cf42489e4,control,False
e9c3b793ae5b4f60a38f2c89780aba7d,treatment,True
f7b45b79d9b4477c89bd1fb6314062f0,control,True
9855bd0a5b024c2c9cb60b4cc158cefa,treatment,False
b3afc480a74f4b00a5bdde63bd8da3c5,control,False
3d869b06e4204804921178ee533c793a,control,False
7e8be000849d4c14aa818153cb625b06,control,False
7229d83f1801467fa59640421e51211e,treatment,False
671e0105325340ee9ae9e6baf4f0ce2a,treatment,False
2d46dd15dc004664b15eae56b234728d,treatment,False
fb895bb10bd349e6bafca8f95880dd68,treatment,False
1745b5b6fecf4206a95808d52bb39d03,treatment,True
0bd2275c8abf4384a70c973bafa5590c,treatment,False
a3c370c4432f4007a69df4a1be08425c,treatment,False
44467a4d167440e8b37ed38d3d863710,treatment,True
597a9228bd2f42cb95b9a7fa1366a5cc,treatment,True
92c1da582020492d9af38e7d05663983,control,False
f5a6264c1d284c249083f7ed181fd73e,control,True
3f3b2610b9cc4d019e8321c805b7246f,treatment,False
961c4c8396154ccca276d454b970d585,control,False
a94a9e9231a74b888ec4bc35adfc3a82,treatment,False
59cda901b8124a48814c2f7f8ffd9bb5,treatment,False
48c404d5e29443ea9c2223f6f18ef48e,treatment,False
c2533a02f1014af3899afd9017b403b7,treatment,False
c51ba5cc3707427294d4dc0429159659,treatment,False
6ab08bf8a5b446379344294a18690883,treatment,False
92b46871ff974842860df3028453524c,treatment,False
da2fb0d4f7674fa188c897763f3037d0,treatment,False
6cd2d66fbd944d42895e102bca48edda,control,False
a139209f031049079f29ffa7ff2501e6,control,False
68e8c8c633df475d8b5ab76b28d21a82,treatment,False
4f8d71a0029a42c297e488f90e179363,control,False
39ba90be8cef4df9a5eb832fdac30c2a,control,False
eafa4d5e85c242b0aa0d97e07cb1f9d8,control,False
3cb3e0f797e94c43bb5d9bbf6c65228d,control,False
57040ad603a5477283740805c172c53a,treatment,True
97b850bb0aca40ad84b28bdc43d30ba7,control,False
051cdfe4e1124b8b916166096a3b2c56,treatment,True
a2e4a326ead1486eb97f32f04f016a54,treatment,True
d837b8b854ce4b2cb6fcba9bab046381,control,True
97dde2998dda452689f076900b810992,control,False
04f397e5eef14aaeac3dce61b51d27c3,treatment,True
c22428bb8c0b46ecab8d01f349fc9232,control,False
16093f9f04b348ab83339e9f603a0dd2,control,False
8d3f0ae47ec74704905952bfd5c20ccc,control,False
b1d25a393831442a84db4820a9998391,treatment,False
1364d1c573d74912be855dec9dddcaa9,treatment,True
59227393d73741288ad1dcfc96e5623a,control,False
958a83cac3594431804d2a356c28ec3b,control,True
8f8bdb36ca024e7bb99a462c6c093991,treatment,False
00f25c39a2174d919cd026884fc95459,control,False
bd7e933690ba41dc85a48385f9a372eb,control,False
dcdf996196804352a1946f377c322f1f,treatment,False
b39a8e3edfa84bd29f3c252dc9ed3a9f,control,True
33343109fe4f46a9b9505640992b0ebc,control,False
626645f998f942ec9cb46d015411bea4,treatment,False
0cf4e1c0dac54d3b80dd02c25208bf0a,treatment,True
c37e60f7b73d48558ff042ce1bdb4095,treatment,False
db702384c85546f3bd889471e865c6a0,treatment,False
4b78e8244dab4286b607b02ec4cce655,control,False
01d2ec34b0954c09aba59f0645aae9c8,treatment,False
62b7f68bfcbe4a1a8769ef9b1df0fe75,treatment,False
55d7b62d836d4450a36e53ae408c63bb,control,False
48b109508360425db8ee580d8c88c92e,treatment,False
a7aef22444e04996b8640d9b521fdb1c,treatment,False
23b2d595d8ef476386f615b54bf139c2,control,False
d1c42abc03b740999b4a82a434fb453c,control,False
52fbcff0306643dca3011ae9f345ffdf,control,False
f2da4e66ba46411bab938eff0dcf7c1c,treatment,False
14dac4530093452eb78cbd476785fb90,control,False
055e41ef3b1f4f58a4f1f40175a068d6,control,False
36b51d7efb674b268c1057c7080329f3,control,False
f441683cc8534d009b3455ff4ae4b7f1,treatment,True
cec967946e1642039fc0a5018c001d2f,control,False
25ad9b492ea749baab943ad5c357883d,control,False
a9152a9fdc774042a618f46006c521b1,treatment,False
9ffee340cbd04ba394e5a75dbe44d63d,control,True
4a61999bfccd40b8b86b0abc4f89d05e,treatment,False
f01287d2570a4a9892ce7e5d40a3a005,control,True
33f9b7be399b416a92472a04634aabb8,control,False
ef182e5429e74ef795157d153681fce0,control,False
9f2a42ceb78d40fd838d20f5002e6e36,control,False
8dfd4a7c3d55427e8af2cbcaba509a49,treatment,False
304d746065784da2886f824df503793b,control,False
83128dab095246e6bc9522d9392acab9,treatment,True
f1fd5b7cb67e4d3fac575907f3eff599,control,True
bc1dfb6cf1854000a2d455af92dc7155,treatment,False
f80ef1f6d5c8423298688de07e4aa568,treatment,False
a1295320c3a1452bae2849454ad1a06e,control,False
695ea3a0525b40a8ab4e2b9385780ac5,treatment,False
af74c1ae861545b38eefe39c6a137876,control,True
ff3dddffe8064909b2cb4c3840fc9c98,control,False
a754e36ebcf74eafb735a0a237744c1d,control,False
23c48bf2334e4daca71355c2b92580f2,treatment,False
e76521969aec46169e0c7262c4ce4946,treatment,False
1dc804639dbd4beea86f4ec8dcea1131,treatment,False
7d231c26951548a383855f1313c80127,control,False
fa3164104079481c855da89a6da97fc6,control,False
f658054c3bbf4ae998cc84f8e3e5d122,treatment,False
f2ec7c88eecf4f9dacb48a37851571af,control,True
b9300887d7ee49b59852999d9975c686,treatment,False
34ee7fd2394b435599db80c398a0d88f,treatment,False
161c8ab1bae24e55b5dba5d5e049bf25,treatment,False
3e88333e8745499f8f9f51a9851c1ed2,treatment,False
36706b31fb9e43a9bde10e4b8851de7f,treatment,False
5cea23a8e543498e97fb6cce8ee21c4e,control,False
77df6bb2f0a44bdc82c74f5e69d73301,treatment,True
ee3d4876f4a94cd09bd3e549c50677e7,treatment,False
32e53c73ea174268bf4384ba72124375,control,False
e1482f5e7eb54095bd35a077003a2f54,control,False
370690bf9d914473bfc296d5711569a4,control,False
29a771bc15a14f689d91545620fb7491,treatment,True
30535b1c205f456582613fc82a5ea299,control,False
2e6d84707c254b6eabb70c3508ac1646,treatment,False
35d9076e47fa43788f1a71405244e912,control,False
7dcf58883f944138bc54340d67dd7eb3,control,False
53bf00462bce4885b58cf79971639bbd,control,False
58e915d9d80143ad9211443ced263819,treatment,False
6dbc892e544c48739eb2f7873a6f99f6,control,False
37169de53a304fa8b2b82bc6930e3ade,treatment,False
daa88b9608a7462eaa13d6fe70190078,treatment,False
dc0b4859235d4944914ce63e3201c637,control,False
ccea6c4b81784148a806c20b70ef99ce,control,False
ce38ec33ad834b8db1c78dfa2273fd12,control,False
3830c3f4f49a4d248da2b556108ce17b,control,False
edc33fb1a7724a08a88a29c6e23212e5,treatment,False
e2c7fab0e2d344af82f9ad580223b0ba,treatment,False
882a787abc054c1f8113ede4ec7350c4,treatment,False
bd90e7ec30a1423f84c46272e958465e,treatment,False
8de295ab122d433d8f4fc50680c9d306,control,False
9c615d6a56ab4f82bd6c008f7a5c1ca2,treatment,False
c0024a54d4ba4ea2903f1b21e7ec4689,control,False
b4ceabb672f74ae0a66315ff74af8b07,treatment,False
69e38e81a7df422b8cb4fbb2f743763b,control,True
6feeb7d1d1b14cbeb92d3920023e1010,treatment,False
eb8a8cbf22134843ac92b70abe5e426e,treatment,True
5884d7d9ae2147d6aa82bc1ba9f712c0,control,False
67aacb4d35834531b24679e47edb0554,control,False
92f00a76df4845139fc02cd66ebf9e21,treatment,True
4f374d5be98a4871ac03faa619d366e0,treatment,False
a2f4abb0aeed4fbdbba5db6b76a4ca93,control,False
4a4e804cb8c74316ac73773f1f4b714e,treatment,False
ab83b956c8d74383bf9d552093e434b8,control,True
4d185b95f7454da190ac2d048b447821,treatment,True
dd3a8e4730024b16886c9213ece5ee4a,control,False
fd94bc8606a042388a84043dd77e4be6,control,False
f497b94e12c54ee7bd9086b9335de9df,control,True
031b91ccae934e78820b1b4aaa0ca008,control,False
f455dcb789bc4b9f9e6e0c9d2b10672f,control,False
a6403562db8b474fbb6225b58c2b0200,treatment,False
0d09943f441e49e9bfeed3cf78ab483d,control,False
88de73d325b94d10b8be81aa5427c72c,control,False
e891edf647134de5b83a5d4faf82dc53,treatment,True
a93ef4a4b6fa4b6caa808927c7c6c836,treatment,False
838664b5e6d149839a4d4879f0d125c6,treatment,True
4847021e17764de1824a42ff64323c05,treatment,True
9fcf13b87313439f8910ec6f7ab962b2,control,False
797fcc0e5ed844ae8b4a4c5076a5a3b6,treatment,False
ebe8070a6fb54ff1b612156afbf92a86,control,False
9127807c44094fdabb1609e2bb58c987,treatment,False
f4c863a3c7064cdb97963a368ba9e678,control,False
944fa72a411f493985ad88cb1a1ea4a4,treatment,False
67d07dd3f44f4367a89dc0bf5a7ceaf6,treatment,False
ff44fd6d028e4be5992790cd020c40f9,control,False
419f9f8ffa504e988c8ee3647d39be02,control,False
6951bbb97fa141c29ad68e6d10704b43,treatment,False
08a6ade8af314024ad0e25938018b37a,control,True
c1fbd3989ea94b428d4619719d723ab7,treatment,True
c0825ea19f9942f0a5d59fe31f9ce826,treatment,False
54c44e14104f4d2499453733cd5631e2,treatment,False
9584a43035434c26b8714e1b53ae8645,control,False
dea94030581c4206a3034d612426986a,control,False
3ae6689bc6a54a49bf4ef6969bf81dd4,treatment,False
7b1be5abc5794566831767bd7c9be2ac,treatment,False
fe2a3c52217e4e8ca2a7257fff071f2a,treatment,False
783575609b55470799db63e91b339dda,treatment,False
9c3fceab6cba47849bb67366e9e63318,treatment,False
4fa14c51360f4537b8477d82a701b26c,treatment,False
bab00c1b5b9941a0b0624a711353e4c4,treatment,False
8ff37cb40a9249018e7d9561643c30bb,control,False
b33d35a2db1c4381a42f266d5d7adbe7,control,False
3e1e902e389246d887c989d90163b0d1,treatment,True
45c41f13de4b432ea6dc5e46b66e8ec4,treatment,False
40bd4aa262054a00b2b2edb32b0b4a15,treatment,False
da8b919c832542c0a59870e0f89a7985,control,False
51643550ab454c27a690f067aae1f6e9,control,False
742a97e12f90489ebb92431c9efe9a4c,control,True
423295c458b64863933e7ebac2c9da58,treatment,False
a7d09d1403be4f229d2a20ed3150f4ea,control,False
40fd82276864457aa29b3dfee0a6d3e8,control,False
57c2ebe61f6e4b38a5c7ad5b5bc66846,treatment,False
4ac59e319f9145a98513536650ab9a97,treatment,False
6562d5252c0e41028b9eed745632fe8b,control,False
e63dde1ee81b45fcb22f3bd9bf68c929,control,False
3e49d8ab6d6e497ead02643483bd7c40,control,False
99104d2d87534a08877406f9436e44c1,treatment,False
b7beaeafcfa84c36ac2973172e019f10,treatment,True
4f04480c6c1c44efbc41fe153eeca939,control,False
0af844a4506145aa9c722e5f7e63cfd4,control,False
047416e76e6444fe9d25e9c93401503a,control,False
e014751f66df4874890e5ff18e33d9ef,treatment,False
64f6431a51a14ba8ba95b3b0809a73fb,control,False
7fb469a1f1084e9d8a7d7b9760af49ae,treatment,False
1da5485895e346499d0dee1a273caf86,treatment,False
528a167030a042228b63831777cce85f,treatment,False
2926a80b35e049c88ec7aa1e78772566,treatment,False
dc75244e62a24505af674ab08ef16e40,treatment,False
4a612da62b8242cd96957a5b95a186fb,control,False
c2f4bbdae486490f95b9319f34c1f6e9,treatment,False
1912ac9a2f4949aaaab3d505cf12a564,control,False
8d4d56a1aee44d7a9a78e3f0383b8738,treatment,False
de05faaf176449a59e3fb688039821da,treatment,False
3173d355376a48f297fe7c0a02d3cc28,control,True
7750762fd49f478c8b8255b2d584a3a1,treatment,False
4c8b18d33efe4f5397870dd77d50f233,control,False
c18603730d1240d78425720ec7331216,control,False
effdd6bf589c470eb6feef4a54444372,treatment,False
58524617050843d88c3c101548ac30ac,treatment,False
854686c238654f3e8ee101f3177d7422,control,False
1dcc9c03c77542f09415f444c1673aee,control,False
efcdce0876a4494f85f090fb36a01e71,treatment,True
d7be5850252048929e01e772c1f52006,control,False
c2689780d28040aa989712b98b67f8d7,treatment,False
9f71937010094cb798319ddf097fc7e8,control,False
935bd7f84ec74e6287dd79906cfe4563,treatment,False
71866eff0a324238ac8d58573cc24e21,control,False
d0a045dc282e4a4996bfd27474e8f6bd,control,False
59a6bf08eeb94fd7a30ff050160a200c,treatment,True
6e8783321e0b4854a8ed01e028831ead,control,False
acdc3bcb107b4c2b925633472ea3e45f,treatment,True
ad0b42bb0e424ed58e3057e1464b6410,control,False
4a6387eaf0f041639bfd759d2e773c04,treatment,False
c58e3a0f3f41459bb152d8aed6eac961,control,False
50259e8559fa47939a8ff581e9421310,control,False
9e7b0ea7caf14f0189680578adf6dc5d,control,False
296a3b3fc0e7443ab00e63db0ee90fe8,control,False
78279d30279a4fa28e1ed074570c941f,control,False
2db33443406241a28fdba9efd93517c0,treatment,False
3a6ae5d59e644394a40df0f1b932669c,control,False
ee6aa35c0c3d4a41ab95bf73dee33080,control,False
2cdbaa3247ce4c9d8bcc6fba784b1a42,control,False
6c865b22c8a742caa9b3df3d66362b97,treatment,False
27b0f7f76b45467398917af78b8fb358,treatment,False
701f24b8523c45ea812f420a40e64601,control,False
2da957d8aef44f6b8e3f14a461202509,control,False
