userId,group,converted
a5a178d8725240dda10680fde7be89ff,control,False
f7f0e56f44744114be2ff42911eb604f,treatment,False
36b4e919ed134c928d1915c5bf4e99e4,treatment,False
9b9608e6a4754c118bc2792c18bba0c6,treatment,False
dff2f271ba55486895c1669825945a64,control,False
7417431f47a84fef863b2b784e154329,treatment,False
769884f2abaa47c48096181252f67e08,treatment,False
5757c0125b804eccbfd0a48200a3adec,control,False
c029807a9ee544458c66429d1f6adead,treatment,False
a0352d5861fb4b4d9e92f262272c5033,treatment,False
2e9dbdb7d7a9449a810114319b42639a,control,False
8fbbbdb19485405f931a463c57d09bae,treatment,False
2f9f35cc232946b3bad8c4055a8d89f2,control,True
1cb6ed13975a4a81aee9eeb2eb86437f,treatment,False
3b762af65af841728237d51a41a939c1,control,True
a088e61e31184ad690ca0dba5bd8c8fc,control,False
2470d720c3044b55a5f68be1e5fdd626,control,False
8a49dcfb637848388aa917f9631a7ed2,control,False
84b79402242d4059b2bc05e1fce7f75a,treatment,False
b0f039981f7f41acac599c47846be0eb,treatment,False
5bb3bbb5b88c4f25bdeec5ebc7e24306,control,False
471891c9456642feb277734e871bfee3,control,False
4ee1c23f81304459ac2c5b487da34629,treatment,False
7c2d944f21184e37b5b8d551f5355dfb,control,False
7bc1891f8d114918aa80dc9d7b383ea2,control,False
ac9a2d72b15348b78797107be17bab5b,treatment,False
ef941ca8618e4788ac0be9aef7ab3698,control,False
3c72a760966e42cda3e3133cb4d28964,control,False
83b8402ef29e4d88a9c5fef93098dfc1,control,False
3fd447a151454508bc789898bd05ba66,treatment,False
408c27ff6d424ebb944809116a31e00d,control,False
2de168134de14eabbb42a71d8665b47f,control,False
eafa2363371e4b20862c54171e3bd376,control,False
66060ce8efb743a89ccbff8b608894f8,treatment,False
5bab705c384f49b288fc4e4847a2f322,treatment,False
4dbf7d381e274759ba230f909c40dc76,control,True
c3deaa2af978499fab839660a4f81e8c,control,False
b751de8a58434535a3bddbcd4ff462a6,control,False
23072621e0c5417db4b8ddd93517c0a5,control,False
838b965e139d427a91921820e08b48fe,treatment,False
083232a8e38c4e459ca3145b127f0a8a,treatment,False
65792533658442fca44c1da5c372355e,treatment,False
966e4258925a49eab70ddac4b312ee46,treatment,False
ef4dc8af7ca3491694efafa8450c46c3,treatment,False
eaecde015bf14d0a9d789816635a5084,treatment,False
d41250f2aa2d4e2c98a5967210036f60,control,False
e7b2a1af790a4889af2b7b8b05ee4ec2,treatment,False
d5de156ef10645c882ff1241442c721c,treatment,False
631f484de20e435a9798819c54d8d198,treatment,True
0638fbf59bc440ceb89961014e4d7089,control,False
f62a017dada64b66b692ce9deee07a4e,control,False
93b22a5cff994318a727f4cd2ff394df,treatment,False
07dbecb093b344ddac455791b3734f83,control,False
a85b65fbd09e4d8baa8f07ce2f6c3db4,control,True
0ee856a47fc14c7d90eaab5a5eea55c1,treatment,False
d94c7f459cf945ccb0077e9d89093e60,control,False
3175cf9048e149a3bf9cc08767500403,treatment,False
0d0b0d64df7e4555a36bfe6bd78654f4,control,False
93c906e567954f43bb4f15c3e613a256,control,False
ca2210f5e53041c78784a0e888828b05,treatment,False
821cd75716494765807700a9285952b5,control,False
b81d79fbde8b41239ddd5c7933af8c30,control,False
0164992fa4da4d7198503f8fed5da24e,treatment,False
5c40af0bd751481986be2b3c62228718,control,False
be219b5ad3da4cbbb466930a61fd3032,treatment,True
348195ac9ca44ecabc7cedd4f0f57e5a,treatment,True
4516e36f8cc5400eb07ec414933eda0f,control,False
41805fb6aa0d419abee039f59464e69a,control,False
917e138fc0be406e8908dc3af4e10fc9,treatment,False
31a3e846355c4691a5ea9f7e77bd2baf,control,False
af25d869aba446fa98e7183d84338743,treatment,False
03259ed79e304ec8b38752f4a40a9205,treatment,False
39960a0faa3c43d38b05953a8d8128fa,control,False
a7a0a13cd4a8450985d7850fc5b694d2,treatment,False
c3a4d769f01b46c6b55a4220a4946734,treatment,False
388c06253002416ab4b6458bdf5122c5,treatment,False
d093e956ffc744a4aaf26f722ec308fc,treatment,True
1c1aa3ba73d049238d33ce1d860f9147,treatment,False
fa1768060e934de8b48bf264e07d49c8,treatment,False
14888667a4514e8389ee2fdcb171f636,treatment,False
0e97bfcee354495eb7869617674d6be0,control,False
4f324b8b6d324fbc932397c25deb87c4,treatment,True
ab113b96a91b45d19837ce906beacf69,control,False
6d8ea0f5acf140e180b6f3261fa6700f,control,False
11174e3f6cbb489c8cfd837d9645cfe1,control,False
89c68416018b496e967a1330981893d1,control,False
05a16f21eed44046bf6af9fdb7e0868b,treatment,False
5cc37b4a8bfc4c8eb18253acd0fd6bd5,treatment,False
5c6434ce521b43ae9664ecedf45f8b7a,control,True
48790e9b2f514386a93b38dffb7f806b,treatment,False
52afc61a05ee40bcab68993f427913b6,treatment,False
bb051432389449e7873d69573ec5af11,control,False
ef06749255654819af5ee8e0337f7846,treatment,False
5aac2bfe031d45edacf7a3f7e6805bd6,treatment,False
3b8ebc2171ab4bd4a384dfc6d070c970,control,False
39d34cfd05e3482c872c5bc3d46f8994,treatment,False
c4132a2cf33e4ce892e682379d977759,control,False
457df2cd7a604c0f9d3b39d02a77910c,control,False
15a4bcf47a094ea4b3192e5652a2104b,treatment,False
5a70eed79a6d4e4683bf08c269b3ad4f,treatment,False
ec8ba1cdacc446a8a5a17554329989aa,control,False
bf459ede5e5f4359a162931c4401b063,control,False
d3783b87ae9d417ca9f01ecddeab35d8,treatment,False
5834e180f3734b969afde4d64d95ecff,control,False
9c2486a43974412d901a73944efb56ee,control,False
6b24165498cd4f918a621dc577ae9e86,control,False
8ca93065d16741798725ff9df6404cab,control,False
71f5b30412eb4a63b7f9b7fce41f44a4,control,False
def7dee5b0ff44ac83f130b8c19fb7a3,treatment,False
2ba5af811ac746fd91de880b2bc6c24e,treatment,False
75bb12a3d2b848c380862430db49aa3d,treatment,False
51cc5fbf420a4fed81d84139ac0aeb1d,treatment,False
712bcdf4da264cc4bf6271cb1721bb7b,treatment,False
febd1401ea7c43248c07af7221dbe712,treatment,False
0d515c9c01944981ad7cee8da01b49f1,treatment,False
c66c0f43afe948fa9718da36fc9ddd6b,control,False
585da3378b184ffa83ab21399d70e264,control,False
052f12e0c7ec453b9467bc5442787e93,treatment,False
fc4ab4109ba14d23b986d961c19b9603,treatment,False
13c2d11b44d34aa89cbe41a39459668d,control,False
a70a056002fc404bac137982af805af4,control,False
802a3334975d441199326063d3bde2f6,control,False
ab5911ede87046739164c9a8efb85ac7,control,False
8c59d1f31a6a49f492d90113ce38f190,control,False
29bb1c57c28f444c8d7ccdf14839c2b8,control,False
00ddb6da8c6b4a37abf8bfbb82129b90,control,False
b263444fc5ec4c1c8c062bdf93d4cb86,control,True
40aed663185d41a79dc665885bcadf2a,control,False
b245657defbe453591e28600fb79bc28,control,False
2a4475afe01c4b519ee89b6730ca6265,treatment,False
775f70c0b873425ca1d828b3faebbd0b,control,False
9558d76830574bb7be7c61ad454a4128,control,True
35270dafd8a842829adb41429e21dc20,control,False
b6183bace6e04add88217dbd4c362288,control,False
72fab74f02d644e0b06ed852633f3bd5,control,False
d7e1c37732284d269c38d081e6ba6709,control,False
3d3e28dfefee4f288eefe490ac5c894b,control,False
12803bc632804994b2593545a810d321,control,False
fd919cfe44eb4022b94d9bbe79161d0a,control,False
07fc83278bcb448abf0b8979bcac847b,control,False
bfda6265a8174d26a5e0b41c7010631b,treatment,False
6acf150591d14182be1ebd3456debd94,treatment,False
1452003d9e784df9a35f59cffda9dbb9,control,False
9cfd4b2ced834c4ab6512fe287f42c25,treatment,False
04f95ca613b94b38ac97715df3f3c5e6,treatment,True
a1c6bf9624054569b7d3e28f76aae6c8,treatment,False
b859d6840e7342c293efea91d0a98535,treatment,False
c7361dab88bc42a4af56b3a095eeba3f,control,False
c15b3cf19f8e47c6bb56b3ec107fb17c,treatment,False
7f6e963eb05c42cc93d6f4978ffc8e3d,treatment,False
27e48ae650ed4a22a95230daaf3c403b,control,False
c03bf591334447c68396ef8e618133e5,treatment,False
3cab123f7e8949528560676381a0dcd1,control,False
253c0db238d24efc9fccfec8720f60ff,control,False
95c3b06cf8cd4712a869a0895f28455b,control,False
440b10b3f9524fca8ea5438f12c233fa,control,True
fbe0b02b77964fec826da448ef617223,treatment,False
4c49a37ddf484d22a08768b69303ac05,treatment,False
9f87b8cdc78f4fcab3b938fa26a584f7,treatment,False
788ba555e5a54dfe835527d91ef641ba,control,True
ffc1c8fa52b345409957b7b84baeda33,control,False
93fb819b889f41ae9337b49c7c3c4769,treatment,False
23c8d60217344e77b1d3e2a3d7cfd41a,control,False
d2148ff4ac674c08891248eda74e6404,treatment,False
e7f5d8be3a5640179c05c57d855f3c9f,treatment,False
2651f86c3d284bd6bb1c81f974914cfa,treatment,False
a0d4d1ef98de4e51b200760619868c86,control,False
eedd094676e24efc98f3331962c43a36,control,False
ec2ff30d8b494dbe8d1bce497f5e67da,treatment,False
db68338d0f1a4e73941af769b39b726f,control,False
3385a06af2ba45868efca84f2a64ce78,control,False
d0ea45bc49f54d13a7123b421da97fb0,control,False
4778cc929d4b477db238bbf21a4075f8,control,False
2c48669c4d1a444bbdcf1e451e5c4c71,control,False
8936a408b59242bfa7474196c2612f11,control,False
b7030f18a1c142adbf5a2c9c4c84ba3f,control,False
de9888e7d8b54233b09e208bd24af42f,control,False
7505057293514a63a5235526c3470aba,control,False
8d3feb5da40b4cc4b4d4db48a6c7e5dc,treatment,False
abd1ec851fd14c75bf1009a72f840a62,treatment,False
5c7add630d0e43c49d982aaed7fb2fab,control,False
975bb8b4e63e41d99152979b29e87622,control,False
138846bdf3154abb90c3d7f6a0b4642a,treatment,False
99a23c09432d4952b2b775152681128e,treatment,False
5983f2f2be974ff1b6179b409cce7c4e,control,False
f1331d6c44794e4c9c558fcc7cca2205,treatment,False
947346079eb14e14be915dbf9396569d,control,True
cfde064592f84080b7aa6dfdc7d3f9fa,control,False
31ab8c1771be40bcbb6ea10bb2bbb9a8,treatment,False
291359d56d0a46d8861f73def3dd9b1c,control,False
b811c9c3b043469ba218a6d351906b33,treatment,False
59d3b6ad209d48b9989481c85cbeaac7,control,False
19043cb6bf544c00a5c70b76a71f0fa6,control,False
24102e7c6390497fbc3918a4492e4b89,treatment,False
73360791ace34780aca558e6a3363f39,control,False
bb4a2da2ec2348bb9f0056ed027c9565,treatment,False
37e6cc7e09864840afa0e3eed7594beb,treatment,False
8b14d5bd63c84c94b0fdf0537c54250f,treatment,False
576f2e6d1f074a8cbe6c2fb5a2f2330b,control,False
14917ed3edf54fd3b663edd4f5669d65,treatment,False
9a4f2c8d877647dfa3704aeb4a430f88,treatment,True
9ca91c823599455ba5eec079e56a76f8,control,False
97130cef14314c80a243c59e1b568a5a,treatment,False
4842fe3c659d4c5ebf850df2d0b3f2f5,treatment,False
0e111a0315a7473896f9850a5c9a0339,treatment,False
224daf59ddf64640a5720be51232331e,control,False
5c33e5b107f64a79bdd66fa575667ac9,treatment,False
1efeba85191d4655bf1ed16ca34e95e5,control,False
163b92c363c84702b3c1446e28f9f51b,treatment,True
6ae278eec54e49ae9c200557caf0177a,control,False
27462d2fba474d13b78220d8197a7571,treatment,False
674ce59e493d49eb8431082c953681dc,treatment,False
a075d3ec84cc47dcafe4ad970779801d,control,False
6bebeecf33e64868b95528c40f7e1122,control,True
e2ac4f169cbb43009fe5f2b8dbc0a2f3,control,False
060a60571b8a49069cad153df6463008,control,False
06987fc918c84c80b8d9d723d6c2a14d,treatment,False
63922d9b51694c2a9822232ddb044a0c,treatment,False
21ccead610a34b57b1bec70dd5bb44ca,treatment,False
f0c49e478d53426280ef8162ad0468bb,control,False
823deaf32aee4f4399128b9eef840058,treatment,False
6f0e78de08b14f06a6a72ae6331bd825,treatment,False
98f6264949994a4395fc82a769049727,treatment,False
534483281a8d48b08979df75d001c596,treatment,False
69dedfd69f074c0aa2c9245ec051e579,treatment,False
647f630e222f4957b0993d876c5f5b3e,treatment,False
0a2d3e64896a4a81b35d449e6d7d03c3,control,False
33dad4f2a87240e98ca6e53e19b6076e,control,False
4f73b5fca6134f41be5dca9f3e65905d,control,False
bc4b9af4eb77480bac07506446214aaf,treatment,False
748c7caacbfd4fce8893957a7ffb6610,control,False
bb2489d478c9488ab6f39ab55a41f193,treatment,False
0d066ab968f141ecb9ca4d5dc59b1c48,control,True
ebab7e8c574a43a18e05fee5fca482ca,control,False
6439a0eac45a4f4ca140838879e15f75,treatment,False
63f9da7bcee9438b81c4159437b135e2,treatment,False
9087b2e9d57040efbf757859eac4a935,control,False
3049dc7858e34d5ead7a27ef588e5781,treatment,False
997f75c33bef4b2d82f5a6dbd5fb0d9d,treatment,False
e9062e9ebb0a43ae8104b39a5ba46753,control,True
10795e4046874c1b834d29e4b8c2c3aa,control,False
82cdc3461e284608baf87c5b5cdae1d9,control,False
d998839c01734cae8af2b08963dfdccc,control,False
5d56584e6eeb414f90444a71a841d212,treatment,True
fdb59e52c5bd4b61abdada6adffca40a,treatment,False
6f8a7a2057d849159e4f4a38aa973561,treatment,False
eb1c36e9cc4c4afbb51fa8e2b876aea3,treatment,False
a43d11d81ad54922b7c30d6354f8b4c7,control,False
1be1ac0afa6348fa80e097a0646aa9b2,control,True
816fa35878254451943e5e8a72acd6c0,treatment,False
0878c5bfbc5648539b6a08a6685726e5,treatment,True
c1119ae4abcd4c83a3d4a3be0d5155da,treatment,False
61cbd3e5e32047519aa5b9e3523ec273,treatment,False
3d86505233c74ad6bfcb8a74f38a773f,control,True
9e8b3c5a26a948adba8c2722aa79f7f6,control,False
bef67d0e8e1b48edaf2304567f22caf9,control,False
db549a729554417d958129464e0bbbcb,control,False
2a7997348ab6405ea2911c85a80b60d5,treatment,False
f693e8bffd344dd4b2c7a743ad566c53,control,False
d2b6aa5e23214f4f9001c236431a01f4,treatment,False
78d4b09c201e4e7198aafb3cb14031ae,control,False
8dacc81372b24452a71549053b39f03a,control,False
841ecf2a9f95462da712745a426cd271,control,True
510c5cb556a946deaa28aa4ffb4593b9,treatment,False
34f769c73d164d0a831cd1722a15e6fa,treatment,False
cfda31400b6b452b8277c763bfadf095,treatment,False
af77f7a6b4014ef48a6b7df51fba9201,control,False
31d18653675d42a6a09ed17b7e056092,treatment,False
e8dc31f35c0f4638bd96f81d2fc566e5,treatment,False
11f09e0a83b0489499f7c2570a581cfd,treatment,False
b228226cdb714805a3b73bdee191fa3e,treatment,False
76b90f4652ae4c8285c092384e67be37,control,False
26ad9f022ce040bcb366329bfa14e51e,control,False
ce2dd630b49c45a2a86369a2865872b5,control,False
d7caf4f2db8145878ef92fa7c6288ee7,treatment,True
46c88dc7013f4da0a71952a4c37d26c2,treatment,False
875872b8725845a6b1b92622bdb1fa96,treatment,False
8e5e50f1febf42ea943b18002926754f,treatment,False
642a8346714c42b69aedd96b7f842e7d,treatment,False
5a218447c67a475283a32ec7256423e1,treatment,False
d103476274cd4fa7b69f6abc80396d98,treatment,False
007fc33101844d00ac0ff4308a1abde2,control,False
a31fe17431b04afc86d3d11e3289cf0c,treatment,False
770c1a396af1455fa8fbec15432a881a,control,False
32305b5615104309bc0077463b66796e,treatment,False
e21e63ec78e94a0b97ecabfadc032514,treatment,True
5efe2c92673e45c5a64102269a473e67,control,False
efe890b8c7a64cdcb7f5856524677c3a,control,False
25bb9be36a324cff8af963e82185167e,treatment,False
080c8b0af9084b0d8909ea30c39d0ffe,control,False
6ae6d897d7684a6ca59ca4d4d45f9c37,treatment,False
4279415cbcb7425298f4369d9e4fab71,control,False
9a2d0a848f1540fe85016373f1b4361d,treatment,False
ae81b17e9cb94f04be233d2dbf0ec09d,control,True
0a696339826749e5957b74b7af281fcc,treatment,False
324db21be70f4720adb3116b3e0de638,control,False
b1f7028d270945afa8a2a1d23bdb6ac5,treatment,False
d8dc0c4b2e49474ca444ca9428c280b9,control,False
f55478899c19472e8d82b1c4ac1bfb14,control,False
2bebfd1d91804a52aa20c550fef1f759,control,False
2363ff3b15f64fb49d9b46784714b90c,control,False
4c2d6e9433814b0c9481652320d76e02,treatment,False
f0e993fec8514cca8981188a8659a63e,control,False
199cb76b44744aef910d1f99c860e9db,treatment,False
5f29990b1c7c405097df5602ebcc4684,control,False
7a5a05156e3844c1afbd57b8852d8b37,control,False
854b9cee875f4360af9e3768325e5d1c,treatment,False
2e095ae6088f43d1b65d35ea9b9c539c,control,False
80e32ca0157c459d8e311a39a06f7048,treatment,False
f063225e05ed4c5da48eabe5c9030335,control,False
8623b6e622f14dc0a08ecdb854423811,control,False
8382d815e1fd4380adcbe4b5b7da1a4a,control,False
37b934358bc146ddbd7bb976209d7c32,control,True
ba8df30ee75c4891b4f54ad22705ac46,control,False
8a333c939df6408caa1ef53f150743a9,treatment,False
d36450bdf4d94af1bef04e28e116a1d4,treatment,False
f235ea734ece4395a33d46147e6d7d83,treatment,False
935e8f0bfe314127826d2d485a85e6dd,treatment,False
abf8b56869424c7a9fa837c1ef8374c9,control,False
3aa91758080846eeae59a419b785f6f7,treatment,False
9135cfd1f8aa4fb09133ba0e0737cc53,control,False
2d934a17897a4419819d0beaf03d1bd4,control,False
d1bf0944158c4e26abe5202fe223f654,treatment,False
4ed827613ab94d44924b804c78b6b295,treatment,True
1968ce74a4094488a6e731f346042c07,control,False
d2845988c9564eb8b9f15dfcbf70555e,control,False
44983434841f4337aa74a9cd2af6c36f,treatment,False
9dfe3db1b6c74ea9892ecb5a87cce5c9,treatment,False
1155c031ecd34ecfa8447531ee5cd610,treatment,True
33f8738595ee4ea89693e54bf506831f,treatment,False
bc88378700254c15a184e94ba1807a8f,control,True
d70ce3186b7d4423bf7be01b09c10cb0,control,False
738adf3e55e44802afa9d69acecaec75,control,False
3f3eb550085949fb91063cda91fab46f,control,False
7f418dc78b404dbe83ef8bbc50009d5c,control,False
3a724b9ae08348fcbd6eaff8fc586213,control,True
6e74486cec624fdc9b4655482855cbc8,treatment,False
3ba810fe708c4478a1f07fb7c4f6718a,control,False
d4673d4e9d3a41ff8912f78c26c07fff,control,False
2628556c9cf5457eb3e84598d530aac3,treatment,True
c4b2ebdab06f42b88877a65ae0118ddd,control,False
0ce79ccc1a2e4eecae77682a8417d371,treatment,False
4c1e1147ecf841f3b78e23bde16f1d06,treatment,False
d3c2169e68474fc1a1960981eab8de05,treatment,False
02e4e6490ab64755977116bcf04166ae,control,False
1e20b97a0b734ba39643fe8e0712921a,control,False
11856360f7554d62b1a4a869f6b8b69f,control,False
10c319c9f5824fbaba6d085bf1bf5081,control,False
4cd12fa6d5844af6937acaf6f3dceb57,control,False
b0b3ba87ea5a4544bc4f9f0c20e801e3,treatment,False
63ca32bb4ff54ee0acac2141e3aee5ed,control,True
b2e30a28064940cb83d28581a23a71a8,treatment,False
a030badef7fb4088951d1aafb3935c0d,treatment,False
3b0863c07f24442ba9f9e1e1b530a5ac,treatment,False
3f2299bfab8f44d69c667fe5cbc744e2,treatment,False
0db6ff5e96444bf181babf2125b7910a,control,True
fed22b3b5058489886a72229ed290b49,treatment,False
dc110f98a151466e9255614990a42e83,control,False
9f8343629a0a478c82cd8d2f3f8dd7b9,control,False
692aff461b2f4701b94b1e67e510e075,control,False
92e3d32dcd5b497988670223436473b0,control,True
d9835c0f65ca4ab2976b8f1b3b71077c,control,False
522e7f70cded4bbfb179a733e68d11db,treatment,False
95305b8c21c143d9b5dd0c2224e8faa2,control,False
8831ce95e96640d4a73bce335edb068f,control,False
2a37fe9692cb499fac3b630f0bdfbf72,treatment,False
187d5f1f7126493081cd942c835a3a28,control,False
1626ed0782ed4d8ebc2b9e56ae1a6317,control,False
f79cea25381842a2824b3354d7049ace,treatment,True
7f7ba89d807c4612b074e5215a9f1ea8,treatment,False
4b1ef6e54d9e49e0a011428e8a479e37,treatment,False
27de241cd9d8411089fb9d664d9310a0,treatment,False
926868b1ed9247d683326c424befaa42,treatment,True
c8ee691390fb4b52b8918a33d7b957ae,control,False
75d80e3a21f64c2d9304cb0aaa97beab,control,True
3efd16276dd94befb1f96c56aa5ab6e5,treatment,False
782837a2819c4057b348db2f99397039,control,False
5493b065f2e546799d191a606f9eb670,control,False
35336628acec423cb135bfdb1519cf2d,treatment,False
a04449a92ec348a996175da116bd2e17,control,False
f221b1294fa8417aad8ee26aa0c29c7c,treatment,False
88448bb1f4ce43789c877c9eee1332d5,control,False
cc80bbe6a4b94c4a9d251e4152de9cfa,control,True
19b7022318684c7d8c644b428bd0be97,treatment,False
03ea5a829a5140f286d16c868c43598d,control,False
905394cc817a42118d91a49a2c82c760,treatment,False
35d5931d0f834a89be0b2533135bddde,treatment,False
3cdfee8378e44b41a471cc0f0b0cc858,treatment,False
3f0364639f004005b8f5779ddcdd2190,treatment,False
e1d6d2aad94f4526a3ce9f0e1c4e2415,control,False
725e932018e64071af571b4055af9a27,treatment,False
e83ca80c378544a5973a3ba647b688b7,control,False
4ca978d7158848558ecc3b93b2188490,treatment,False
38a18b603f994c90b2b44979e40a6a9a,treatment,False
286dd67842464a639720bc4467304063,treatment,False
b1c3a4aa2c654c0885a5f64ff379a44e,treatment,False
1e2fad26c29c4d13bf9ad01bfdcef247,treatment,False
6682640f968744d69b8a116ce9838d88,control,False
b4e04cd219dd49739d391b3d7c87cfeb,control,False
0b6ce74735814556a079787451f9fd83,control,False
848efec6f60546d6959a6ee0de172605,treatment,False
fb90d20251ce415fadd191b79d9c509b,treatment,False
311417b321334a2ba0599015b5600776,treatment,False
60e933a53b474e13a7206dea75ba8fc8,treatment,False
28f99c44a1b8488ab2b79446b56363c1,control,False
60839f0c52724f6d9fd3500bd9cf92e8,control,False
0d05681074b046128cbfb6f0ff2b001b,treatment,False
843f55f57fc2428880392d91084cb41f,treatment,False
817ed5c4b0754b00851df17c4257d46c,treatment,True
3a71072edfff470b98f4030ee1861e36,control,False
0f5c413ed90a43c5850c9eb5a071f12c,control,True
8fe052c0e21040aba5a00ee54c513739,treatment,False
2f70dde144c24dfd8d4cdcc944afd8b0,treatment,False
4c4bf06e5fce4ff99e0ae3e113d7d26c,treatment,False
e36ce7b6ffc54529acf7e90fff043dae,treatment,False
45e717abf5d745d28f34b4e2893598bb,control,True
f2cefc580c9646f085d2332925e2760c,control,False
6f164d0406444db784d0acf3e605acaa,treatment,False
0113973575f3498ebdc7638aabdecd74,control,False
0bc63abbbcc24d15bc2004620ef0b693,control,False
19dc44c5505d4cbb817f6946b8d896e9,control,False
4e9fdff94ac1424daa17ed42c86e1f24,treatment,False
2578b6a710004fa19b0a69738b0c7171,control,False
21b9723621a64abfbc03f83b44526697,treatment,False
f0899d7991374da2a34628a7f95b7b89,control,False
98ebe14b908341179651d771c59cb92e,control,False
76ce83fe6b474688ad9fb72183c9ef17,control,False
e5f5f60fb38b49b1b125cad5d0474290,treatment,False
19d3df83d3b84db5958ef22ec6a40c2d,treatment,False
3562a34c0e3e4c4389aa2e5570388e75,treatment,True
336c5589060e457cb08b270aa7786b9b,treatment,False
a595bc0843a14f6e99d3829d953a92c5,treatment,True
ba821d3a90554f4eaa071475819bfea7,control,False
b9977a191dc74cdca036d60977ba9837,treatment,False
0581115fd2fa4edea524cb7a09cc8a81,treatment,False
367a184240a34740bb756d34e7106072,treatment,False
81167c65929b43f8a39ff735510aa6ec,treatment,False
84adf2cbccc0417180f9a20e28fe1b2e,treatment,False
24486f92d1fd4920a27602815aa0d0c4,control,False
32f4c2fd6a6b432db098a9ade11369b8,control,False
af5a3496f4f14996ba8e1c51fe9342c8,control,False
5e5dc7970a244810ba7c174647c7d4ac,treatment,False
0a7f1ee24ffb4591bc4fdddbf7d64d4a,control,False
f91c1347cf0c4bff9c0998fb15b8c569,treatment,False
3e13b648ddec47798c4e43b1ce5ce532,treatment,False
3da8a03b40e0418ea6285b08bb604bf9,treatment,False
407eb2db6e8f484fbf813fb1a25f995b,control,False
279130cd0bd24271a5bc15882ef9432b,control,False
6b9f7977c2644f7d940ddd23014227ca,treatment,False
33f6e0b9767a47dd85c3b5fbb81036fe,treatment,False
466b5d0ae396471ebf0d1a6204c537f1,control,False
5eb9d8cb15df463a90ed5f38c776351c,control,False
06dcc729e15743c180336d7d9528b015,control,False
6d78487daaa44bc5b56933d40fc6c2f8,control,True
ff55122eb01b4ca697087710c1ca4968,treatment,False
68b9d6c36392403aab14806ae00435f1,control,False
c29f081c89de4f198be2bbadb8b5fa5d,treatment,False
67b98dd750324f5c966ba2690325ef84,treatment,False
8365a03eab7c406dbfd7f917d482a602,control,False
ab42595d91204bce81a85b5eb9a9379a,treatment,False
8d892ccd00b94c33af851d3c879c5ed7,treatment,False
86600c8adf72443b877e345496ba361b,treatment,False
ecaf1aecb7304b5da3b671fe70d5dc83,control,False
4b57c14acf7a42428476540851721ae2,treatment,False
06e2eaa3566447789cfa52727573e744,treatment,False
eae7cdd558f34bd499fe11fce3c1113e,treatment,False
b168c259b1d5433babc4149e3472c76e,control,False
a893778521854fbe8302e9c39dac36f0,control,False
cadc31360e834129b96c4c5173414dc8,treatment,False
d228405006564cd8ba631b75c534de65,control,False
20d8a8132819429db3c879966aafc37d,control,False
d7ee842d5384490492cebd3796d0a978,control,False
8565cfff74444267af9a2f9d57dd02f6,control,False
7fd791239468449cbb54561dacd72c27,control,True
02b75fd7a9f74dd493cfb4fdf5d1cced,treatment,False
a51bd54feea6488ea51382813d0e1b29,treatment,False
64ba74fe9bbb4d69b77a0f9123f0db5e,control,False
2ae9bb1c214d4568bdf2ec7666d353e4,treatment,False
63ef9498259743edb6afa8ce7e6ea108,control,False
5634b6d1e4274f5d90ad9ec2285eda55,control,False
8ddcdc90d73a4555a9aaa1b7ae65ae8b,control,True
9f5f2ecff63449618291e6bb78d02980,control,True
a135a0bddb30463ebbcc3c0912670482,treatment,True
152458757f18447ab785cdc1419fabb7,treatment,False
b7c8660c34d24ea784ae6321d4f5ee8f,treatment,False
140257619f414b0686cf85bb4ee0c200,treatment,False
ca920ee7fc8042ef8cee65c13a31f3e0,control,False
d101272eb01e42b681649f58e6e69f92,control,False
12a0ee83e4c64e91bf44e2844cd21d3d,treatment,False
4a0c8012388f442da5d988bfdb5640f9,control,False
21785d963e364928b6da29dd4fef6c4a,control,False
c3e8de7c4a074c189b91c7df7e98a7ed,control,False
2abfb75444924fcb83f60b77c5a2a477,treatment,False
5af11aeaf3f34bcc9ebe8f111fa088ed,control,False
cae798336b564c4d80560344e3dadc9c,control,True
9f53016d6b6f46b0a8e80b583935b0b1,control,True
3e0e97fc3e484f34a701a65e3b90cf08,treatment,False
7be1ffdb3c16488b88dd4d530f7cc940,control,False
22991225eb1c49cb9128f5bf8f4cf64f,control,False
4a8473e92e284c31a1f58a3aa6203a7e,treatment,False
e3fcc17e0e3b478ba79fdfa9902110e4,treatment,False
88c926358f61483bbd611b678e9b6c9a,treatment,False
d9ce6c2ebecd4ef4acf5131d51d5b5da,control,False
21b33033051a4773a032c5b8a31418a6,control,False
a5be7ccc792d4cacada6ec960e74405c,control,False
12ea2a6abf7b45dcb0b900cc63c30c34,control,False
9a5a2d12b3344cf8bb545069c8e51cf2,control,False
6623570271764462a073f7717aa66702,treatment,True
a77adfb4c06441d28a0d52798f27ddbb,control,False
83565743dbe4490299bbf510c8b18aed,treatment,False
76c473e050c04d37a2b946247995ea1c,treatment,False
502bd828204847e18ec034308658ebbf,treatment,False
e140e802fdc24ae28d594532eba120c2,treatment,False
87de84031f0f42f3a450b90a563dfb70,treatment,True
a646717f69cf4eb89999c72bb4d4fb1d,treatment,False
00cbd8eb9f91474c9d797adb35a76d22,treatment,False
c148fda7a99d492a93b75da32f358c96,control,False
b24ab2d808a54231a1c1f4af3e3b2638,treatment,True
f5c49b4a1a904f97b46f3b4e36742ef3,treatment,True
19a32f3922d64ff9aa386ae8e78aa489,control,False
b1bdd60a9be945f68cdc59434abdd9b2,treatment,False
e6265744416e4f259abe2781ae6efb38,treatment,False
3698dfa156e447a88ac77c06709eca01,treatment,False
e9b6ad4445fa47c3b30701f4cedbbb67,treatment,False
7ed5f635f4fc4b2f8dfdcce152f153c4,control,False
ce44684ea75f415382d5ec108f85b6e2,treatment,False
ce4fb58985db4b9eb711f569c68531ac,treatment,False
7a7c21a91e4843ea835c12ebe8aec78e,control,False
e86b64720b8d4a76a7c7885a25fcb6d1,control,False
a3d40a47859c457781a85a91be5d4bb8,treatment,False
0b203077be9b4463833ca8e07d9d6905,treatment,False
85bcf0cf724742eda285135da0bd9003,treatment,False
a2cd8d49438a4ea1a4a7858d6f013251,treatment,False
421ebe7dd7b94f03932ec34bba8ff957,treatment,False
4534dbae3c034e1c856e79885a473ece,treatment,False
1d1e9821469e4ab1b17571528627befd,control,True
e9f53f7d9a60417f8f00c96678fdcdb2,control,False
f8244b912e50472c87618c2c4c2a4968,control,False
46334d49c9e94c2a9b47061b45b9604d,treatment,False
c1db69f8377343d7867ef662e7a095fc,treatment,False
cd1c9c61b76f45249d105b9f410fbc99,control,False
45571509c2094414a48ba86f3f212a68,control,False
d7f7b8b166f44f64aa2a7685d006bff1,treatment,True
7820140c1d5f4d36841748648e93d4b1,treatment,False
56c1c3105dc840799047be1162a9eae0,treatment,False
4daf287a465447e6acfde20f72204463,treatment,False
b57012527c8344d5a54dae33a8162518,treatment,False
8fe78233676b49f08885776917877e13,treatment,False
0c0311d1a87c4f3791a7fea304c77c62,control,False
99c8cc90672f4941b7f9db7328f8c5dc,treatment,False
3b5547db9999473181d2b7ce04375c96,treatment,False
2ccf3461c8d941589a8b16edba55c169,treatment,False
2642181aa842473797474a51d94a42cb,treatment,False
c1252a8166174acabc1926eed12e1451,treatment,False
8cfbc0f0a6ef485d98f929a8ce014b55,control,False
feae0795ec884c9fa0b1994032a1e350,treatment,False
ff05f3c253be4e50a68651d3de89ead2,treatment,False
6c5a2ad18d364a28beb9bd0b69222204,treatment,False
60fc08460c974cbeb4e05b1d49127a3b,treatment,False
2b80334dafc345a3bd4260c1ecd9bd8c,control,False
4d062d6f99414f86b78bacc5f5215a57,control,False
aed60448356844b4862406ec5d82710f,control,False
9e79586c736841608c102453dc509340,treatment,False
04def5de24754a918fe8fc12457ade7e,treatment,False
b452465f0d994e7c9fb06ccd2d9e5355,treatment,False
1e228c9983454034a1a8b2257055e02a,control,False
2fdd0a47c3804fe395724ed31b9d3d70,treatment,False
09b5ecba22de4ea4bb69c32b5fc083a3,control,False
5f6cd05cd96a4e499533c0694d47da2f,treatment,False
450b4c2f14b84553ba1eb648af04c497,treatment,False
2f8ce6c99c184b78ae678fd9b00f5571,treatment,False
44509255b9f3410cb263305e5936145e,treatment,False
be2ee56833584a2489fdbd058d6a55b4,control,False
d85d8aa481c44e83addc9fea8047a7d4,treatment,False
1142dd36e75a4d0aa9b9ec1671157245,control,False
bd7f3a5282c94f7ab28fd0a6ca518c8d,control,True
c800bba03bd44ce290e13fb7aa300cc9,treatment,False
44523b3784354a9b8c3ae820dc31d3fd,control,True
54f0fd6f632f4b00a3ec092c0462667c,treatment,False
035484f2ab924e408a3dd7b6a9dacabe,treatment,False
6f5e8502ee0b4187b11471377c083e0b,control,True
f0ae1e8b537a44e9ad90cccd07a807cf,treatment,True
e2a0848702554d2d80e62f1e8bb8ebc1,treatment,False
9cc1aa0b1a414eb4877f3fabce76bf92,control,False
70fe06d6e84c4b339d04e8ebe12b35f3,treatment,True
924d210977524f0db6372cbfd428e8dc,control,False
f4aa97e31f9a4d5e9904a1de94aec446,treatment,False
6ed5b70b930f4873a3a8692be6718604,control,False
97c6aaffb34c4a459d225e9e43016252,control,False
737dad96fba242ba997ffe3e5167e615,treatment,False
a2348c82712b4171a93305d984676b95,treatment,False
e930a523b599477bbded147985779000,treatment,False
d57ed64b2dee482686f2df5ad59bd454,control,False
19873a93edd440f68f50fe7cf87cd031,treatment,False
95d5d0c8bb5d4a9399676421b0e6b9d7,treatment,False
58e6e184f67a48d1835d38625b64e7c8,control,False
3986d49720be4b1cba7c182c78430501,treatment,True
451166ad244a41638782b4bded85c104,treatment,False
8a2b8131b64f4ac9b7ddc616534ac8a7,control,False
2a0c66433c61478391035ec527e724c0,control,False
df5336e49c954ee2b52a1a6f74e62368,control,False
efd2b768e2eb450c8a221d2aeea2d5a5,control,False
de9976ea4c35473796a14ab741201dc2,control,False
e11ae99a3ca5422db1568943c74402a3,treatment,False
2f3ca5b601144f20aa5b032495c65567,treatment,False
dbd25deb18ab489f9aacb84d69520960,control,True
188e74d48add43da8ce316b95200f20b,treatment,False
1400514076a84e958f5e9f50eac2af1d,treatment,False
14e258d304454cc8a3f3c20852853935,control,False
4d7cd006985644c0a1a6280054c89071,treatment,False
abc1fef77b234eafbe2c865cef593003,control,False
2d31c9d4f56d46029f9888f3d429b51e,treatment,False
fd876294200e47c298c38680e9aa092c,treatment,False
707b6b6e852548cdbbf00c0ece80b468,treatment,False
ca898932fb744fa5ab7c3be71658c6ac,treatment,False
36af2fd0d29f49659683428816e42ef8,treatment,True
86c5fe0a785c4ac6a2b72a6195e5a7dc,control,False
1f1d321e693d4c428f9663e8cac09c0e,treatment,False
c5c03ba1f611492ca720a10387494aa2,control,True
a31ddc29622b41c4ad15c77b7a9f403e,control,False
ba07d21b247c4d418efa4af87d76f6dc,control,True
86057798b0074b39946c02f4b3d9c22c,control,True
a2425eb3e569487eb409a6b9f7352e21,control,False
8dd796d7dc464d518bea1790a62faac3,control,False
fd62749a51434caaa16b6f1c3b364cba,control,False
145275b97ee649989f8d6430602f131a,treatment,False
31b811eac3ec43e7b15676589d813a22,control,False
d4bc1b3e1f704073a95b434e1206228d,treatment,False
35a2bb81215647d48cabbe31c1caa910,treatment,False
c9770597fa5a4e04964f541e22ec96cb,treatment,False
8f5eede581e14a688149eb80967034aa,control,False
bff23674bd144d3cbeb2a8cabbee6f09,control,False
6b731237aded4a85a2257189cc457620,treatment,False
216dab38fcd54ec3911876033d734a75,treatment,False
8a7e4b2d256f45298ea568261b2de05a,control,False
f5825fbba873457ea8d0350d54b34e30,treatment,False
6daf8c4190ce468b8252cac3da8c814b,control,False
3018d9ea3ce341949013301247c55c8d,control,False
4ec66f582510444c8bd7b8b08b226e98,treatment,False
8e4f541fb9da47ee97e070ff086fd970,treatment,False
081789d4ac7f4459a54ed55cf57a0d56,control,False
bbed91379cd14a8b9f73f7a5e8f49f49,control,True
10ef23da66aa4bf38e387b7a27b8fd10,control,False
fd8067bafeaf41839450bf3a91b153cd,control,True
3304edd817714fe489d994d7b5b66a37,control,False
03e53b78546c48d48e07eb8d4475c9e7,control,True
6181134cd7724a94bacd0e554d24dbf9,control,False
52934d6473824928a393f8e60bc7cb1d,treatment,False
cf18b2f72db94869b0a78b7841781b3f,control,False
e5a92486187640a68bad5f45d80d2282,treatment,False
587fa8bb114d4f098bac07bf471eac30,control,False
f9457c62a8134b6881ae92cffa1e1d44,control,False
1f367ae1a999431a932d5e5357fcc9d4,treatment,True
622c09e15b1540f9a506ac6ee4230cc0,control,False
bf652c6bb9844cbe8bcbca807974366e,treatment,False
141fca541dd048cfa3e3435feb9d45d9,treatment,False
8e172cc3834b4958a142157c90dfb547,treatment,False
2f22f0236fc54102bdf031779c4f163e,control,False
e14e78fcd9754640a720dc512e34d7b6,control,False
c76d65b7465c4566bc89dd2265a1d675,treatment,False
1f02e6a80ebb447fb07123e48972619d,treatment,False
ac5375785dda401c86d1d2ed03c5fc60,treatment,False
036d43e2c26d48849381f270d175fe80,control,False
09afe674de8d465093c6bd61f0285a59,treatment,False
314f087bcac240459cf7dcabb0282327,control,False
ccff859c199c42c286a33a434a8685dd,control,False
d8b2f39ff28c4fecad6d57f2660fad1b,treatment,False
765133cca46a4a48a0f6cfa5e5f1f32f,control,False
e92fbc4e3ce24481a304128789cf4613,control,False
63036e3e7b7a4989a5bc6a11a2ccc886,control,False
a98d0d5eccd74452991ea5c2396e165f,treatment,False
64cc447639124d7195a2b9b049177a65,treatment,False
dbf4042441f7444280a3f29e090e2699,control,False
a83fc58580fe40108363de7bd6326c6b,control,False
f0e0ce23ff7b414e9674521c71aeae80,treatment,False
0e9d8f2427594866aa7d79bff7f9df73,control,False
99abc6317d274557932d7ded6a46cc0c,treatment,False
3bc4de4db31745aca6d739d5f19ceb0b,treatment,False
7541d98769144cb2b279a2453549472d,control,False
0e89a586292f40c0ac0a0d98795896a2,treatment,False
4cb5db395acc4adc8caecfeced080dff,treatment,False
28785486081a40a589a6ea31b9295342,treatment,False
6cf3cfd0bd494e58871b42784b903811,treatment,False
0e98812952de43b1aff474a3955b3b4a,treatment,False
7320a916a7d44070a9159678df5a058b,control,False
6d961e3498ee4030bc1a54c375678767,control,True
c9cbb38c4145484eae9b140d46c0e002,control,False
9ee476228d9a4b36a3b17cf959c916a3,control,False
ed0e9d4041cd4da5a21c7a9e01d20902,treatment,False
f8ab8572c3d24b43a996fad1d4fea3c5,control,False
1ceb69bb23c94f35885a88f231d16a69,treatment,False
d458fca09d4e4c3bacc39f13d7ae2050,treatment,False
98156bf4f6964969a61ec7370a2fe1e2,treatment,False
a74e38656eb84cb29a3b877620f89735,treatment,False
f2ae36bca57c4fe19db882392f33ddfe,treatment,False
494dc9379b7f4415af3171f41689429c,control,False
50802c87360845b895b134b7118d7606,treatment,False
211bbd2826c9433a91fc66fe9bd5e115,control,False
bc3dd8052dc0444eace4bd987ffc08df,control,False
46cc378ca29d4f69a03c7bc4cafde1ed,treatment,False
ca9e50970e964b70825dd4b6489e212a,control,False
a346c76fa4154037b93d009acbaef5ef,control,False
2fab458f666648279060cd191e3c889a,control,False
c49ae10537b44db4b6252d81533239f1,treatment,False
fa58cc67c7fc4063aa477e7304e618d4,control,False
df89b90658604218b2de0f87f9295033,treatment,False
c9154be8059c4993a8b930fc660782a4,treatment,False
7825f8752ec3492ca85b08d1beaca146,treatment,False
8826d6c051e54ab895f3ac02515657dd,treatment,False
fd8ed01dace74ea0bfd815c2e9db6a8f,control,False
2ffd940ecaf04d1ea8be3e7657adca9b,control,False
bb15341830164d75891342541a680274,treatment,True
b4c3fddac9084ec995c7de2da817f63e,treatment,False
9651fe00ebac46189a6c2085beab9342,control,False
26f1d541cf124820b594aeb31281b254,treatment,False
2e090cfe055e47b390e7ac64cfcb3cf5,treatment,False
02d82813080c4759b2d4262177171910,treatment,False
27b899b1295f4e4fbba99762fb44ca54,treatment,False
9015eb0271154c9195cfdc2e75fa13ee,control,True
bea706e1b2e2498a8606cf5189904ef8,control,False
a0bd07f287b848dc828c97f954696ff8,control,False
bed8f13fdbbb4e54b3b79c5ed53ded64,control,False
72c1dbf610fb4e8d8e4ad84fe5cfa6a0,treatment,False
631cb4a507f442e99218cd0c05cb484f,treatment,False
69877598a98343b29ad0d782d6132236,treatment,False
5990ab566fad40b0947e14cc30dbf8c2,treatment,False
ae6596c5356f4eaab507ccae155ba85e,control,False
7265ae1a4f404d8a84baaa58b32be42c,treatment,False
a481ccc2bf2e4475becf568823465bdb,treatment,True
150badbeac624f0abda3f767c0789842,control,False
ce4d8c961a2a4dc2b00d07cdbea21bf5,control,False
6e35528fed514f36805b5ba9627505e1,treatment,False
d9965fb97f674a9db1580a5cb063fc37,control,True
00243cb947f94a97811a471314ae65b5,treatment,False
f3ceb004484e4f2a82267ca583c27676,control,False
124838b53f584a2fbfe942c5f9b39ede,control,False
eef30690bff04fe68771a6bab9a953f7,treatment,False
c7115650e7264c49a5a9fba923060e99,control,False
2a9fb04dbdbe48e794f9adaafc8dca80,treatment,False
90a8bc8d05bf49e4a1d554454f237258,control,False
98f2c04f159b42e09d905e10614b24de,control,False
746753cf7c4e44ea81df370e7e677c86,treatment,False
c012eca12b1840f395d1de2895f15fba,treatment,False
cce39fb741c44efdb9f544de2a2a2fbd,treatment,True
60a1411314a34d4dbc15d2be52f63cd8,treatment,False
07c1a0194dd64c55a3076adbc54c5dfc,treatment,False
e7816aeebdee4fe4bc60d4d01e1db9ca,treatment,False
d57ac76ab2ff428fafa6cc97a8492545,treatment,False
15fe3af17b67449384e2283d8b0e3543,treatment,False
ccc28dda1ce54732a6f6aa1014e2e7d8,treatment,False
eb98fbb72bdc473795097d94a00be77a,control,True
9ce7b71374144bdc9a42a2d28d25ca4c,treatment,True
d68334df43cc4a3584445c5b74569d1f,treatment,False
82d1d38cf2114d3b906cb9d300bab4ac,control,False
1fa38e6ea4304ab89722b0ac3f254052,control,False
651f344ce1204cba808586f625aae93b,treatment,False
69fe35277c0940b9af15bd52f50c5303,treatment,False
f84a3aacbfee4ce88d31e6be3f4cc8fc,treatment,False
b82bb978ffa64e88a95fe62ebf64cd99,control,False
96cc5d4a8f2149139f8818f8d5a6b6ff,control,False
e4e1c8cb453e476b8bf205499894dfb7,control,False
03d2f6fe08fc456d85e3ddf11437a778,control,False
42c4638e14a34434a95afa32b9646c2c,control,False
0c5ae39af2d3488fa077bb79324db2e3,control,False
8ce11f4b66e246d89804660745eebed3,control,False
049e61320e214bd39d0a0e02993c0e89,treatment,False
f6543d54421a426cb410338efdc938de,treatment,False
985f3f30c0e445cd9d890a26e22c28ef,control,False
b2e6db74f1ed4c30b078e5de838bf52b,treatment,False
6765cb2d8ad54b11affa2485a7e84eba,control,False
b3df5ff726114195b10925a8aff97e83,control,False
226dde4d1ad946c5a3fa06e0691c2cc0,treatment,False
4b203f5d97974025ac1896837a61b7bf,treatment,False
c6548846bae34c5fa3d789f79d376c13,treatment,False
9fc215880f244a05994657ab6eda1267,treatment,True
8e596a8fdfb341ce9ccef1ccc970282d,control,False
dbb91fdaf13b4d63a6404dcbf444ab98,control,False
2593c11899fc4678b302058e7457065f,treatment,False
37705ebcd1e645858c08bd99224f12d7,treatment,False
1645a0e9dce14017801664a119e706d5,treatment,False
65b5947e2c2946dc8d051642babdac9c,control,False
9dbb74dc08934bfe8588828a0cbdca77,treatment,False
67bc6cd0d21e4e7e82a2764ec945bc88,control,False
7220165daff34b2c9a16365911660ee1,control,True
2f951419ab7a4b6a820c6f3cf18941ce,treatment,False
e89c404578e6402f89cda514b59f0a46,control,True
bc8c41cf0f58460cb81e7da0efdb494b,treatment,False
0b84a4a0a6cb42a09f5d0d6a0a6f91c6,control,False
647aa97b8d444d28ae3e09788698e53b,treatment,False
f4c3fbc4eca848e4bca5796cf5d9b4d7,treatment,False
5fde3f73b1f0462b87842c4041f147ea,control,False
e0b6bb9d627248119eac71893bae0827,treatment,True
5e8cf1f5f39045f5b91dd0ea43b66484,control,False
d5c3e24072344f77ab28a317cc36f259,treatment,True
424b537bcd9f4b569c9e7de85b4633ba,control,False
055dfc3bcf374b449169d9c1ed4d6097,control,False
a22565499195448e9bf3129925a4625d,control,False
de1f7c5530b14fd5a9e5ae8f3fffe608,treatment,False
e5e6144d7d1c4ac2a1a11430560d842a,control,False
97193fb58c6f4147bc597df57ceb80d0,treatment,True
a5c5a94640964362a269a1397f5e3de0,control,False
99ee44d07046473e8f0c4844cfe6eb5b,treatment,False
5b91796c41a44e19b4d739bbe7b3fd29,control,True
e8be870130304c2fbd051c84eb47ecba,control,False
2f1c96908cbf49ba8d4dbc5944f20a57,treatment,False
e205ef2803a44baea2623cd66a7774df,control,False
623f23721b5d4f06976ee3be97726713,treatment,False
ab38d2b2605c44baa8de658dc61eacc4,treatment,False
7bcabf1ee014480ea16ed12963b5ba3c,treatment,False
a2e4ad5f418d4854a785d706bfc4e4a9,treatment,False
39b2bc20c6a649cca8149e4d170dba69,treatment,False
d231fb7152bc46fca4ad3a71891c3234,control,False
3821cddb99014e4197888fe77cd59429,control,False
e355aa333d22402fa3c94b7731013d74,treatment,False
5ca3899c45bd4e36a091a3fb33878ce5,control,False
9379c972263a4e95b04672ca8a1d9325,treatment,False
e476cb1b86a84db6a28b85d488226e7e,control,False
62ead51ea76b4f55b8fc39df241d90ff,treatment,False
7a2f44316e1c44d59312ea668112a1c5,control,True
218d9c8481664c6f8fb96092a790234e,treatment,False
095ada3d110d4142964ca5b617bfd2e0,treatment,False
560c1a0243d74472802931acc2cea2c0,treatment,False
7ae03e5d410c4b678b5f088612f89e30,treatment,False
ac88b4cd50ae426c8f1e342740a1c489,treatment,False
451beceb105641449d073d5b2391c591,control,False
2a28a8bf7f9e4c91871a360570faca7f,control,False
2d5ba6b1b16d49508503415f7a5430b0,control,False
15723cfee40248a5b3cca682c100455f,treatment,False
4574e40b86b74bf9817d57af07a3090a,treatment,False
99764cf84de1413c83c9e526a0837a67,control,False
4f601065208e4ba5a4a13f84d248c9c7,treatment,False
5a6947f7b97f4be5b044609c6afa4ea3,control,False
37fde536a0b14443b03906350546097a,treatment,False
db05d0b4c2754e3992408fb4afca50c3,control,False
bac2ae2e7bf341659e7a28543f50761c,control,False
f7e1f64308ee48feb60af09b822fd581,treatment,False
3e98391bb57846adaac5c1b649f5a984,control,False
5290cb704ee941399e8c8ef32255e9fc,control,False
eee89934df6f488b9f689d40dc8c6f75,treatment,False
f6a4e56f347a4c7997bbbc9749e4510e,treatment,False
a90d2916c24f484c99de796fc181ca31,treatment,False
a3ff6f7dfcf8418aa272a839ee1547f8,treatment,False
029df7184744493195544d1b71c42388,treatment,False
7b0b0870d9d74050bb0950bece09db9a,treatment,False
09b96e3f507c462e954cd7a5818c41a7,treatment,False
4f0a09f6320a456c8b4c4aa7c0baa58e,control,False
a9a70c679fb04f28a49a7a88cf234de0,control,True
43e5f8000a934f91a83b5013a7eef89d,treatment,False
2cbbf98513ed4071921e9cd8f19ceef6,control,False
69febc8d8a81465b96491a45b841b03e,treatment,False
3b8baeb8891b45ef975c5c81ae1f3508,treatment,False
5d5a4f565d294d3e85b0d25ce785bc7e,control,False
8a7d0e41e96e4d478a68c3580dc3915e,treatment,False
dce4df8be28d4967994ee00c5f8ca97e,treatment,False
1aa0d9a00910436da4167845e7559a76,control,False
2a47f174b3fd4231906c723df04bc42b,treatment,False
cee9da2f18ac4864ba02e8be145f31c3,control,False
5c6a97d1c00e433199272f5fd43498ec,treatment,False
60be25b995af49fcaba1293cb469cfc0,control,False
f14ec8d1ee93435099863696ec655514,control,False
328d37739d7b45c6b74bc9e7cf979bc4,control,False
e9aefd24a5af485e8d1be656ff8ff5b4,control,False
af98eeb301f7408ca38ad6b75e1a8fc0,control,False
8a39211b224d45f5bd2c34d769fa965d,control,False
23d495246bf742a9952c5fb1a90212ff,control,False
6a42090026f544c1879160a2415b18d8,treatment,True
8dc27fe36d864e1fafc290029f5a59bb,control,False
86157b6cec8b465abedd202356daf050,treatment,False
9675288e36dd4d8dab94d3f0b8090bae,treatment,False
5d48a7e0dde84bbdb5bc131ddbbaab36,treatment,False
3e7b8eb0a60847aaa5b7d3c75af103a2,treatment,False
cc89255294744c34a0cfedbd988b0c21,treatment,False
5a686155eb7542da9b5716d30a43114b,control,False
148815743a1e4028baa68d996be5f84b,treatment,False
dd5a8b7126c344e38a9894fcb490d038,control,False
2eae6ced67f2402ca8c51ea3d03037ca,treatment,False
3f4c06c7b8344a6d8cf089fa97905a1f,treatment,False
fe7600a219c0436c8032d997a321bcdb,treatment,False
8bcd7147e2b14284b3fd07f286781581,treatment,False
5c743a4aa5a8435ba3170d86549120b8,control,False
b376df6e67a04965aaee47361a766b91,treatment,True
7f93a06484b1474dbb02bbb808b5e731,control,False
099525c6ccad4f2badbed6d153de8b9a,treatment,False
a456a26a760145b7b414cd8157d274d9,control,False
f09471f8f96d435998337975418b6c10,control,False
435dbef562e54a3c928df6b67a7caf1d,treatment,False
d9ef5741f4574a3eb0f6e901cafeced7,control,False
f448efc5d3754612892bd4a3feab07be,treatment,False
8b4b454a2dfb4d55b38a01bbf9d65d59,control,False
425bc62a690649ab894888e3815b5e82,control,False
8a629d768f5d4cbab411e016718e58d3,control,False
9580ec81ca214c0bbed90fd6776535e5,control,False
7f69940aea26423ca71f832487e1b131,control,False
b4229c5e8cdf4e278fdcf1d920cc1321,control,True
4eb17727ef4b4bdd951e08ff71a4b706,control,False
959cc489f5fa418b95d74a6580df8876,control,False
71bd5c1598e44fbebb034c507bec4bd8,control,False
cdbf0a8649664fc4a2a1db0b0fa9a838,treatment,False
815c9446b3a74146bac095995be0b1ac,control,False
d29a072320a543ac907fef2f43474550,treatment,False
33da1e05775346ff865286d7138ac963,treatment,False
8af54d92409d4876a2b009db454f56e1,control,False
33a45a640363427d91b27d8d32bd25e8,control,False
0416b485ae794492b794ec227645bac8,treatment,False
d2461ec2020d4d8c9063b0066af9324a,control,False
eaea69c6a2bc4a6c91f23b0fb4cd47d2,control,False
9cc56c2a2fa8431299df5b346be9b440,control,True
15fde02f500d4b5f8f1578d3f2c8e8db,treatment,False
77cfb184d7224f3794661b4550ab0fa4,control,False
8b4f31a76ad145d2b6f42a8ce37ce84a,control,False
d88d601e5c6647e8b81abff201482069,control,False
ca6b18f9700a466ea7f013c9f06ea113,control,False
d6819b4f51044017bc9ed29fdd7cb23a,treatment,False
b059991ad09c43e6acb35a00025aa1e3,treatment,False
9f8c50c48f204151985c46b710326633,treatment,False
10f75d9b2f274e75b8618e41b605f835,control,False
d0bd379ec7ef41b7b9be72a1d3c97f40,control,False
9088b94dc02c4fc08b4f48d2ffdaf3bc,control,False
dafb091d049b40739ab94e9926205436,treatment,False
7eae92ba893c491193a3d9df4a2576d6,control,False
a117ce595c114cde91149ae91d7d517b,control,True
c676515d61654a4a9ab01d6d56dffddd,control,True
cc36a6ca0f4c4f30bc99dcfa2e816ab9,control,True
0a50f4e6e3e0428c960910fc7c963c35,control,False
41f16b9886eb4657b5c88a64e9ff1626,treatment,False
0812cfcd60b94dd9966653894c6a10dc,control,False
0a91d858fa3c4b06a3cc32f9deb20b35,treatment,False
9e4a30a3ba40467281911fbbd0da11ba,control,False
68f2974ae79d4dd2b2907db392e4d681,control,False
301860f7626a4686aea9758caf85d7f1,treatment,False
710064e7226540a28318a3a07eae0978,control,False
27871dbcbcdb4b9ba6a67f0517420a54,control,False
71b8635f2365426aac1f7ee112144dbb,control,True
1a52f419256d45abac31ebfbfe3a4443,treatment,False
64da37d979c1425a9823d6c409bdc12e,treatment,False
df2e38c21b42420e9b76a96ff6db5b1f,control,False
52f25e4af6634005a5c7b9a45448d4ac,control,False
dd8f4dbc76aa436485cfbd1b873eaab9,treatment,False
3404643903b148eabd3c4eee5bb7d495,treatment,False
9d6e737c297b4828be03bb3c2efd3ec4,treatment,False
2248163e833f4f42aa62396d530648a7,control,False
2b8967749124467fb6eff6497dd70ef7,treatment,False
cac05f81f29e49c68671693d0db91068,treatment,False
f04c080f1346452ebc14195908c32e2c,treatment,True
b706b9310d5e47cead28025e7714a561,control,False
3200693d694a40188de8e17a7d5633ce,treatment,False
4985d3eb8998473ca98ebb660f31afb7,control,False
dbd22240e9744929a2a661d18ee03f11,treatment,False
658ac1baf6d94696a4c629be43f83984,control,False
4107113ce55a4e55bcf035603a6c23f4,control,True
2ba91b28e38d4da89e5b073a4790fddc,treatment,False
a23ea1b97ae642fb913d80f41af2b3ff,control,True
d67a214cbe27481ea04a5fe63b4419a9,control,False
a09acea973c54be2b46321205a161dd3,control,True
1a14d35336c342aa9de62dd9b8103880,treatment,False
29e2e234824e401c95f291abed9266da,control,False
ca8da278860e42f89a19f432e52e152b,control,False
40c5e575d9ed4e23bd18ec6cd2a7fb89,control,False
138ef0bfcab847d8aa5a19415a2810c5,treatment,False
da950d813b23436ab00c75e7311b5cc7,control,False
5f3683c09c5d42bb9217dbd1a23174f9,treatment,False
7adc5827c2fc46379df1fb384367d007,treatment,False
68d048e1a961471b8f1e7ccc54e042cf,control,False
9c7af6564a014d4dbf92c3fdbb37c84f,control,False
1064dfb4122145dbbc6ab4b39c924b9f,control,True
b151a9efe17247c1948d40b0276faae2,treatment,False
aa1924c6ef534f7e972ee73de3d31e1c,control,False
7a9219f197614ea3b5ae8f072cd9622a,control,False
af15274e05b540d7ad552440e630b798,control,False
1edbc674bd82455ab425dd0bf4c53d2b,treatment,False
6d36a528a6704b5cbdfeb974a5191397,treatment,False
aca34c5a4a624569af348126e30058c4,treatment,False
4dba629999454cefaf3eb2f525c20283,control,False
47ad46b6456d4431a7b9019d5bc0eabc,control,True
74ddf326fa6746129066bf8dd5de38a6,control,False
0d7ecc30d6d54175b7aa9f9ebf81638e,treatment,False
f403efdbfa184067b538e844d12b5c70,control,False
27ad059358884bfe9d896057fe8696a4,treatment,False
da1f2ca58de34edbb2dab43077aebb94,control,False
faf7997204a9443a89dd638477b4decf,treatment,False
1d875340f9674b42997e936a6dec2c9a,treatment,False
16674d4bda884f9aa3c8f8909add2d7b,control,False
6924ed5824244b2b836a6ac0c811ca77,control,False
c7085ae4f2bf4b54af2836fc95024463,control,False
ef217b41bdd94a39b8ef3917c90ffaa0,control,False
10e3045864264d859e9bd907e121746d,treatment,False
90feb43ecd77487e87073084ce6a4273,control,False
ce80fe85225b44078035a5c1b83b63c3,treatment,False
d40a235d39704896978bed2a74815034,control,False
7bc4f4d52bc14996835d0f47f048fce7,treatment,False
2a6439a5066145a689f67d48602ccd0c,control,False
d20c488a09a94d8da4092f6578453443,control,False
2155efb0f16c4dbca0fd70fde323895c,control,False
d53ea2b22180404c94b7b952e5ea14d4,treatment,False
766395f35fbf40f095accf224d7fef67,control,False
ad5776f820194d2490f16b2c0fb13bd9,control,False
498d982eac6f4346a2481882b7bc27ac,control,True
3dbf37f9726242f084fb456dae472a0c,treatment,False
727e8c29d58245f8972c24a2622e38df,control,False
cfdfd0be83af4a19a6998081fb306962,treatment,False
dafe160d43a2415084f658f2af59437c,treatment,False
46aa0d7ebd1d4f59a92cc36abb4059c6,treatment,False
568725e7d5fa4726a9eb0c7493b762b9,control,False
3977258e56984ef1812d4e71588f4977,control,False
55c8aaae01b240168dc94671638841c1,treatment,False
399bf5e36f4a4b8aa157063560ce2538,control,False
3bfb56840f6c4bd3816138c5fa432cb1,control,False
be87192382b8498b92880df46785e9e9,control,True
255214a2d2c149389663edf50a928a06,treatment,False
0d137dca86fd470f8f8ba810853328dd,control,True
17d5d0ce6f5d4e6e83b4187c4b18a78d,control,False
84386aeb8a9548c88697340f05be4229,treatment,False
067f1bd976354ebcbb0163170f4d662c,treatment,True
2f5b87622ff14ec795518fbe563e0ec2,control,False
4aad8576b878459aa76af853b8948604,treatment,True
a42b1e88835642f3bd387a8efad83d47,treatment,True
d7cee674ddbb4421b97a0a1cc1a94063,treatment,False
45186ce977da4bd089ecebf6402f906e,control,False
0954ef77e9b04a82aa6c527367ea4844,treatment,False
5ba7456da4e441c9b971c8e601e7f8bd,control,False
ec5c9a1815dc4f9f85951f39f364e98a,control,False
11ffe7658eea4206ab4ce8fbf891ca60,treatment,False
ab245f0e70c14da79333269685933bae,treatment,True
e04016588dac49bba47b22f9fd3f59de,treatment,False
e3cf48573c1748d9bf5d2eb533a62c33,treatment,False
0c11cd1920564e59a505a0bdcd3babc7,treatment,False
cf4491a168414b179eccee32d6f9b2fa,treatment,False
eb0164b1a84d455ea108a1bef9b0da18,control,False
93a15ce85d534f698dfdb443a053c0b4,treatment,False
77a416dcd9d2451295ee81f191a4b02d,control,False
62b152f22bf847828d82a1233cb43685,control,False
5f2e54c3ca91431dbd2bdf0a589e636c,control,True
65a13a9b0edf48dfbadaa40f727e803d,control,False
7ac50ba4adf640a4b7fb8270717ac4d4,treatment,False
78b518dfe1c342d18bc95187131cf8cf,treatment,False
f5e756b4ca34410d88cd244cc08a0b3f,treatment,False
41ef418b908d4e5ebf66d44f806ae3e6,treatment,False
c4819e44cd854131bc9f266b97b0189f,control,False
037e47390f44481783a548180a41ae3f,treatment,False
ba4be6772c9245fba5c744e6b9c00e5a,control,False
de3f826d60014addaae3e045b719ab9f,treatment,False
223612bd9884491998cc9002df2e9f0e,treatment,False
5c38983754734f44881551092c245794,treatment,False
25f51d2e7ef046c391c93b2449407afc,treatment,False
444fddb122b14e85bea99d9ff4f017ff,treatment,False
bbe01a7cc34541ab8ace619a676261e3,control,False
5e815d8e63124de190adebc208610ab2,treatment,False
69d04ac8a82d417e9da9ac8e5b41ebe6,control,False
6f2e53e0f3b34fb680e6d07599bbacd0,treatment,False
f3b218b652eb4ca9aab871ae9341c26a,control,False
f041ada8a2fa4088a9ce7efb21770a13,treatment,True
2a8daa28a15d46bab322e461c6d879ab,treatment,False
ba715a05cb064ccdac63d5be26df0876,treatment,False
b8f9c9dd96d645c6a84bc2db828ea19a,control,False
7f10bee95e3041498ad267cab3418488,control,False
5462099e20b547848b4d582eb2e74c2c,control,False
cc5bf75a7d68491e85e222429dcf9147,treatment,False
afbc8805072c4a85a28f7622186340e4,treatment,True
7f33cf22e0fb4df2972cc0c13f563fa1,treatment,False
142f118c6baf489191673c02fcebc017,control,False
97c11e4862434a39af6ce1b0588d9a97,control,False
b287503979a74b9facd8ddfbcb6ecc13,treatment,False
1c599de03f644d8fb5173e23a0f3ea7f,treatment,False
47d21209425c44f19970a8dd6db3b064,treatment,False
f1b97caa99f4483ebb6a8a49824c95b3,treatment,False
8d53064e13fc47ed8b550a9dfc976a37,control,False
c831264dc7534074ad36e393d27554fd,treatment,False
8144fa3c296c41ffb2b8a7ec2d456c7e,treatment,False
83001cc4f083455b97b29baa2d7639ab,treatment,True
14bdc69fb8ff44ae8296ccfa9d312cc7,treatment,False
fda01ee0218646048264e85e1cfae1f9,treatment,False
26fefc2863c344a299f55baf18707229,treatment,False
3df39338d5d94d83a7b274eba50e49e4,treatment,False
bc36737788924e1598eccc5c81446079,treatment,False
cfb5d8c0507c4c829c4c0f8c32c299f2,treatment,False
9b1db8192c414ba7ad417d0a5c93c82f,treatment,False
f74ae82368ee4946976efdc20ca9f3e2,treatment,False
10b9ec08b29f4751877eabf84d1d5e8d,treatment,False
731f79748e564171b291c67376a98c16,treatment,False
3b4dbf10eee1497b9f5d5fabbfc291e9,treatment,False
fa9fb98d5e5d4e04aa50475b02758532,control,False
0f92bd8d180642ff830aad45586f6fb9,treatment,True
9a8027a650dd45ab8a9fd78726c060fc,control,False
5fff97ea58ed453ca5945ba333125a38,treatment,False
8c9c9c811def44d783133c068dc28a5b,control,False
ee9ce9b1094c4d6ba94b1caebc18de52,treatment,False
686af17429e34b4f8fd63767dc1e7c16,control,True
f5af8182cbcf4094900781711a0f9a46,control,False
2de7bd8208464b3aaa795e05f6d83c36,control,False
bcd539883dea417fa179c27289490f83,control,True
699d2eb798cc416185764131def5ec69,control,False
4f93efb2e3614736af6b472fcd376dd2,treatment,False
4c0b619a990348b4a5f5d51c942b3ad0,control,False
4e1408c538134e478349e38e2f7add72,control,False
85260c638dac484aab8b7a781ca910d1,control,False
442c684d73064cd88db605e8d1cac90a,control,False
4b4c0c78992f4496822494900bfad041,control,False
afe70742a4304fa5963f54555f6ea1c5,treatment,False
e3c7623afdbb4447a3630d2878324c0c,control,False
fa6e6962efbd4c3d99a96db26e563989,treatment,True
eee08058152b40b4a2b894623ac4954c,control,False
e89323a6559d4be389c1224f52372759,control,False
47839abde76644b6bd9a46dc38230bd1,treatment,False
8501ce7113e4408e9fc86709e7df09df,control,False
d505c74808ce4588aa4f5adc4b08635c,treatment,False
08340984d9654cc8b3efdc1248e4c64f,treatment,False
dea86242a6094cf884181e6d8a6dfa2c,control,False
efa43b5250ff43819a5afadeb2a55289,control,False
73cbff269f144e3587d4d2956db91bdc,control,False
d06abda517e1442994152803d029fbf1,treatment,False
017b0f5a3d6c4b71bbc5c8b00601ac14,control,False
e6831658cf46481f87c6c3b84d9bce79,treatment,False
8a6f82bf839047a098ac4b81c4c04f63,treatment,False
06e05c5996a04016bd04c6714b1ed371,treatment,False
07e449fd5bc0424da9b662acf1777cbf,control,False
152de0b64eb24971bcca9a4e951ace3a,treatment,False
1acb53c40ecb4c099fb03edb653943de,treatment,False
d626a38eafde4a24a26e30846efdfc75,control,False
ca57b21c75144bfbb492fc73bd9d73f8,control,True
fc061158c9dd456aaf229a5abc89584f,treatment,False
2c993db1dc1041bd86f1993b6919bb4d,control,False
a09f824845af4b6f9ea1770982b9700a,treatment,False
05755dfdfccd44f79467f84c2a97fb83,treatment,False
389f923da00b4fafbba01a3c11026e27,treatment,False
8b04e5f138c24bdfb11edeb3d126c690,control,False
895b9d2fc4a545f6ba0c75ee2a0f25e6,treatment,False
958dbc05454446c99cd642a72e744a63,treatment,False
bf2f971ce3ad4ad4a42c0ce0a5e0c9f6,treatment,False
4087c41a72b64e59a67445cf7cbf93e8,control,True
0d8cf410b61f48219e5872d619814919,control,False
cb57537d1ce143839a5533266e0b4ba3,treatment,False
2af1d06628554dfd81b973b17abf62c6,treatment,False
1d8ae8e80e124b38808b786b1b622fe2,control,False
b334a59366e0480faac6e20e5a6a18f8,control,False
9e8f06f01cdc44c392e7ce2a68746f72,control,False
881b3104324843f3bdccba8bb063c946,treatment,False
947455ab29ad4f17ad63e325f42eae64,control,True
f82705dee8de4456a5800c893108a2a9,treatment,True
2541228cd94e47f5b45bafb492b442a2,control,False
83aaf025436140dd83d3345479607dac,treatment,False
a186febc4ea645f4a746768a8f186378,treatment,False
8ca320d99e754176a0d99db9515aa33b,treatment,False
9dfc482555274c1ab3616a6ea914311f,treatment,True
15027e62748d4ce49c7bafd601bcbff5,control,True
aef4d0bca94a484f871a41fa47379df5,control,False
c746dfb810b6481da72931a7b1082bb1,treatment,False
eb7be1cd89534ec0b00657eceb3992ac,control,False
feb57dee2dcb4bf1ac9871545ab99269,treatment,False
5ca3a1e29bb54f5ba82458f44a48e355,control,False
2fba6dd1ca42407ba461296ab6abd72d,treatment,False
f89edcae4dfb40ee92d3b350954c3122,treatment,False
7abff9efe0f045b68c59fdfbed0fb54d,treatment,False
14b614b236c5435292300f86a10192b1,treatment,False
84b6e15938e54c9681bc9e07fe19c6fc,control,False
099e8ca4dfe14a38a48ffa5aa6374e84,treatment,False
3390be9bc11f43ea9837e3128b183e24,treatment,False
d698cb3e83de4bc58f7c5db30ca63052,treatment,False
944cf38b10a743fcb426cc0a7391b0d7,control,False
2e7a58c99c644ca09f88db5834b0a51a,treatment,True
202281f93cf7472f8a6262c25a187c67,control,False
adf1d1af11b54c288523da7360d270b9,treatment,False
9405ef8341be402fbd9018846ce34f86,control,False
78bbf409b8e5437f9583d2c1081352d4,control,False
a9593a6afed84ecd8e43aff660a54498,control,False
f6e19aa3a18744b0b2163325f6e10249,control,False
4628438cf2b0453abbd65aaf8e8b5bb9,treatment,False
f54733e67bf649ff83d2b977c60001cb,control,False
ce0efd1ebf434799a65c35b265b53c1c,control,False
a90393c977a74ac78cabc5887e314d4f,control,False
e5d1f72de880491ab4019932f18fa04a,control,True
5b6e8f37769949228c89ea5825f963ff,control,False
fc27a04604f04b90b1e63d1b7dbd83ab,treatment,False
b2ca75b3a15841399e81325a50d107d5,control,True
433d2caf3abc470c9d2d60b36d934d4f,control,False
3ac49af47476436cbc71b2feadbb2ddc,treatment,False
ca97320043304973bf28db9aa58dfd37,treatment,False
aab62788d688459189aea226306f7cd5,control,False
183d9e7cde60495f891e3da1b2bcf16c,control,False
c5ce9e8ae8364f71988cf8dce1cbdbee,treatment,False
facc43ef42b343ea8e8b9fa9eb857530,control,True
8ce9a781eae74fbeb01325c803c3eb6f,control,False
673382d48ac64c048acbeac7002749c8,treatment,False
0157ed517e96405cba30dc4e195c09c7,control,False
93078c87c5f841a88dee76abadb8b9f5,control,False
17bf1a234f884d9285420e6fb7fe9d40,control,False
0c160e619d264428a4f9959186130bab,treatment,False
cca3d138083f4c2f9e953ea2ab4daafe,control,False
578984a8b9664d6b816416b0872d9b81,control,False
e9feb333341e44ee9ee4df36cf2cdf7d,treatment,False
62fc86855823471583b2477dd8c4fe64,control,False
afca5af9b10e4796952c6abfeda5d6a9,control,False
3449e1ba86c8451f8fe5656a3e964b21,treatment,False
b5eb05c562de4ea4be67028d6845db35,treatment,False
9eeecbc6a056423c970c12fc6a0c8de7,treatment,False
b198c5c892a84df5a6070f30d426247e,treatment,False
c25848966c864a689024dd12a68bb5d4,control,False
a95c747c470349a9a07927712f80ff41,treatment,False
ae576571aac44042a519c4c234ac4866,treatment,False
11d9916e638c410e8d1b61724ca6975a,control,True
3b1ee17331214dfcbd5cd2a1fec682fa,control,False
773553d8987f4020a5f9c1e15a1b8b7b,treatment,False
99eb260ef5c54e9a9e09d60a2cb2298e,control,False
d4e7298b0e4c4490816dc2b03427d999,treatment,False
93d66a5a13a5497b9e8db3f41963f52c,treatment,False
6ae96a34bbf44eb887588453c8852c8d,treatment,False
89aa79b9b89b47b299602377389d77be,control,False
3114c6a8cf6542c9b5afe950dca03610,control,False
859270bcb29c45148a7cac4fd3df5ed1,treatment,False
e46a2e215dea401aa8bfa3245750790a,treatment,False
8ac0acc71a3942f088fbecabc048a517,control,True
80a51d6309fa4199b69240124b84f215,treatment,False
0e1a8b8a9ec24856b27a0e98452da525,control,False
d969ccbdfd0c4c44bf80add6d28362a3,treatment,True
11affd9a293f49bbaa23dcf1ecc3446d,control,False
2cf4eac5c36b48bdb3bbc3c080bace0c,treatment,False
0148444f43b34920833a528e9d795c54,treatment,False
b1d214b04de14747b9019ead118fff69,treatment,True
4e9eb78c645a4d64af58d6dc9296ce37,control,False
5f81f3fab1d440a893731672b2c5f7ad,treatment,True
5aabbf31eb054d378733c9fd005ad20e,control,False
fd26806e54f24651b7329044a8076c90,treatment,False
61a6708773be466b9dbeb16a1c782fc6,treatment,False
0df2025f223747e0ad5af9f47a0ce1e5,control,False
7986c92c45f540a79fa03f033837ed54,control,False
5e175471a11a44d8bd93bc2662f60608,control,False
02d336a6caf84edfac6d1199adead794,control,False
b3c770a24ba6488cb632c1508bd09737,control,False
9a525ae95b424d90ab868359a9a122e4,treatment,False
7eda4d10065b4d6b8929e00979f8310d,treatment,False
c9fa5fb651d6457da2ed8df6c9bd23b4,control,False
6a2a3d135b574953894e1cbc84b52f30,control,False
53f2f8533ba8480e87e9a0547b214a6d,control,False
f0c8b56d02b74524a0df942fccbd91ef,treatment,False
afb1d4277fca4b6c8ccc13f17c9f8179,treatment,False
4a69c184e409431ab5beaf2f4fb65262,control,False
3f4b3ca2130a4cfe9c06352ff3794bac,treatment,False
4b10249ad29c4a218444797844755ed6,treatment,False
434f04e93c4a4bbfb658557bf6fff870,treatment,False
2054e70e053c46a7afb8bb12dcf02a2c,control,False
043c4aa29edd424da17189dbcb1f0be5,control,False
4dcd411b06de4e0f90b4b141fdbca98f,treatment,False
58da6d3a0c6e43f09737e6f57dfdefcf,treatment,False
545b2305f35b42f894def5608c67d721,treatment,False
fba0db9b9d0640b9bdc3b477d370a0e5,control,False
d24a3c1165d64b6a9c3f53f6f9a5ade6,treatment,False
04c2e25dc73c4f7187349454e6f7d3b3,treatment,False
266ea1f81f6a445f80ad42bd240ffa96,control,True
5ca676dc7be7424a992a0c6827feca32,treatment,False
85996ee13b3547e38be73896b670fa50,treatment,False
a05b86eefc0e4bcca2faaea35191aee0,control,False
c258a8f2afbd439db6c9965940ae0831,treatment,False
41122d8feee4471787b950477c93b3ee,control,False
46adf0bee2514cb58edf4300429157af,treatment,False
1dc90cd767064abf809b465485f64589,control,False
7d9cb4d0e447426cbc50ba475d147c68,control,False
1f0da9ed9ab549b8989c41162a57421b,treatment,False
9d24ce9ef15f4746808a11cfb60041f2,control,False
3354cd5ba2374183946cc78d7eb6f5bf,control,False
2aaa5bbfc8554ea7b55b17bc1f13c1d2,treatment,False
1cf7bfc06cb040b2b006c9f197390887,control,False
32ca114c846d4a469ebf9c59d743c6e1,control,False
246c8c65f8fd4e9dbfa8774310160a92,control,False
2540a1bd931b4bd3a5c8f085ce8dcb37,treatment,False
6366335fd71b4e489308aefa4a2df7de,treatment,False
2599eeb3a0d648a2b2ebe55f4c0f0190,control,False
7149fbbe5e144ef4afae2c9c738983b0,control,False
2340e693cef243daa89a3938a2e5ef5d,control,False
2acdf12d754f4905bdcbfd0718d3e215,treatment,True
4a86981cab804e129242fb93fbf02702,control,False
1c97049e72a94d4a8fe62a227622f8c6,treatment,False
b2d4a9c32ec2403dbbcf05cd11d9bb1a,control,False
a82eebdef5ea455c8dd110aff7428fdc,treatment,True
a735e3f599814ce19bee01557997f2e8,treatment,False
c288b21a894e4616af2ee7e3f3123133,treatment,False
6700830e4c9843808f45914397dc6ae9,treatment,False
be213fd8818147b2a6835699ce668f94,control,False
607b80be4eb041578c3b5b91f5230a88,control,False
ab3e8277cd674c709b53a825c5b34b6f,treatment,False
0fa195b7559c4412bd4e27a8fd14d71b,control,False
e0b440e01bf8483297ffc8db64bf085f,treatment,False
6a7087441c9b4e1c9392df44ad1fc194,treatment,False
eb49642054444883b58c161da24d798e,treatment,False
283b6d075da54cbc98a90b986175b035,treatment,False
e2191a694c2146458b0c0a1a52f57a7b,control,False
6ad0e085fc7b408f9ec3605aa56309b4,control,False
9b79ea7eaaf1432baea2dea6b3608d5b,control,False
4a8fc107c9284519b2143b4ccb77ac91,control,False
16ca5a3f1fd1408ba49d127efd51be1c,treatment,False
51959669c31f46eda0ec5ff0da1fc491,control,False
605069202f06449e901426152f8b9b36,treatment,False
f863a083009d441ca8ee81b951404270,treatment,False
cdd24387f9d1481796408ccd0a4e8810,control,True
e3fa059c23044021ba75c13946bf62b6,treatment,False
91c643ef270c4521abf44d220f55187a,control,False
445ab82b161c48919f86a94f2787cd88,treatment,True
a5c9e2ea5df649b0adf54d2b4373ccec,treatment,False
958fe74f80d149328d9f27d77cfba86c,control,True
ae3db77098fa4e1c99b9f1f735f4d6e0,control,False
85d18e802e444b75a8f67105437d5585,treatment,False
cfec7a061bf64d75b843eb1363ee5c79,treatment,False
c66ce2f9b5df412abcd3577dfd58d59f,treatment,False
54b4dd8d081744e39a2d5a0384a29a6b,treatment,True
94e25e98516840fcaea078f65dd0ef8d,treatment,False
c3f3da564de24dd88aeef71dc13cbad9,treatment,False
812cdd51072d45329f7e1fe22f306123,control,False
6ca9c8e868534854a0ae32b16cacdb0d,control,False
4b5712169f3b486382b29ea19308d16f,control,False
35213c3cea114d6db00938d29b6919ec,control,False
297603ea7568470c88d2c1ce4ccdea2c,control,False
28b1c26d26b94594b6639187b83e2930,treatment,False
24b7e640a822449d9ec8fd1170dfccdb,treatment,True
02f0a976931b4231ae4152930eb7a147,control,False
41f0ac627eb74681b7c110c7ebc0fb53,control,False
fdd9e1ef4af042dab91d50b89b36d56a,control,False
63d0fd91f23a4174a0605526b055dd1c,control,False
f3826dda9e664c81ac9dd2cb4391829f,treatment,False
974d7845fb02424fbcd70262dc353353,treatment,False
f77b77ae823d4e1dbe92e2c6a5057e68,treatment,False
a22b47a0336145359c8e268ec3c639f6,control,False
340194bc19834c03995a683eb7de6855,treatment,False
eee8e39798bf4ce4bf5c84aaaeded4f1,treatment,False
e47561b1b1824bc4b3d80be0ea03ddb6,treatment,False
46ba6f561d354980989ed5d3ac48e1f5,treatment,False
4ad8b61544894a13971c1c2a8bae1e71,control,False
e9a4810d0ba84653875a29063eacb273,control,False
0919d3b93253429596a17d20a476cc3d,control,True
052c85b479234b619d5f505e4eca4dc9,control,False
28309f401ace4922b7142ddc6ce538b7,control,False
f4a3d48eb5c744b3894617ef442015d3,treatment,False
c93160677ba24276a3406243f3548de2,treatment,False
74d0b6155e4c41d5ad4f6f6d2dfdbade,treatment,False
11bc8966ac1148c9be970c14f7cb109f,treatment,False
06dc5c089137420b9a5be8e0e07fa26d,treatment,False
b6427c47e8fc4974aa651cac7f8f24a3,control,False
f89374863a8641848f007f7269ed3050,treatment,False
90508415fa564420822cf4d6205d268d,control,False
3e3036ced9aa479e84a92dc508d33e03,control,False
617ee96c1e524f77a2b72793e0875199,treatment,False
dfd1e0762fca475ebf63326940f12038,treatment,False
d401c3f55b2f477f89f6991cc8adf2c9,control,True
d79565b357934f438989ca49e0da99a0,treatment,False
6ffcbcbca76d43e2b6d774204f66774b,control,False
69de29ba0e1648128dbcd8a802f3803e,control,False
0bca7ab4e9494bca891626d1f1b5071e,control,False
692103d67c0d47b49c9a634fb1fa0669,control,False
01085d09b24c4b4ebc6233f16bf5fa82,treatment,False
9b0f1e2d8ded45a79e15a020ab204d80,control,False
773d33848b64465083a5889503b78ba1,control,False
48e43efc9f53461f9d043d7ebc58a871,treatment,False
6da018b9e87f47c1aec06276ac0ded37,control,False
cf0c15a6134f4d5ebf3484bc8ba81e19,control,False
15699b23b6cd45dea493e8cd86654261,control,False
880e3910793d48ecb48edc77b1217297,treatment,False
564d4713faa54309b7f89c5a2c37aebb,control,False
7539afcd07b141c5ba23b212388b7e5d,control,False
749bbdb29cf1405c93e151ce6ec91b1f,treatment,False
275e616469a844d9a81f82af438b2f29,control,False
7489921f62014182b996a89f20ae5b5d,treatment,True
4581e27f6c334f04bdb4ae35fcb33ec8,control,False
adfc160bff2d41ceb63bb91a5dc43d01,control,False
2147a73e81fe40f989dde6f3be5449f0,treatment,False
09266f33502245c8bcb62e7614026828,control,False
8724b0f92307475aab33ce7458301600,treatment,False
799105fe6a4c461ea84bfa911a1111b0,control,False
5361fe03803c4222ac4d21520a6c950e,treatment,False
47b619375ab245ea98e1dfad27279b85,treatment,False
0d70600901c44e59b93d5dac2decfa85,control,False
3a4af174c2f64db4ba219d3fcac37668,control,False
592b96a32f714fc999fce8b5b6204554,control,False
8aaab615d12d4d86acaeacb79eae7309,treatment,False
fbd7543a442d4dc9bcb7a62282b8d389,treatment,True
eeddd2a6feea4b79817e0a1a8878552c,control,False
3120346a370e4b1b94763df109bbfa26,control,False
b4b2d527f8e84aecb9a8f4cb616c4c63,treatment,False
ed856d5fa4e3499883d99edc45105792,treatment,False
459df8d3b17f4e038d1d17b2f7df812a,control,True
3a235a41a1bb44219e246b25a00f409b,control,False
6bb1d19efeef46ad82aed632655ab736,treatment,False
a5c3eee863254a048f4d3855287a8cb2,control,False
1e4b001b8af2473a9b31090c8c400d59,treatment,False
ecb5332278d041f9828056651fbd57c8,treatment,False
b4f17db3b68f49e08843ea6e8f96bdce,treatment,False
76d552f9bceb414da7573060d270d67e,control,False
795ebf23962c423aaeb790c7589c1823,treatment,False
c8a532fabdba4a21b7a5703d4d9d8f82,control,False
14b40c87c9cf43638681d9d1358f01f4,treatment,False
1c4b7516400b4724ac5a7cb7f6bcdfaf,control,False
2b0b55ee6a684d01a03b78d3a1a88597,treatment,False
ef99853df7d64b03a91524cf764458a8,treatment,False
43fd572582dd4dba89768503ea17d221,control,False
774e2545c350432282af70f66c1fff53,control,False
6e1cb0a5782646a690d0bbaa89f02e8f,treatment,False
a66034d03443404fbed2915db8211f6f,treatment,False
9cc9beacbb8848ea9713e79a14f6a5a9,treatment,False
bdeefeda44474683b8cf3ef820ee133f,treatment,False
903f5b5260834dfc9c735481bd21de27,treatment,False
e4a34b10086d4438a55762e9b7718ced,control,False
e5764dfcc6524e30b4953fcc813dff26,control,False
7e2691e83ece4f9e867f328032432bbb,treatment,False
8805191d05614f95ad5a630d996a698c,treatment,False
25b9b9b033f747e4a98850e63c919db6,control,False
b2bdd0e8cbad474e95a2b5444f101744,control,False
d0e99bcd622f4bafb4aca189d5ccc7c9,control,False
a08a1b36e05a47a49d39eed146e601a3,treatment,True
cf6848dd840648598dd1baf8b1a650db,control,False
c3c6122395a946f8b3275caa4fc0621b,treatment,False
add5250ade4f4d998f84e014a487b5d8,control,False
43098205ccaf4b699b41438c41e46f77,control,False
629c48d5c96f49e0ad95495ac172e374,control,False
31ffda22de8e481c9384abf679acb589,treatment,False
c37deeab6f6a4e8ab685bb71e01db6d9,control,False
2e31694bd6174590b6989c37d9d75d1a,control,False
7eb1f444792f475a9d6c6e66696fd4d7,treatment,True
6469b116210742c0a702cb576bf24e37,control,False
64680be763044d6ebf30d39c18d40b4f,control,False
0221bfdc729045f2a530f26c2313b7ad,treatment,False
7dcd2bee35ff4ba8a4945616b3d71248,treatment,False
2ed36cab79314ad5b7860b0d191b7831,control,False
8c84f8c30ac3497aa8fb231eb8b9750a,treatment,False
70686c6c35d74335b5c3aaa2aebe9ba6,treatment,True
ccddbe8fbbf74c3e8700ef29353bed62,treatment,False
1d9dd67ae9854bf9b8931060262145d3,control,False
0ae0f3814ca343a6987d7b3100daf52e,treatment,False
16940f47fc404e9eac194df0e6bf9a00,control,False
f11c19ffe710459684ff30de391d6a94,treatment,False
a27a4b4b31c6456eadcfc9e5c730bc20,treatment,False
48ea1a2ba49043a6b667e140c2081f62,treatment,False
e39fa815b8ce46929298ef7eb1406926,treatment,False
7a22e4b662114d7cb0e76760d3b97ce8,control,False
7a4313285a914031b78a091563429a64,treatment,False
8fda51acd0c9481294060ba30f012781,control,False
e7d6df42608a46ca85c0c1fd662cabd5,control,False
8a4b6000e06144409a89a38f24a8c678,control,False
f8069ac8eeb5429db89f1ed424ce88fd,control,False
e7306a05c3c447c791330781dc9dba8b,treatment,True
5bd83442921c459885e862076657509d,control,False
2e31e60157344aa08426597e2dac87e9,treatment,False
a6013833a75a4feba4776a685fe69aef,treatment,False
6cd26c90a56946399ee94186b974ff67,treatment,False
696b4000b5d34d13920440fdfdf0f7b2,control,False
1eab6b5acbe2447087daf1f720408b9f,control,False
be9f3b71e33b4137976a862a6b874bac,treatment,False
0cf7a0b8b92d4164931f8ac95a017ed2,treatment,False
a5742959ab2c4d1d8685354665e64eb2,treatment,False
8735160a25124b31b0ffeb9fc5af53a4,control,True
49672d2f729b4a079de8ee905743efc6,control,False
d8a7b9dff3f74dd39c95e7c2eead70ca,treatment,False
256be9cb974b4b5ca2777e2f2822f087,treatment,False
9271d7065eda4df1beeb76455a8a8797,treatment,False
dcfd666749f3490e89573aac31f390aa,control,False
2a0efaffd6c14845bc6a4a0574f0ab1f,control,True
1dec5108f9284cfeb9dd558e8aea4faf,control,False
e086992491cf46db9e2f41d98a7ef4f6,control,False
d65642e4fc8d42d287b03df21db7d7b2,control,False
2ede9d16e3784e138a51ae28c7fa7699,control,False
68b89f654fc240cc997e75bc186e5256,treatment,False
535a7ed873244135bf23b24458841f16,treatment,False
bf0950b6990545b991304afea63f5536,control,False
ac703eee849448b3b5d4a492f50f4a19,treatment,False
05735e16a9694a8791fb74e36d7667c9,control,True
1d3abd4636cb46d8a3f4be23b11bb0c1,control,False
0e1aabd6a066400c8b8d8a3496bc302b,control,False
81fc6f3660e3442d91c9aa5784896d02,control,True
d872627a2926429b9bb432d0ca9b528c,treatment,False
ef7a0d6479a648998fb6a055a154cbd1,treatment,False
a0429084049944b58de9312f7d856700,control,False
b92eaa593dd74dc6b6e8e3ef38b9585e,control,False
9da687aaa53e4b11873a9235142db224,control,False
3a93d306baa6466ebef3a2c16215bab0,treatment,False
c13564f10e574f6ebba6225452f05e1b,treatment,True
47c99ad4529d4372a868fe898a26b4a3,treatment,False
10a4e9fc9d4a478ea48114a519a04fa9,control,False
7b2bc2907610444c92bbf1baecd98f9c,control,False
271cb3b183a948fea11277d0338db4bc,control,False
4078d23945754a998549dc2da344390b,treatment,False
0120fbee9f12404884a62ba8d89a8723,treatment,False
5cca9951bcb64fe0b833ca259953f390,control,False
8e04a0e2ad40483c803cb50a76df5258,treatment,False
2693755915a74d279759527b290a7c30,control,False
78cec6e58d5341ca8a524f7713f37c57,treatment,False
62f22e77b7d049f2b10ec4c9863fe4c2,control,True
482a0512478348ca90f01f9fe0ea4cd8,treatment,False
e9ea1dfadec940e28a233fa3f10b2266,treatment,False
9ffab364665b4c4da57ee3f466ad86eb,treatment,False
d76c2a83a8324eab8a24444d36e3184d,control,False
200e9922b0194912835545106386c837,control,False
1ed402cae5cd4098ad75c68024c8e252,control,False
589c21575349435dbca0c570e77c0d60,treatment,True
232fe08fcd4f47ed8e394076b97f2230,treatment,False
690f1df92c8f4eb6ad1b0ed528f5140d,control,False
b9ff346bc3d64d98810edcab5d9d2952,control,False
c99cc5d3aab644ef96048f9a734bb88b,treatment,False
2ef24eb976794770aebab7f4b03fc57f,treatment,False
590fac8a343a4f7fb8d9878ee9d6cddb,treatment,False
43dd971f24844bb9b6b81e013ae3c1f9,control,False
a6338d5c32814f8e89d8049a3e11b96c,treatment,False
29e97da776294be7bbef5d3168cafc52,treatment,False
29177ac0a20e42e688e3ce5249ceccfd,control,False
7c335100298e4e87a10d87f26b9943cf,control,False
e25ffe4106434a23917183460cac73ed,control,False
aa614776e3aa4ca9a7bd08e2d8f9635d,treatment,True
4aa0b6eeb35148b1b3a2222120de0f49,control,False
296c3634aba34204b2c15c7fd2102207,control,False
0f181ecae85a4a5c9c77825a03f276f1,control,False
23f7be6922db4382a276ecadef1536b7,control,False
d67375ae44794f6ab926a549f31722b0,control,False
643bc26419084e4684ac7630d7dc79eb,treatment,False
60d14153d0e741469a03b28465171d03,control,False
c22b3f98adb14ff38b7a4e8be4ae46ab,treatment,False
af3a0e34b7654c8989c8520e2182dd00,treatment,False
e5e8aa6bc1454ca892730174e854b46a,treatment,False
8bd80af422b94239af0d527d5f1a781f,treatment,False
74f662d3c9174cbb8bc9c5a499676604,treatment,False
18d74ae0af584a5d8d048946967cd1f8,treatment,True
5f9b30f8c6874448a618ac3a777ab06b,treatment,False
cd72c5f5054e4e14979556e1b2748ae0,treatment,False
4dac4e007d5c4cba877ce7dde7eee5ef,control,False
010c6e40eec14c9a8fac27f6e4fe89ed,treatment,False
367c8bac618446929ac891405cc33488,control,False
3b39a9a47e5f4f4eafa4b933ce8643c8,treatment,False
f720f129cf564c59bbae9a6df246b6c0,control,False
0a71f701169e4a82847fc1080b52f16f,treatment,False
61368ff006e241738640b5c93e587d0e,control,False
6638d9e31aad4ef5a231b48e123f1dea,treatment,False
82c7767b87a346d5b4a28c40b5b58c57,treatment,False
852f5329b92647d4ad2e8eeb705b41dc,control,False
d18f10e48055451281d4711059221363,treatment,False
1da38a564a0e45ac95716fe72d6ccfb7,treatment,False
f9214c92fe604aebbdb7b208a8243af8,control,False
1bc36f02d836419c87807a1010e8e85b,treatment,True
783ce09017a34c11a259b9d49f47cde0,control,False
fe3aefa9552a4727b6a7b5cffa92c73d,control,False
b8763fce1a754498aaeb96d9e6c9ba7a,control,False
9cd842c47a574215a490f34c5b95d93c,treatment,False
7111ac7b8fab420d9a194943f9d95115,control,False
b8baed13c2e942f0a42e9b121cc2bb1f,control,False
d6619e18fcc84f1da807e379304540ea,treatment,True
da8a6579cf5f4bdc824b48ee72c62d91,treatment,False
9619fceea4634cbb82ecf11bfabf699d,treatment,False
a15f01ccf0c441de93e579bc2774176a,control,False
da94c872323f4c3a896917c7f1f9bb04,control,False
4a879b8589c8455f94c478d25559eccc,control,False
03a0f6ebc7954b6aa655d42201cc064c,control,False
f8546f421c8a4149a141529e91927f18,treatment,False
90824769fff54b92974757524f1c56a3,treatment,False
924f4ca2627844a2a79043823667a493,treatment,False
5c054b171d834224b8620dd427aed1c7,control,False
633c8e1b94634b6fa7d7e31fe821c443,control,True
5bbe1d23e8524041b5aa8bdde389346a,control,False
89926b11f0aa484c9174997117a6728c,control,False
b8b10faa21654c26b2226a1e2e6a0031,control,False
56185e2c81634bed931a87fc4dfd9705,control,False
66c7c3f0ecab4524b54c29f2adc828e4,treatment,False
b8f4b120e1b34e6cb7de1bb8608103a2,control,False
46cda5878bf34b988cec027688f984e5,treatment,True
144628db5e6c4971a5d7deb81c8f2663,control,False
8b49f67d47ce4d2a9bfa68e661ddd14c,control,False
e6bf06321bcd426393e341da9d3c873a,control,False
dcce3533f2ed421c804b4c1397d070a0,control,False
454414df4cb34b6a8dbb66c400f12c62,control,False
31a822c7723648c7bb751bcc310e4927,control,False
29332f3a701d4b3a9835ca7e0dc13f94,treatment,False
aab328ef7dea49d487ef277f37059253,control,False
837451ebfb394f908a1ad6844ed45218,control,False
561c115787894e209972ce3a965fda25,treatment,False
a1cd67d8daa74bec86bd3c20704d0efc,treatment,False
50a3bd5b8b314deb85a877fa108987dc,treatment,False
b629d756236b407a8d2c1955660158fa,treatment,True
d30069f835cd441fb6409147160afac9,control,False
d4335854b2e9403ba95fe0b69973c034,treatment,False
7e39f0fd35f844f99a7abd8d5734c8d6,treatment,False
f45ce6e7cb3241689d9e8abebd364d3a,control,False
901929ad920b467c9affa1b20dcc7958,control,False
bf0783aa2f2545529fc362f20b1c478e,treatment,False
8f41793a0c1a4246b00233cd772883f9,control,False
d1db9b2b47e04fa4970428324a169303,treatment,False
870117d7b76f40a9a870f2fcce5fee2a,control,False
7d54927556474ac0ab00c18e941164d2,control,False
f81514d69fd54b3ca074481363353305,treatment,False
996374a1d58a4f7ea4d56135629e051f,control,False
bf0f8ee9d0724f8287eaa6fa5d115fed,treatment,False
1a59d1afddb24971b91d1f80dffac011,control,False
8b28415822364f7dac09c500129b4c2b,control,True
0a92073ae87a4b4d882355e87422f861,control,True
954d35899357470dbcb4720310747366,treatment,False
3632bd69771c4006a29dcf94697880c6,control,True
aa869d414ea449edb0fe020bcee29c2a,control,False
589d87b44ec149a2888382d3a2211d23,treatment,True
7bcab70178a949e99f0db2d917b1b3e8,control,False
56d788f2037f4b0da2611d3a66923ea3,treatment,False
f20c9a168afb42b787cd87415b7cc170,treatment,False
8007434ae55a4fcea90f03ff359afec1,control,False
b6caf85fd9c3480ead7f4de5fc81a99a,control,False
2827763af0dd4c7b889912b2b3772f79,control,False
b9209bd9a1a442a78c9a5bd5bf189f28,treatment,False
ef47cd8a7e784f989e026f60d8e427dc,treatment,False
8c639c87c59941208cd74d6a34623c82,treatment,False
78bb08828cc845b8af79261785f805aa,control,False
21ae2639ce8c4e02941fc8836d176a8d,treatment,False
8dee37a61b7c4dd29ec4b59b848be165,control,False
3d4f92c05cdc4adfbb22be7a4851acc4,control,False
364e9d79fd4746d89b551ba70da4bb33,control,True
8a3fdf58f778400ca79674d86a642677,control,False
272802f93adf454791524d0977aac654,treatment,False
d5119748816c402db9057bfd0e6390b4,control,False
1161fd6d2c174c959d735534d18a9bb3,control,False
721b4a316dc34a3b85e69c6c7e44ae3e,control,True
33fb3faf407d4c26bdd0bc745f43e568,treatment,False
a9560b2bad0b4a07ba7950e1a77d0d47,control,False
15c6988c113c4a779d8609a4b5c170da,control,False
20241246ca8e49b387be55666f83480c,treatment,False
42d5314eb34a452da2d5ad2931f41f1e,treatment,False
29def02f00a14072bace05e29620c941,control,False
f6017c6bebbf41bf8ba8b77b5eaff0fb,treatment,False
13fcf36ae9544776baf405f8f9337fa1,treatment,False
c3c50b87ba7147b4a3038324cd669dc8,control,False
a39ec4e1d8b846469f82b68daa0fab81,control,False
a194487fd508437e9f2f588cf114c6bd,control,False
3740fc31e8494c6198affedd3bb8a456,control,False
efd67bb7f8fc4de0bbda91e462745709,control,False
c3e6a09c7076438783c9b28b11346e24,control,False
b225e77e485b4b49b79355c1c8d3e5be,treatment,True
23909da3cfd34307b9f6c75730a04d95,control,False
a6c70fb4f7ad4ae2858dfa7df0031a8e,control,False
a949b068850941099f28216418e8de1d,control,False
60063670db0543aeb4e09f989d370df9,treatment,False
2e0694d05b524405ad6efe55d212aeb6,treatment,True
eac82c1a3aaf42a89bbf1e579e9ba547,treatment,False
9218e1a81e3243f5b835b185c1a2114d,treatment,False
e6b51f9e0acd4890956af2d0a2f87f30,control,False
a95eb5b1f7bd4891b187f7e2a84ec341,treatment,False
93473f4dcdbf4f0d9e7a464919a0fb65,treatment,False
28f4b0cfbecc4307a6cf13b5c384e91c,treatment,False
688cc8404f0d4d50a992615669c731fa,control,False
ffcdf0c2c31e4af7b0c009699d189446,control,False
3139dc10780f41b3b8fafca053bb6b4e,control,False
b06b85d3e1b14caca71161ead22c645d,treatment,False
c2125a79525d440c8c2b34fbc3ea300f,control,False
543aac969b2f450384389745ace46bc5,control,False
1ab1d030e2864b9dab7e93084d6f6ba6,treatment,False
386c633cee8547c3995eac6f9d8fa303,control,True
b6fb73d189b346edb493db9c0c79d505,treatment,False
998dce892d8b488fb2ee9eb93e0c36f9,control,False
5cedbb0741b54bbeac10ba8f0adc012a,treatment,True
44dca42ba5c84a368be792424abfc122,control,False
93cd5029d53c47f79ed688702e173624,treatment,False
cd1a8282945a45c5b8d062e6f36a63f8,control,False
0f74f9fc8a4547cf8492ddc5a239e80a,control,True
54447b3efa094f968bcaa08a62106ddb,treatment,False
e93aaafcc998439d8dc1c1d05894afb0,treatment,False
408b50df94864cf089c242398f772f88,control,False
d4aceb08160249cc864a6e78d9dda6dd,treatment,False
df524cb01d34454ebeada64c2650f610,control,False
51094b1ef77b49c8a5e06bb4ca0265d2,control,False
44f695bcc0cc498bb0d229df07f54ee9,control,True
292f1fea6c274be4996fa1731ac16264,treatment,False
a7fb786d4c974d4b80bfa06646d32450,treatment,False
c5214615b14241b5ad92728301e13907,control,False
b256732721334e3588a1134df21029fa,treatment,False
2cc8d09bac6f498ca2a4a6cc53e29e10,treatment,False
0db37d3859f849d8b89a96a38348a141,control,False
68e4a791000a49dfa74fc534c279ba51,treatment,True
75be52ff00264602a04117a594abdaf5,control,False
2b1604e57449403abbed9aebdc365af7,control,True
eb0bee535e944ce6b561a2c58eee0034,control,False
45d10eb232d44991a3b6291f8818691f,control,True
08dee02c50dd4c63883ee0b83dabe7e8,treatment,False
b129a11be7da47ec98be933780bce4e2,control,False
51a33d75c5e649f893f119fdf504f787,treatment,False
6c190d5c959c42df8c1069dc4e644036,treatment,False
f66d57d4087148aeb5018f4f1945cd1f,treatment,False
b3b9d2fa42ec45ffb6ecea635306b0c4,control,False
16926d036e7b46d4868a99655d5fa70a,control,False
a11793d645114015a11825d5b0c7dadf,treatment,True
318711e0c12845049dfccdc6bf3cb9db,treatment,False
dc09cc469b334047bb4468634be69fb7,treatment,False
32c876ff7b2048668c3ac514227d307a,treatment,False
0682fda8b7b342eaaef6053a9147da60,control,True
1229c4f9f7f546ae850e1f94e8737212,treatment,False
cb1ae7446a274ee4ab5af276ce89dd0e,treatment,False
eefa4064d2264039ac4bbdb764e446a4,treatment,False
e8b300df356c46f0834fdebbd3b8d5f7,control,False
65b9965bed344ccfbc6faa762895a775,treatment,False
f84f477488c54979931528d202367b0b,treatment,False
a49a27acef884a59b76cabe53a128142,control,False
4dc31a7c824d4c40bd58c0548c901273,treatment,True
40b27156d3d94798b2af8dbfdb066a05,treatment,True
e23499a0eb4b4b5a8b2a60e6dcffe3ff,control,False
90126a1a802f4bf8b1df8fec94d0f1fc,control,False
4eaeb845e75c4b8fa009020c9495879f,control,False
ee452fd7491847bb8767c1326b7096b0,treatment,False
55a03dd42d4f45b4ba74b37d9e2e27a4,control,False
ab0280c14b1e4cfe88dd89567d25e8b2,treatment,False
f2af68e6aed748e6b1ae98ef91a55364,control,False
f20d34578e9b4018bdd6b328a921532c,control,False
47d0e20372dc4c7989fb46eeb71f19b5,control,True
bf1af66415e441c9b800c74c9a75361d,treatment,False
3681179b3214455792392226bc5fcd13,control,True
8f6109740006480ba3083f215e751ae4,control,False
940cfe4630a440e285b520142e55e65d,control,False
2837f87029b141aca266451395c6d540,treatment,False
96e291b5c57d41afb68d70637ed54d0d,treatment,True
ccea3b0477814b71a192e8730516bd97,control,True
80e681b1c8c243edb10f671fcf07299a,treatment,False
485e4db671c045eabeb108f7dd5ec4cb,control,False
5cea492823484f1d90f52872fc1d277c,control,False
be5ce2de9e774d11b0295189df7fea70,control,False
f73dccb1faa04a0b8828ca30fd9589d5,control,False
4104a4f6fb504b35a6f745f4dc02e6da,control,False
c56267ea3dbc42b980d3f9650196e58b,control,False
f660f69de4b1473591088fd65da94c6e,control,False
7bdc85e7102b43e393f70cba2bcbff32,control,False
7a0875942d5f4c408f122ce41e4398c2,control,False
d44e122ae9924d22b333e0da59c80aae,treatment,False
a064286b566f4fbca208ab6ab0797af5,control,False
5c29551fea044ba5be8ed7dd2da64a28,treatment,False
e5a925598ed34cc09b8dd2f4443dc724,control,False
ab31f34e37f149ce91773a6682a31df0,treatment,True
929187c95b8d4c6c86cddcf0e1acb38d,treatment,False
f870c6cf1c94417994c6241c7ba9e67b,treatment,False
2dc662efa0b64f4db384dc59245305aa,treatment,False
ef830fef11664d56b924f3938de7bf0e,control,True
1746e7648d004bcfb4d037263f8aac61,control,True
3a5e14ca249b464297677780d86cf52f,control,False
9bb83b1f4a5b43c98bcb2fab0a560104,treatment,False
5e922fa424264325b63fc606f008fb53,control,False
64e9dcbfc9f443c0ba128acf73fb24a7,control,False
ff666d4b506441379734e6e39d00410f,control,True
66d924ce9fcf4d089b6b11d7df3cd113,treatment,True
63d87c7fd454470d9807c602ea8fd3be,treatment,False
720b1a3a73054142999e394e76bf6c64,control,False
498b2205e2be47fda2123aa65c240aac,control,False
726e30a614a541258abbff0544d4f80d,control,False
dd21249ef58d489db32848a93f6b0626,control,False
803d38d775ea4215a45ea51d5a99f3bb,control,False
7b48f7d55dcd4fe3ab42f4c231d35d70,control,True
a532ca26296f4f83b8fa75f130e36337,control,False
60c6007e01404a019fe45a0df53896f7,control,False
129e3674f0e445738b97c90709d67c34,treatment,False
1016cfd8fc1e497aa5ed7358836151d9,treatment,False
04299f9031544d63a3e0fa4cc5f41787,control,False
1cb9b79c16274094a9e6c16fa3216097,treatment,False
503da74597564f0fa122365b4391b93c,treatment,False
e2970a2b7f4f47d0b9f7604daea04aac,treatment,False
eda9de5ac89d46be8cf987b8ef3e00e8,control,False
b43d47f887bf4babaf0fcb69db800b6a,control,False
dbe7e1d64d5447af866616e11bca3bce,treatment,False
98e4dca4737440d89f3952d0c40a4201,treatment,False
104ffd50adec443690ec293b49c03d03,treatment,False
455b2d3ac13a4df6a03dfbb836bae927,control,False
4e2f8dc55f9f4e9fadea9fadc46861f8,control,False
1511d0fee1064f5f8843940660e727e1,treatment,False
031265564e6b4fb3958546ef0904a964,control,False
60c88a6d168d47e1bc111cfe8be324d2,control,False
0b5abce0820044a9be90bccdefca0cde,control,True
94233cd70be94829b6090a5200332103,treatment,False
1d88536a92294a0b9b6d3c397ceed163,control,False
8733b6c14cf6431fae38b461bbcc414c,treatment,False
7bddf57c690446e6abf217cfbf337876,control,True
c716bfc545314a5689d6938f26b4613e,control,False
476bd6e93d7e41b7bc4a011371f3bd93,control,False
e47604f97235427e938dbe19a29a8864,treatment,True
c9f1aab514ba4996914ab1c939aab23b,control,False
b7536948a3a942bcaeb0401119915c4c,treatment,False
5a1b73e0464842e49fd1dda25cf2a3eb,treatment,False
2582ec45b2594d0ca392340a562bb7c3,treatment,False
dad9f1eed3d54f069936806d937d956d,control,False
28fd00a3796a48cbbf6a3e5c3d81f83a,treatment,False
9883c8d845d54348be7bd1c4ac61b168,treatment,True
08d91532276241a797acc6f573a8518a,treatment,False
6bedc274c35244e8939f791ae61a9a04,control,False
71616cc9bb3a4c54b36225e4d818bcae,treatment,False
4960fc7ed30f4a1cb0f6ef726554841d,treatment,False
32ba267f40ba4652b5e2827f1d980ce4,control,False
a454d3b6d5bf45ceaf3505cfd52418a7,control,False
8b0570a5f5ca43369ca087c7a095a0d9,treatment,False
5cee842fe0ca42799637e20237b90a56,control,False
600352e3e1904e54bd2f94e56afc73e5,treatment,False
89f3b31fd840453c8d53ae315c90a12e,treatment,False
235add0f655142c897478a2210dd089e,control,False
4118a7b9c2ce40a2b73c4f500f4180e9,control,False
09546b4c844a4dc1859cf2967d8e8841,control,False
8aa6250adbe8424f96c41cc50cad67be,control,False
5f5f0620c9a74901b769ecdc63551c5b,treatment,False
619d08b94a794ff98a67df328f977abf,treatment,False
795b1f7e7899405ca400982c2f01038d,control,False
5055cd075ded4f018edd2826bb672c6a,treatment,False
0ce1ad0bf623492e9e57a7146e38cd49,control,False
5fe1fe58c78c4e1ca357c83c869a3ad6,control,False
cf05b99cb5d44c17816d8a5f5000ca7d,treatment,False
e88b15737cef4837be0d412953e6eded,control,False
35c312961272485a840280a0b0c03e9e,control,False
a0aa9e07a4f74ce7b5187fb7c0dec803,treatment,False
2198d0ba33ee422b81eed6f6712a6905,control,False
72512242d2c44fefb186cd62fb8c89e0,treatment,False
5f2b2bb7b4514f658a71668fbcbd941e,treatment,False
2c8e5e8fe6004e4f81c3f52324d8e01c,control,False
b6ab6f35deca45959c77c8cf96301a4d,treatment,True
81451122b00a4233a77a94e4080ef2de,treatment,False
b867f422e8e8437aa36b38981fd1a254,control,False
1ca2cb7f0638441dad3725aefea686d4,treatment,False
e24cc83996f547f19fb8a8364bd84123,control,False
40ff66ec873d47f68eb1a3e152f52d74,control,False
983ab4318c9f40ceb6258bf913904406,control,False
c3001f5e378b47258a184cab994fea85,treatment,True
b4ad4ae49e4f4bedb7fad1ab59650f0a,treatment,False
3de8ed84bef849b7ab57cf243d695bf5,treatment,True
cf67a7b9f725454eb00ddf20073b18f8,treatment,True
d12c316ec1d44244a006a4ba35f1d30f,treatment,False
cb541f84c57b47f4a541fae6d8fc62d7,control,False
83f3c9eca4364a359872427f03f9574e,control,False
a34fe34207a24835999c96fb4122b0bc,treatment,False
a7e8761c40d64c23bac8a497468768fc,control,False
18ff3d04177c4771914107a74aa709c5,treatment,False
870eec40cd194f799800185595697e1d,control,True
aadc072114914eca8faed2b1bbdb9d33,treatment,False
88eb809ee28547109bc4c8cc676e29cd,treatment,False
7c6a80c414fd4c5da40463b3b09dbb91,control,False
1c1b0549f1b84077be4c1675f2ba4094,control,False
7533ca14570a4cf4bef56d4beea6d091,treatment,True
582bb70ad96a49809142dfe10894ed9f,control,False
6360334e9fdb4ae193985c101889abb7,treatment,False
3be6ca035fe142fbbfbfd11063d5fdeb,control,False
36e29ceebaf5488a94885c538cc0cf49,treatment,False
02e5fc557d0941149f6a7ddbab4b01ae,treatment,False
b55627c777bd4fc69c0dc22b703b459b,control,False
7f9d3e55aed4461399cf7e07db2f7b8a,treatment,False
c49bfe8c0585448e943972ad72466888,treatment,True
81bd9f92b2be4e6eb44b55ff7fa5d6e3,treatment,False
0e692d72b57847dd90dafb5f4ecdcdc1,control,False
7cfd5a1673514b8299890fba05b9072e,treatment,False
25e89cbb0a2e49cfb427674d5db05471,treatment,False
00f79137dd1646ec96c81df6371d3a27,control,False
71b19c8c09f5475e94dc4c95abda744d,treatment,False
392ae77d477c4715a1e82e884274f8ce,treatment,False
a64340f83d334ccdbcf5011d4e3913b2,treatment,False
7c71af550ad14c98abf05f33d7a2cec1,control,False
d6105f83aeb44343b468fdfabee45899,treatment,False
5c2f4286599d4a8e96b232459da7d86a,control,False
f26a69dccdba459a984b15fabe2f1cee,treatment,True
a1e5b7add6ab4a54b0e30830c47a8498,control,False
bb68a0eb38704c1da255557ab85cbcbb,treatment,False
162171fa0f244353bf864e329efa679a,control,False
adffba4d66404fdab673ef4083a7b745,control,False
1b33935364ad4b62838421e382e71652,control,False
6c9f2ac5b8354793a9beb63a66fc06fb,control,False
b645c2cfe40940d696c5028524e15b65,treatment,False
4c3a2f0c04b346ad9284300c20bcd270,treatment,False
79658549ea40455a9950ed1fe320b481,treatment,False
e669f9e8a5fa42759ae010333624c7ff,treatment,False
d0c1468d0aba4e899638fc35b8667d52,control,False
870347ed6c724dee929d8f9f6e64b24c,control,False
1126bedc77394ba59fa13c61800ea5ea,treatment,False
73c3334f36f541faacdb394afcbeb2b1,treatment,False
ff85b91a5e4a47d6812acba98d83a2e5,treatment,False
6ddeb0a450a9419fabb9d9baa778433a,treatment,True
51ce28b3a6d24e94b593f88bd28de13a,control,False
82ba455ffded433a99d4f1e2cc190cd1,control,False
7c0a67af473943f1a74ee4b45cc26a52,treatment,False
1594f1df5a5a414e9b87759238f08c92,control,False
be91dc160e304029adf6ce3b31deba9a,control,False
fc01a290b67c4ce1b0eb90353b2154d2,control,False
11ec043423404cd48322f6aa84fae993,treatment,False
5f132fa7e7dc44a39bb1610f66cfe705,treatment,False
6502fea4819443f5876b749c8754e6f1,control,False
aaa7167a4bfc4829a3fa2c517aa4e88a,control,False
d1abf4bfb8764958a656ec3386e42395,treatment,False
c94d1312c08843a594281d6bfedc74c9,control,False
50dcbfe1353644f98386f762ed586a9a,control,False
cde2552fa0074966b2f18cf6d30a424b,treatment,False
225fb67408a346c698efcd9f7c2a0f27,treatment,False
69f9f7d7e1ca4a9fad8ca9611248a90a,treatment,False
865a530cf67d4d8e9c70ad2d5ff1c3f4,control,False
9a14d8913e5c47d6b0f86709e96ac9c4,control,False
c6462368e3fa4992a0d725dfd502f3ba,control,False
37baa744ffac4738b44bfc3f8f587be4,control,False
ae64bc3b56a740edb0b6a83179b3ae57,treatment,False
5176cc882ea844138198a785e8ce7a4d,treatment,False
cddb3f0e7c784f3c87cdc4013bdc98f0,treatment,False
d10f75ba4c284e3c93b4ba44aad0f97b,treatment,False
ddf21b8957b94b358b024ad170a1b883,treatment,False
e5853da05eec4d969a28078f609fda53,treatment,False
23ad2303e59846138e35c8bc3c9d9666,control,False
5364d6b21cda4af88d7d414a566d8a49,treatment,False
2b01b0578f7a457d98b76e87f318dd3f,control,False
288740ef5cca453aa765258602752533,control,False
58288c90996442edb34121f46e85de00,treatment,False
36dc5539611742a0bd3d65d77f886b45,treatment,False
5d163f581b0c416fb4fbe13f1ab78591,treatment,False
c41d5ff0618c470ea93ed7355cadcce4,control,False
019e5fcc01684fb5916c261f37f51d65,treatment,False
a1b250d995a346fb8a04d82cbbcfb292,treatment,False
8da66f2eba3f478891a8767b4a18b5b5,treatment,True
c99d50dc8ca0473c90664bed3ab0c0b8,treatment,False
58b7a1ccedf14a21958c12dc038d66c2,treatment,False
d660c2b646154bbbaff1b65a038d6d2f,control,False
9fc620f6f9c44595ac360bdba0b75d81,treatment,True
9dd1b0c0756a4b08a717cc1793546947,control,False
8f1130fd3285489abe0d5db3881b4843,treatment,False
cdac07e7ba4c4d8086ba063b3e0fd115,treatment,True
2b85baf2516346d2870ba2d5aea6e721,control,False
b380c4bb9e39421a866288d2559d2fc6,treatment,False
9a0977b2e74e49769bea335418455f10,treatment,False
ef74a9c506a8437f8056c6987a01c77a,treatment,False
d5bae8390c5d4a2185ef4fdc7f6fa939,treatment,False
bea78db0251d4374aff5a2d5329ac1f4,treatment,False
b2802feb06934356b2dc39178624be83,control,False
41ba7626c7eb48ec81882231cc892800,treatment,True
b4e88f2be06f4c9cbd6e0e9b6ea25450,control,False
1cdd631c33ad4858b3b2854e2227bb36,control,False
24a3a6212bb84b3b82e06d5432c8fb5c,treatment,False
a11256809dfb42de86f7240389a732e7,treatment,False
c0012e8e4ee446f6a86f05ad0eb043f3,control,False
46965e4e86504f5692eb560654e7639d,treatment,False
5f0b26edb8fe4cf1ab8d3e3ba3813a26,treatment,False
85ce69326bb84edc9568cf5a91da0d35,control,False
db5d0285617244aab5a77b0bf8bc587b,control,False
06e90342e960441ea79c636deec7a2dd,control,False
51910b73f04b45d7bef85c6768e2295a,control,False
104a4f7ac4ca4158810d53c0dfb721a1,control,False
b19c92b005ae4625aeab118d08bc6b52,treatment,False
fbe4fc10a6f64895b8bf9e386b43c7bc,treatment,False
d95fca3e8016448598d653a3a553c064,control,False
c731966041e44fb5b78e3d04c42d0147,control,False
837626cab6bd44c6abcb1df5ee556fa6,control,True
1e6d1dd628304b1996db7e9bbfdd1eff,control,False
7b0eaaf326fa4afea2b690ced5e43a09,treatment,False
5d605e816e3e4974857a4042f3f72e2b,control,False
3016ca8516e34041bdcc647234c2ae78,treatment,False
33b63502e9214b71961589233d8efca9,treatment,True
79c8f81298974d3fabc2af37875a9f3e,control,False
72daaaef77c34ac68c6ea66ecf3ec2a3,treatment,False
738868357eb5415a9ccd6025e9bd9d6e,treatment,False
2c59779240f4467ab0267907a776ea65,control,False
06403922813c4760b6c902ecedad21db,treatment,False
86caf5f516ea4589a15fbff320715f64,control,True
a21ec7b233a24cc1a7eabd3e3aef1620,control,False
c40ddf78239644239be11b754d727d11,control,False
0600abffc15e4c98b1dfc6fc27011273,control,True
90719641700c462592e696633f7c8f57,treatment,False
749ccf3fc9654416a251ca3d8313daf8,control,False
0fb98022a48342cbaccce2b097242833,control,True
91587b45f1604cafab5772f4b33da511,control,False
ad763d78d0784b2dad9c3a067b7ca479,treatment,False
fda8bfeef76141f98f9bb88d6b3a7b62,treatment,False
ba94b80c9e4c4420a2c7d064828ea53b,control,False
93ea7f7db8d445c5b7568293a0773996,treatment,False
de3f0a53150f4e72b1c640b12d64c941,treatment,False
03af5e24d2094af2981203cc7f7bd6e9,control,False
4865389faa52404fab927da8b429e260,treatment,False
451be977dcc548f0b57576560358b0c1,control,False
a2aeee0130074c9b9759bc3adeedbdd6,control,False
8417ac4ed28941fe9aa9c666ae2f84b1,treatment,False
80dc3cc8a8864d7c84c221e3cc6a04f3,treatment,False
ec47e1ac49564c3b8f8cc3ad727863d5,control,False
13b4979cfd4642e58f1c176d33287d83,treatment,False
01c20ae609ee45f8a6f30d9af6f15eb4,control,False
c3b07b58d66c4fccb99624ff73a6609d,treatment,False
f457c0ed4d724691813952734372185c,control,False
a6d4cf0502a448f197f9547df446e296,control,False
406c7698a2554c91b39758fac9508156,treatment,False
28ce5237c8354d0cafb8c03a80520b67,treatment,False
69db088266c0480c84849bca78fdfa41,control,False
425ffdd4a4bf4a6e935467cf4fce72b4,control,False
8e4b077f588c41b3bcaac38561bb307f,control,False
bacabd1779cc4ef5826d31258eb81c0f,treatment,False
8bf9d09f777c499dbc4f26ce69bf60dd,control,False
4d1b17de95d543a58cef62b1cd9317c3,treatment,False
8b4f3bb2a5a64013a09e5c1a3ed97f12,treatment,False
a57574e0ae4e47b58d22cdf7388fc6af,treatment,False
fd4a28822ff740c19bc05cd8d3552abc,treatment,False
27761973ba35444e891a2adb33507a71,treatment,True
4160f292c0f44bb1bb7c1ef254659358,treatment,False
ea1d8d51c17045a69f3075f0b7bc6a31,treatment,False
c4572dff9ec34fd69a2aa734b7f1ed92,treatment,False
fa23db80c8eb4b00a922b3074ffbfbbb,control,False
9a5cc38917b840f89d9203524df053f2,control,False
0ad81b4c55a549a1b39473ac842e0465,treatment,False
d48f4619f0c34ae296175e575602acb7,control,True
6ca04b56fcce45988c26c58e7788b162,control,False
203221fd8b53420d82bb80553b1bdc0c,treatment,False
c764101179d54769ab016c5889dc0dbe,control,False
d2102a67ad2344dfa495050b8500c76d,treatment,False
6b62dbb33eac4e18bb78d3abcd4d5020,treatment,False
2439d1d43714400cb440e119ffb80314,control,False
3e16fd130d1949d59ca70371ac7990dd,control,False
82b1cbef80d240d9ae00b2ed907182cf,treatment,False
c9498892c640427fb7f2bbfd2aee58cf,control,False
77e992477b984090b34d47835e7d2ab4,control,False
51408254c2d04df18e3e05f07676900f,control,False
b832ce5bd79f4f189e8be92e02a4c779,control,False
51f712b882f3404e9c8a0832c3c46fdc,treatment,False
e07e5432fd9e4f1384516a6f1f7cd9ae,treatment,False
e834fe02ace049e481165f5318edcc20,control,False
f433fedbac07406eaed76479e22810bd,control,False
816dfc1611f04def9ae22b8af7156f21,treatment,False
387a0d5e94eb488bbd2550e83a912437,treatment,False
ace5325295c94bd680bebdaacf8ca679,control,True
5c30dc74caf241ea96b86691fff50ab7,treatment,False
0667a855a2154d8e83de0fed959093af,treatment,True
bf4a982e171d4e94ad5bf1a8efed9206,treatment,False
d6b8d0cc909e46dc905f1eee03798808,treatment,False
48c3ca509f5c45de9df35f176fc0bc42,treatment,False
aafed1ed0def47e58cc9c5288d11f0aa,treatment,False
2ada3345742b46ee94faaf55852d9726,control,False
a24ad4980748450ab1ef1f12bca0d619,control,False
5a618781c65047718f14cc5f34d227e8,control,False
3b38ff942dac4eb9935073141b5b0d41,control,False
4decd02caf994dff97857024eb40ee6f,treatment,False
54cd70c9e321478cb6854627f8fd69a0,control,False
ef0fa5b38e494b239fdc548733006d58,control,False
6615045fc33149e7aeae20f0068758c5,control,False
b0326aeaca5f4b7c9611e25711ca3f69,treatment,False
455aa13973b74bc1ad446513e33f6a82,treatment,False
18776da543c341a59751cec6c5d8a44a,treatment,False
832ee68b2de64c46bbe0a199690e99fa,control,True
6bd94e0beea94885bd3492b0d6bb9e62,control,False
c471db1252a44b70af046bb0b5c0937e,treatment,False
47b4c44c402e44488a00e3b69a3da8c4,treatment,False
a3037091b4074293a6e3f0178d2334fb,control,False
332bea2291834ccb8c10b84a514cf29e,treatment,False
788cec11fd814681b018b5797e4d09a5,treatment,False
a9c8d9b40cfd4f8595e546e28b61c36b,control,False
bdc6123f1d3448e7a75ae6fb61705def,control,True
72ea7ec7c5414dbfaff97f7b081e9548,treatment,True
fa83a5e6984847d992388489dacbb5b0,treatment,False
09cf1fc85aec40629434a6fcf40f8457,treatment,False
9f8efceeec31482a936657e22c0bef2a,treatment,False
34d00abc5463439aa086f62edc4c1186,control,False
8b5fe5d5877742be8803c74f36a6e753,control,False
93bb88133ec54ea2907d8b7906748db9,control,False
c267c4f5a5044b72a663c53675d5f50e,treatment,True
c8d99dd9881c4cfa95a095153124f69a,control,False
8673d54c5050497e919c0e0680742a4d,treatment,False
4df057e7955c418d9cfeeaea3c36752b,control,False
863a07b593c34a1090e550b5473ce85c,control,False
2153ce7e9f9b493c8cbf815156b283cd,treatment,False
0d77e06f9a984831a3b05a76ef10add4,treatment,False
644ea759cd714c79b16388e123d4a2b5,control,False
d828122c5549426cbaab22d6869c4b1a,treatment,False
fc426fcd453c4aa19bc7bd29e29b82ac,treatment,False
1d68c406026c499a9c1824e5c32e0a43,control,False
da97dde5e1d243e7ae3a14baa2c8b74e,treatment,False
1f77456cbb0b46a7a5310216f30fa5f1,treatment,False
893e67900cd84ff5a2c84a47ff4cfb66,control,False
94455e267bf241bf8d19c6d43aead158,treatment,False
a62ccd4c8af7407c8049eb05e5389de2,treatment,False
384cc1036b2141b199b901aff7505a20,treatment,True
166f4f343b694739b9e25be854d65fc7,treatment,False
bbd30a20e5f54c70b2923ffc0e51d5bd,treatment,False
a647d78c7e27469ba07884cc1d20a013,treatment,False
5f5a6459960c4a3cac15b60c2dd6ef90,treatment,False
89cbb1f71c874f7f80c724c6559557dc,treatment,False
63910f1896ec47e39728fbed3b620d54,control,False
2abab9e97958454aad8d804d2d760d06,control,False
8a33989dc6094331bdb0b256706ec179,control,False
7bd061e8112746acb8e3d1b566245635,treatment,False
d3cbacf1cbe840e7b6c492b85255985a,treatment,False
64459d10895047b9810bc87443e76055,control,True
8c308d537475409f999c16a63ec61b6d,control,False
9cee85d5ab4844298a58fa95f6219e2b,treatment,False
e30a38b8538c4976b5a349149e4c398b,control,False
82064b77c4b2462c8c6db450779e84de,control,False
946f8ed0259a463f80314e6fa3a2f659,control,False
fb71bdc8ffad405fb18086e1fe6cbc4a,control,False
c435999318814eb2b041bb1307cbd4e5,treatment,False
fe71f38930f6420c8fbafb95b74eee2f,control,False
6b69c7bc7dc9429fbb62bec4fd6e9127,treatment,False
38afc2f0a7e84375aed440ec778c0fa7,control,False
6a174253f37e4d7ca70439a5f59fd22a,treatment,False
1d9845e6150b4ac197255a60e1ff446b,treatment,False
e8644f8994d24a38a80f5171876f9d2d,treatment,False
3da0ec9e6dee46c18fa43e98d4853415,control,False
31cad94b1ec448538b8afa6f4c1d1b9e,control,False
7ba83a2560714978b119ecc0ae87e63f,control,False
b7fb04e348624cb0bfca24144ba31fe3,treatment,False
b341a83cef1c495b83e7574ebf0295f1,treatment,False
591ada42e9e94a1e8c48719eff5ec300,control,False
508f8a969552451c93dfdb00a2d34ff1,control,False
21d443e9a9dc48d489b5d8e902d818c0,control,False
1075242437d146469b5683e94ac3b52a,control,False
7ee628df776749f58733fd85e76e7d1e,treatment,False
b3dd72da0cab41f2add4a9e72ef7d62d,treatment,False
9e2e8ce074c743c194d9314131da56d5,treatment,False
711a8d01914e46d78033e43923d16d4d,treatment,False
42a0b723c65f4fec8d7ed75807f6783a,control,False
9089a9d2c81a4f66998d3b1bb014b2c6,treatment,False
94c217dc895a4ef7820bb099b47b97c5,control,False
611111e88c3e4e75a9cb7847c2cca344,treatment,False
e047f14677a84ea6b9ad7401e2fba5ad,treatment,False
a5221a56155c42779fa9afa8b6ec0740,control,False
d280733e58b74e5bab2bbf270a08bb3a,treatment,False
13f20aff677a4d47a3432589778f9bd2,control,True
0036ef4219f440bfbe98baa4cc704568,control,False
b6ed625b48be4fcdb0fa87e125bb6f2a,treatment,False
14f60a14047746ebbbde59369772d608,control,True
135b6f6c43f0463ea44bc46503b60a23,control,False
7fcb3b7de3d54c9d9532fd1f36dc606e,control,False
16022249c0954f81807f65569d105358,control,False
ce2db75adbb14653be7acc19bca557be,control,True
0a5f6bbbc1ed426292b886f477c70496,control,False
9d83241acae04df397d3d56b758ae391,control,False
f227efc6b7c5496fa4ba96ea4af2bb45,control,False
ffa4277383a5498991fd9503dd2e6bba,treatment,False
c33f9169bba1457c955fab7f5670a41e,treatment,False
0d815c0ae0ca4a63911a98153fcf1d19,control,True
3ec71d8904a448eca742862199944d86,treatment,False
aa4718f3ba53477aae2f4d984b5b106b,control,False
7a564256bd2a49788f7db2c0760d3952,control,True
ee9c44d374984bfbbc2719dbc89bfb1c,control,False
1056957323ea480489145f6a4624b86f,treatment,False
9a53ac0e01b7405d9f55b692b2d478cf,control,True
d8648d29f64742fc9725fd7e7fc73179,control,False
bb7ae8541e64483ebb99cc040b599b11,control,False
c9ca411e96ad45c89f0077827cc76b1e,control,False
661363708abf45c19b086c91f59368ac,treatment,False
05d5b7e699a64fb6a091e96eb1588310,treatment,False
86b89db732f24844924e8a002de18a34,control,False
4045ba1d6303459b9081421b342d1118,control,False
5369ab5bcedf4293b012fd77d46efeda,treatment,False
1b0eec049ed84624a70d87131b94c2c2,treatment,False
a8c77e88cf484b6094090cd590eab042,treatment,False
61dfa9dcfcf248feb1b76c41e18f9059,treatment,False
f9876a5a807348898ee15db02dbe17fb,treatment,False
1c569d3f4e5740f2b26d76803305367e,treatment,False
16a236bdc63743b2abd7718b27ab17e5,control,False
4c550cf8dcb74e1da9e7eafeed567e6f,treatment,True
a13d15c28a114bacb7b14404b7d1d6c1,control,False
f204726420c04af594e06ce6747469af,control,False
5fddc6af2d9742cb8f9b8e733042bbce,control,False
01c87edff1794c44bf349913cc5411ec,control,False
761c24bf24c44b2692a2ea3612344bbf,control,False
1c1cd18eda714a089e2253a88737cca0,treatment,False
ffc96a7e3bad4df197a528b1308e6f25,control,False
f0140b3ad78b4e49ab0cbf2cb643a842,treatment,False
462d8ee38c5d4c3280b4acb7d80565f8,control,False
41e0b6d3eee4480f917823fc135c2c62,control,False
05c1643cfa5c42cfa82d2d6dc002cdf0,treatment,False
bf7496ed4cc34749a8eb8cabe2eaa862,treatment,False
1d7b93bd62bd469281225aa54204e300,control,False
12bae274248f4a1c8734b049abc5e61b,control,False
286c9e5d013f473297d87cd8cb795e6e,control,False
91c9f887199a4a578f34b1f2058a408d,treatment,False
51036c5f48264591b35aae8f1902c98e,treatment,True
cf1ac49d2abd425f802d4f26614ddc36,control,False
fd46040e33d9432ea3eb26a0ba536040,control,False
d71625ebaa834d3f965d74eb59395fb5,treatment,False
7711304c2c98494a8f7a70ad02a62c3f,control,False
534dfa03d5b649109186f9c00108c05e,control,False
2c5c801c050149e9a27e209beb9a27b3,treatment,False
3c516b4b4a1f4f708e71dd607e62eed6,treatment,True
8dd73d3f6c034458ad3ba63e3ba10acb,control,False
14e9a964ba24445faed0117bac0a14ce,treatment,False
56952d1fc8ac40bf996bf61b2e7877b7,control,False
c67293c7be364631bba287af9981693c,treatment,False
f66601e7d6af4bc097aaf43aee0b6938,control,True
bbea20d61f5940609694eb2e3f49b0ae,control,False
4539ef260d164e5a9553a7ada4fd0291,control,False
905c4d690b3c4c03a220952cee8f255f,treatment,False
801d1279015844eeba7b93af9425d088,control,False
a359af3b8dac49e1ae70005af80229cf,treatment,False
76879d35eb3f4ffd8f03824a53445ba5,control,False
99f278250c4747d2a64cdf741637b824,treatment,True
ce0e304008eb4b05abe34232b53fb35f,treatment,False
6c67849e12ef4cb6844651bb1f55fe90,treatment,False
2f7510cb48794c269e8d709e93d8ecd3,control,False
33e163ae9ffd4349bed3ba89cd1a5ffc,control,False
8e6a9ee641754188a3235b4a2fb35a75,treatment,False
ebb803e89f5e4bcaa2472fa4fa3e77f4,control,False
f709443c537f4cba8bc149faee5e0d0d,control,False
8ac30f172c324011b217e4eab4775260,treatment,False
502c00bdcb294b14a4b8befef82d0492,control,False
956a7b99365d49428569349e8a4036e6,control,False
55a5bf304a16479081e16c8dde2a3663,treatment,False
730f05ad1de747e69fd15b2bf1fd2249,control,False
bb6a0fd39d3a48c1b423c44dc121d86b,treatment,False
5e7d59ece0fc4173981718a9fc84c2b8,control,False
23fafa80b0c246dc87c1cfc791c3bf3c,control,False
c5b063be6d1d4b07b1677c1108da90b9,control,False
3b1e95578fd9477ba6cef0485148b599,control,False
130ca37f23d14fa79b467760f30a6ed8,control,False
576dd3c4fcec43b9b88023ae3e35372e,treatment,False
bfd8ca83ce99454fa81e78965e5288b0,treatment,False
1e8b535137794c6fafefa34c57f4bd6a,control,False
8e76c7de70984a6fbde0bcf3c6cf2f65,treatment,False
0a119edd3e214f28af8d5690ee8b30d3,treatment,False
492508c046b24334a76fe53ff0994253,control,False
266d7da64b3d401182abcee093038970,treatment,False
21662d7e8a3a46e48ead61bddcf1e39e,treatment,False
1ee35c128b604cd1b8c77a46800eb8c0,treatment,False
8e0afd3c9b47450a8bc183ac83cce116,control,True
46d061fea0e74ce6b33542e20ea5bf8e,treatment,True
e739a1835d4a4d238a0fecc59247ac33,control,False
9aa279b60b7c45109b07e93debd86f1d,control,False
c024044928f545598fe445010fdfb93e,treatment,False
5b8edf2ef54240aaa844b2f51a56ba0b,treatment,False
125b7c945f98471b8a9c962eb9dbafaf,control,True
e236cdc887fd48b6b44deaf6ab0af82d,treatment,False
18ee66ab6a924c65a526c9ed5ace1e52,treatment,False
e5f07884e6324a8ca70c043e5e009ba0,treatment,False
21e12067015e4645b2c229fd9153bcb7,control,False
2e765f4fdda747baa2fdac2e2ee9f618,treatment,True
b43268aff0534c41a5d60befc3be69e6,control,False
56cced1f6a944230bcf77e136b521d38,treatment,False
c35704b6762043f595eda1e20c82d67e,control,False
aaa805828acb4c3aa3fdd09fe770e907,control,False
6be69d3d39584c8c933c064a9d67de0f,treatment,False
d80f339e6e264c63893ddee4d86cc4cf,treatment,True
da29b05d9e814faaae422318c69b3ed3,control,False
1b8c8b1a490944be9d3e9dbdbd22045e,control,False
ea0192924e894fb3b45964645e1b392f,control,False
e4ee7d735f284a36a3b692edcaa2db1a,treatment,False
168151fd9af54077ad7d484a76e4c385,control,False
dbb1476bbad44fc0a55040901c2bc570,treatment,False
c933628b168a4846a80c458dd64e5d78,treatment,False
a3497fa90dd34f1fa18ebb158a13d30f,treatment,False
eb60e62a122c4dd99392658f4068d28f,control,False
54affb60ea994bda97dbe5c421a9631b,treatment,False
3692d9720fce412a9d79429929fbf575,control,False
9551766a897d4105a41fc7bda3bb2d56,control,False
d05dbc8b25934209aef66616924c9d03,treatment,False
a3647ae41b3e4d45980441c8be6b31ce,treatment,False
3ab125220b484512887a98dc626abd7a,treatment,True
8640ffaf7c314b1897e855c4d242ce7c,control,False
03494d869365406c976a8728becf34a0,treatment,False
d67397ef9bc64475b1585e78e002f821,control,False
3cd96805396341339a6fc95ea17323e2,treatment,True
f6395de320414d04814ae3bf9e29ec84,treatment,False
c5f519f31a094db6a8f9c917b70ddcc9,treatment,False
f1d1804841d14eaca5daf1e45b576296,control,False
c3931c077afb413bbd44ea33a9206de7,treatment,False
74ee0dbcf48e4ce49eb5bdc01de9001e,treatment,True
7ed83572ae894f5eacdd8b32af267227,control,False
8ce1207393a94492b99f07275932d92c,control,False
6848c734372e42d3824d4fce15e33aed,control,False
dce7d53aa78d4b42b618064c56a65964,treatment,False
e52ffd111974421199bc8d079312cb8a,control,False
95c9f797013a40d8b36381c9b16ae45e,control,False
101b07ee4470426f9f484c09481edc77,control,False
d10b90c9bddd464c99d7e471f0714370,control,False
b89bcb57048145fe8a977f8d7b8e0e71,control,False
a701420d1d0e45e79cb25b78522ed8a9,control,False
99110045bd9c4c7e92b3fbecae17393e,control,False
64acb07f3a2442289fd9421277f1029c,control,False
807aed9cc7e5420ebdc679226b4692fe,control,False
83b307ae229a4b5a90a99133fe39c86c,treatment,True
b46dda3381d6426497bb61edeef37d88,control,True
579619c7e6224197a8167453d85f27e5,treatment,False
7362a8965fcc480e9fe95a2aafcd2f90,control,False
8e016eca2a564b4ab3170c23e9eb8713,control,False
f7690b6c2a234078a4a375be1407613f,control,False
2fa4852f4cee4598af2aad761408a043,control,False
43b40279c55943dfb9bedb40800aac36,treatment,False
7c854bdc5ac24d5ca230fc9549b24bfe,control,False
3a4a39bca26d4e9f9240d31cce2964e9,treatment,False
12512a3561434184b2884b50024d1c3c,control,False
78c72e7aedc04a85bddb0f14c7223bb4,treatment,False
af2ea898dcdf4717a0dbcaf43196516c,treatment,False
38bfe5e8c71941f7a5c0e67a2d488ae8,treatment,True
5ca2280b585b42159eef13b39097f458,treatment,False
dd0dec0062f74378959cd2f4eea6964a,control,False
6c39d8c9d800469489b779fb28f9ca41,treatment,False
e178759cb5d648b8a28f67a5fc9a64c7,treatment,False
eade10ed9076438eb35b7690c0be994c,treatment,False
ad6ae6d5699845b183119458cec38941,treatment,False
ad8d189c52c0497fa251d5953e02697b,treatment,False
96e7c5c1f2c44e9ab70af4f8e8f11b82,treatment,False
79b6ba4e9b5b4918a892b78064abda71,control,False
640e30afaf04451786057db22988f977,treatment,False
1e69cb938be24dceb4a417fe65a53a1c,control,False
b2f8240d2e434ffc977ff08386916f84,treatment,False
93810b92399c44a5bb84f8e4afe0c952,control,False
6eff37d27bf54600abd5b578970bf6f5,treatment,False
3ed03b4ae46e4d72bedb734b097b6f80,control,False
d91125dfc02049b48ec608e9f99ed8ca,control,False
3fafb08d27894dedb6e691410de712a0,treatment,False
42ce959384e246c2bb46597e31294efe,treatment,False
ea92802363eb416faa5ee93c4c2f8239,treatment,False
5ce1280b9b0848b0b15b5ad654a2763a,control,False
ba388042d15e4f9d847f36ba5fcd72ba,control,False
e7f5be9d9b5a4a0285740d1139578609,control,False
6f2c8ed0dd944004b0a777b37eba2af1,treatment,False
e0a6acb10d8a4260a323069b561fa8af,control,False
41102cd0f40a48d8a5c0369416b1a819,treatment,False
8327bad0ef5945c0800793f1d64cd7d7,control,False
8184718559b84ae881b0f18a10cb4849,treatment,True
d1cbf9f6c2f24f71b3597aec6fbd0310,treatment,False
a90c3a9db5b54dcda1b667b14ba4c2aa,control,False
ee4886365e9d43e9ace0c9a071a2b4c2,control,False
0d2604c5ebf641bd8ec02ddab3c98c30,control,False
36616fe2d89a49dd9148f4126a34eac0,treatment,False
df27cefacd964efc96a4128d89156a01,control,False
7cea8bbb9303455fb7392fb6aa3273fc,treatment,False
8fa479e4ddc042ee9d829b181d52772b,treatment,False
eec9fe6abd3844ed9f788775ae6658e2,control,False
806040a9891942679e9239cee8dbd749,control,False
4915155cbe1f45f7aeb837630faaf1d6,control,False
e5a4a9b2b38340f8bcf5ec219b41a977,treatment,False
744920e85bf84715b22afcde948d220a,control,False
dcb8486a1c244a03a5c14f5d02df3992,control,False
deabdd1438784cfea891aee884895086,control,False
a1bf9cacce574b7186994e1f41055bce,treatment,False
863811d8aa784d42b1def95ca3031715,treatment,True
153478501a4b42a296cfdc0bee7699c7,control,False
a853b48d7d994c77acf2596805f9ea54,control,False
fbaa88044ac44e6cadcb2d659bf523d0,control,False
f50074aff6e34b0b9d28f1b7ce806404,treatment,True
92938e876065438cb46df78d969ee350,treatment,True
0cd5d8f1a7164737b3d84805dcd89518,treatment,False
c92182e6c7cf4bb7bcaf7e335df6a5c7,control,False
4ed208d019d04575a4c8e510157adb85,control,False
7190a776a9e849d9a7cfa5bb11e5b11a,control,False
26f1bd11758f42fcb4315bf64e1c1d6c,control,False
f577c0dbb90f46f1b436565fff1bd8ff,treatment,False
0e7f044117df4bbdbc1de584cf93b4be,control,False
299cb52ad95e49d082f88bcbfe0dadcb,treatment,False
9653dc90574c46489370e25607df55ca,control,False
288d0bdfa1df49f8a35c8b56b733fbcf,treatment,True
836e4e0f66624927abcffacf6c48a030,treatment,False
8243f5775e64463a8266de7ccbcbf78a,treatment,False
9b95769bb8a94a0380c4608ee60e6fb4,control,False
8f94aadc6e684fd4927df4d2ecdc0b4e,control,False
145c478372ef42e083f8e103564ff319,treatment,True
d348a9b8720f447d93d556a3b9ab2a98,treatment,False
7e9a77e1e29c4272aa80b2d12730a2b1,control,False
d0a32eca27f1400e8c26293eb8fb14f4,control,False
06ffb672666f4f97b7bf59096307204f,treatment,False
58022d76d97a4259a1845687a1121273,treatment,False
fc76da56696b4d5381ed835ca851ffea,control,False
befad026c1a847b0bce7b8916b186635,treatment,False
c82e1ff618f94b929f3d9616a394d775,control,False
add80d9cfd1a40e786ff127bf0735efb,control,False
f4c08554546e48b28ab1d7496bdec708,treatment,False
18549a13cf5a466596cc2de6c71194af,treatment,False
dc31cc4fedc742c29fee19304df450df,treatment,True
f967564389c8419fbbf0743dd0a162de,control,False
9a18f6f4e6294136ab879f193cd717a0,control,False
7e18891f46dc4ea890db2c3e7169134a,treatment,False
51f4c85fadfe44d49d69d9769789bccc,treatment,False
133008dca5124122b9689643135c7013,control,False
0c0e865ced8f498f94234ba76a3c9b45,treatment,False
286c7859fdc64a8e956d267c6a03305a,treatment,False
cc1b1fb5e1634d82a851ee71ac5f1647,control,False
afe39377245146f7b714b8e7360d1efc,treatment,False
b1881348fdff4dc6b8214a9e452c39e7,control,False
6afb0732556442edbf1be37d820aade5,treatment,False
d99db7c0c0194474bc7c01762622119e,control,True
750f1324c90249cb952ae3497b58d31d,treatment,False
2f992ce9c8f6429693c46929c20604ff,treatment,False
ded90135e0044338a8a87898ffd32264,treatment,False
be29547323ba41a7bf417a0f2fce8fdd,control,False
389dd2d81fff4db98b02cb363072de44,control,False
b1f5be04a6274510ab03edfe204aeb2b,treatment,False
cdddd6cf90fc4cb097142329db36cb45,control,False
9d5405fdc5eb47d9b95e9a39ade8fb52,treatment,False
f21a6382abef4c4992f472ab0cafeb8e,control,False
49a6a646f12e4e90aa78d8594ef06f93,control,False
c97d5160ca30428a9dc35b4db22422e7,control,False
31fcd21bc78a40f18bbde7bd1db952a9,treatment,False
5d0fba0bb1fe4e27b7a30318545d85ba,treatment,False
6c65999170d547c98e2e195ec5f11e99,control,False
528376b65e564996942a6a99f4515e91,treatment,True
43afc207cfc844cbb44f9b788a747e86,treatment,False
6f8e7679e8f84d24ad5770be58283fd7,control,False
10cb8bce544f4263b31767af05ef524f,treatment,False
fe0df352043e4a03a6543411ae824f77,treatment,False
209fcd185a364f47945bf98caeecc7cf,treatment,False
4c0fb10cd68f4a5cbaf74e3a2cd80e0f,treatment,False
5ca3eba49ad74e49bd5741de32c2bb66,treatment,False
2f6aaeea94694a23977b5c9fc7d0f443,treatment,True
bc12b84e0db44ad39708e10e381e9834,treatment,False
1f6d341d79284cc0a7d810806f89721c,treatment,False
6b48a2fdfbd94e67a84d42314a939cda,control,False
7894f603856b49dcb09c68c1e5c00ba0,control,False
7cb17c32cb4a4d9faa8ed66e081abee1,control,False
46b06f3ea1b74ca0b88763f59e2b3ef7,treatment,False
f901aee6d25b4cd4924989acbbba539a,treatment,False
b3c8a09b89a14e6384eafe779b820fa0,treatment,False
0428f0dcb8c64b09b22273871c728afb,control,False
08f8968e80524a79a531cf76e944d6c6,treatment,False
df0d23f771744cdca43d1a7c8711e78a,control,False
8a23e7dcfd014d3ea124df14e177272f,control,False
5bfac51016964c68be82c372e3d0f2fd,treatment,True
6809586ce57449768953bfd7f65824be,treatment,False
33b432e6835d4f0087cac5a178eb4db0,control,False
73dc1c4c045b4601a8d9980e6c4b108f,treatment,False
4ac0be4bc05544fa8e99c2122d7080ef,treatment,True
28a6016817534dddbed53f9a6b0dec44,control,False
b340062631c24fec8ad0593790ce2cc5,control,False
85ad5dc3c40f422aaf1f433b5df0fbd5,control,False
5d219448151e4ffbb11e52114765c5d3,control,False
e64589f4c7694666b08389c10865e9bc,treatment,False
919106c543e34a09a79770b7e73513a0,control,False
361323d4acc44c7087ecdd3560449228,control,False
ab12a1c0c0c34ae5b2d37e42e7bd8ff7,treatment,True
ae027c70cb2c4488ba98ab8153328fe5,control,False
001052f7588f47a58e3d97f96a521d13,treatment,False
cf7c3e1f03664001853a088c4d86c035,control,False
ec674b57e0f34b67922555b4dca6194c,treatment,False
c977086a77ac47e5aab5ece201a13303,control,False
f78c34e518bb4405a8aa9ec8743ddbc2,treatment,False
0caf55bab4784f9999d67993dc99bda3,control,False
69e6969703844cc5b67ef6671eb0ed1f,control,False
62061162d9d1448dbf81ac63d0631fd1,treatment,False
516f17793152452aaf0873924d6c0a92,control,False
6399b174c5f24066ade03ae8d50b88d6,control,False
0046c8330dca41e6aa72b117e208c7de,control,False
8efdf9a0985042e2bdf4210bb6969894,treatment,False
8f541edf6d20438393aa66c8fa76b5e0,control,False
11bd2607e009419ba3196c102c3caffc,treatment,False
3370300233d242b29226b9b501d9a17a,treatment,False
509d7b2effb749f59f510d6bfe60a6bd,control,False
d32a4e090b2745b2aff2b46ea62e0208,control,False
705be456364448afa89634bb09503fbe,control,False
f1731bba471647caa3b46ec2ef95e42b,treatment,False
dc53ea06e13c4a10885fef1f0f2fa2cc,control,False
be064d9dc7a6446080a62ed40c57a399,control,False
45cfd0709824481991807d3a1373fba9,treatment,False
fddb5569ff95498ab5a1d4f7ae5cfce8,control,False
18a5225725e74d27acf3b434a446fece,treatment,False
c2b64e934f564cc1b01bbcd7af3e2d89,treatment,True
80523daf41e84136af5bb7a840d93683,treatment,False
ab65d7f720554458a0a2940e999b0e7a,treatment,False
90dbdf00659644d6821af1b541dc478b,treatment,False
e358f4751ecb4fa1a113bb9eb8e08b48,treatment,False
fd15429cf1964154929126f9df7ab712,treatment,True
5643054e2e664c089d8f8eaf9c748bb2,treatment,False
60f8f3b55c5c44f38c780b74d21d33f9,treatment,False
18faf2063e994a23b729ae3beefd4453,treatment,False
64fe98d33fb04cf49d05344a12acf608,treatment,False
1c573e7f8a73458b9cdf072e49beb990,treatment,False
880d8b6961844f51af6000e40054657b,control,False
4d166dc3ad01428db23e9df3779122f9,treatment,False
3c49dc548de6497983cb704313f10568,treatment,False
9f736d83ec33456ebf28262a7b73b749,control,True
d0b1e5d53e5f432b8ba87581735d309b,control,False
e5703c1ea816440d8f5e2cd08fda20e6,treatment,False
885263804fef4b1bad11709fd082266f,treatment,False
6e1451fb14f846b2b9eeae59eb3c3ebc,control,False
94dbddb2bb6447aeb7ee658ad585373c,treatment,False
9a077552e3834bf989679f6435e0eab0,treatment,False
e677a2b7d598444b9a03852efb1f8ae4,control,False
757296cd54204efa8be33ea5e67293a2,control,False
3135c832e9a14f0681b0b7ff0c849025,treatment,False
c82941e225274db391cf99f1cdfbfbc6,control,False
eb9a071f14a64e6bbe8d17d5757d8325,treatment,False
eb82b8c1938d47a18aad5a9873c550eb,control,False
68c7ecde611c4ad09271605a15c4f4e7,control,False
cc6a25c44d2b468da74fade5d099b283,control,False
900973f33beb465488855f391276b418,treatment,False
06c2301d09354d1c8a498978ed4b8188,treatment,False
3e25b07c39bc4ad1b1affa150473f737,treatment,False
473916f629ea4f088dc371f77c222bab,treatment,False
af44064f802d4612ae92e4436d3c09c0,control,True
69b681edee554fa49e50bf490a5df31f,control,True
94a7ede20dc8412eb0aaa5ca483c1112,control,True
62b5b4e8ab5b455a8937945fd507a55b,control,False
48cf997ca194427a8c19fae83572f9a7,control,True
7600fbfe514a4cc29d4f8d0db665d3c4,treatment,False
fbe651b5093a4a9f89c50328cf6a90df,treatment,False
393b07f5408049a5b773568125eac864,control,False
74a4cc45a18c4677a807d4da45bc8676,treatment,False
56ec18d87a2f4a9cb1d25a5bed2fbfe8,control,False
29fe423c56ff43c39c996df5d6adde5e,control,True
e0f949546fe74cc1a6b9f16be84bbfde,treatment,False
9cc242d167134c6ca56ed310bc03306d,treatment,False
6fb18f7b79a84ca9b00945a5c7fb5a0c,control,False
c6898972895c44208361c34c11b2c890,treatment,False
259f563ed4e54d2c894e55e3171bf30c,treatment,True
9d0f9bba4dce48c8964b6f23fb0219d9,treatment,False
94c5f6fe4a7740c1921668ed39f0b25e,treatment,False
b977a843f7474d6aba67ae58883ae421,treatment,False
c32bb1de95c64c1faa75dfc1cdb6c07e,control,False
98257761885d4a10ad4592635074699f,treatment,False
9921a56866024160bca5e68ca9e1d868,control,False
2c9ac4307bb04801a618b6fd4b289547,control,False
095df21e4e7e4b05a4c745bfd13d9f9e,treatment,True
7ba1c99af94d44f58db9765f19ad1163,control,False
8785b8a466ed4e2ba9277659fabd9b64,control,False
2ade385e10ca4825a5bf57822008a44e,control,False
bee2066cdc734d5a83e6528e43405fd7,treatment,False
a04922e127e54a718d8d3066c98db426,treatment,False
2f1058b9161a4641a5c114547f2c22b5,control,False
e1f7742530ad4fac873ace95267c2286,treatment,False
cf27cc3d0bb04c6cb1ddb83379dc4e24,treatment,False
b0aa4d7387354548b2278248811a616e,treatment,False
9c485eab51e048b69544bec609799a80,treatment,True
c37c2100dabf4c5ba590d466dfd05a00,treatment,False
65ea2ad00e7d40459ccea4436b5d94a0,treatment,False
51c5a980caf14e51948ccef892711d6b,treatment,False
21a4863ad7a0433c92e5e6aa36407099,treatment,False
2eca0c8cc10c460298e733da0151cda2,control,False
ea823885546549ce8125e3785f132e6f,control,False
25845f51bd7345c58375ce7a8b7f20ad,control,False
d3cbdc12acab4aceb796b49d23224717,control,True
d6885840cca1485dae1a72bee53a3ad9,treatment,False
0a44978c78d9485982a59c6b91efe9d7,control,False
6303aff04081499e81d8f8b245f29ebd,control,False
4bab1f85a9d24abcbc76f1c3ae656a00,treatment,True
33e63314b1bd445c8c4b39d62de2bb80,treatment,False
6b0cd80afa8e4d3681740f629981bc51,control,False
e9cad2b9b72c44b3ba86e1371d1542db,control,False
ea0dd5a98c73478a9d7a528bcdfe8bc3,control,False
071f2c53d183480aad58b0e0f96e152d,control,True
48ddfb7bebde45139363c580b7a1868d,control,True
412fb36c3a80447b9edb6eb39f74d390,control,False
116a0f68e3c0438b9076a541cf78af1f,treatment,False
06785ce64baf4a86aca8d8730ce0ba61,control,False
1381c1c72dae41cf896083b362bfa6cd,treatment,True
419581db87ed4543a5f3f3f253e8a5b2,treatment,False
fb04a4f094b944099917c535759f15c1,treatment,False
3caa40da752749ac9bee1d77d8a18c07,control,False
a131af9f81b24f57a77ecdd689eaf12b,control,False
45d093d5df5d4161b7a68ec6ab87254e,control,False
6645c9d3f31549dba7ba74905352c10d,treatment,True
d4503bee8da841409fa3b12d0599feb5,control,False
5f718a1f385f40dcb18707b469ea18b6,control,False
0731ba89bebc4f388e23ce11de97cbd8,control,True
27e234b520cb4895b3881aab8ba8a903,treatment,True
40d24218ac054fe0b191965ffffc8a92,treatment,False
db6a30f5ef2d47e3adf96fb35071309b,control,False
296a4c1620924f5ea036e80c8b3fedc5,treatment,True
14cb3dde7a9e4006b176c071d410e281,treatment,False
228285d46ca54d3285fba836f96f6758,control,False
53fd43528e47480fac0cc5b2e76710a2,treatment,False
e146fb4fd6ee4e12ada55ec19d70e12e,treatment,False
ca744c5e299f459b8b0105a3f3646280,control,False
915a22403d814d178e796a061cf74028,treatment,False
00210cba2b3048d88aa8b44a7206fa21,treatment,False
4716918956084c9782d0f2931287219b,treatment,True
02c402e0ce014cc5a464d002c5423277,treatment,True
0eef252451864b3c86e9da805c70012e,treatment,False
6f8d7f8c69674fae9203591fa848f5f7,treatment,False
da7683ea643141b3a31367588bc4e766,control,False
b214abd2963d449c98a434b867334644,control,False
efa9e49aa4bb4bae900252cb33e32087,control,False
810776f8a7d348968cbd1093837c5242,treatment,False
df56c23efd8740c1adc126132e59f24b,control,True
8313c61fbeb74722ae5b87a6a97c0f0a,treatment,False
d8f50d37dd8d466180b6ac75f36fbc9f,treatment,False
4dbac20572c3433389b3474c70dd7b42,control,False
757b695a75614acb9cafe7a67bc8546a,treatment,False
f63e88bb22154eb099f34da997aece67,control,False
26d8a9eeb0d94e448d30f51597a1d0a4,control,True
ec8203f54424451f8a544c8ed91f9168,treatment,False
1dc2831c38cb4ca4a68321c48c7f5979,control,False
da02aa6b5f3a4ffcab0fbda58f25e349,control,True
fb7669c2a1824a7aa8e4c89c72ab2351,treatment,False
98dc5869f84d4ed7a42d3c175c21087b,treatment,False
94f20da2d76548aea1a6cf9fac2e96ee,treatment,False
277e42a8547e49f29592979e37005148,treatment,False
85d2ada2bc574d4da647396b9c668154,control,False
8cf3192c102c4412b3d567df9719fe26,treatment,True
3bd28c29e9b94e37b536e25deca4b4ff,treatment,False
b3282ee01b3741719760a4075eeae9e2,treatment,False
d593feadec8147a9990677ffdea183bc,control,False
0a3f8e64341c442f8657f5708b74a29b,control,False
9b37a690bed34472aa96dcd42615a52e,treatment,False
1e3d462502d54c1fbe1fbcaafc8d93a5,control,False
24f63d7a380c401e9ad8bdc14a559916,treatment,False
8961c0de705a43af8279723e3d7ff83b,control,False
43b2e253d6144b378b986aa778ca369c,control,False
6b5ccce7c1c441948a8159db143f4c4b,control,False
482fdb397afa42d19143593a42d1f263,treatment,False
9af6351bc4e54ad79ecd9f1bca8bde5f,control,False
dfbcfb6e140141f09310725ba932c971,control,False
2275697fac174fa2ac669fd087591efe,control,False
9b4f5ba869c44998a7252e7106ec375f,treatment,False
8459fdd7d624498d90540b6ff60d7a2e,control,False
ae70416ac0b24630a907a6a64b5b8a13,treatment,False
7bf4347d9cbb45b7b0709091674398c0,treatment,False
f44ca156227b49a382d02abfcc841f25,control,False
6cb18da4b1af4def8d717e00114be3f8,control,False
3a9285733534461396395336888af5c3,treatment,False
068d5ef4cd0e45428f70206be77dcee9,control,False
771f8809050942dcb1985273068c5e08,treatment,False
ad952215411246ecb9c4e30b552bec94,treatment,True
22e05d0ed2044f1aa5ab15955e55c1f9,control,False
539c13993a7444bb87a26a5fdab8ac49,control,False
d6762369df034f729ab2e1961fb5a695,treatment,False
494766a0c1c549c783d977c24a839cbf,treatment,False
7cb16d6b673a44ec98c6cbb86e5dea48,treatment,True
e40abf2b6f744c60ab7d05e2b72276d2,control,False
196cba8981bf47cbae59a26bb77fb1dd,control,False
a9b68cd6af31432282251d807fc067a9,control,False
f6ea737124de466e9ad511222e7edad3,control,False
3459f68c345c4c6f8de6328d24141d21,control,False
7e5272c7bcfe45b49917de2db2f30653,control,False
05ca5f88f5634f58bb0f2f8285469f69,control,False
d3c355f75b54460cb4cd37665227ba3b,control,False
1d9cea43209d4a09acb8d92d08f5848a,control,False
d33f770d4203424a80119b2c37f8f250,control,False
516252e63d174c19b9ecafb89409300c,treatment,False
0d8f489dc4494d3c9fe2cea615d2832c,control,False
10300e68623344399d5b2b6a66d85c17,treatment,True
cad36ba7339f445cb6ad896aae4c936f,control,False
7bfd06d7c3f3455fa799cf4a6f80c932,treatment,False
dda0f1aa9f684fa88b91964f1c799182,treatment,False
1bbb5f88f5e94ae29a866e666fc171d3,control,False
f6b325c61ad44c3e852ee67b9e4cb596,treatment,True
8be5db25b5ea408d85bfdc2fb12b8512,control,False
ab8da7f5c6d04484b8691e8289c19bb8,treatment,False
360ac561d5f3419abcefb0e5f304636e,control,False
71d5fabe735240ebac7000a7acd55a06,control,False
402d819c5ee44394ad2256eaa39588a2,treatment,False
48776fdc302b4237b2f465f3305f315f,control,True
bcb1279b8bee433999883ac4616be9a7,treatment,False
2463b7d6f112449a9efec28ffc3c064a,control,False
06a16a27c90f43c0a4b491126a7df4a8,control,False
e769727c647b45f78cfb6e933fa10c92,treatment,True
af941891ffc74414aa09cd0c8f59acc3,control,False
9bd8ad43225446308f8ba14dbeb5ee42,control,False
228ad8c1098c4f81ae297a1fb22cfee6,treatment,False
801aa495c9f54e96a28a616d60927528,treatment,False
2231774c0db44f87baf1eeb53ac25960,treatment,False
b83b65656871452e8e27ab8c657142d8,treatment,False
fa5ecc45df644bf580ef5b91057238db,treatment,True
d0f5cb432e0648c7bc1d95affc4b7ef8,treatment,False
86d4da22f22c4a79b4ca168a6d220fc4,control,False
1b2ab0e7817d44a2ab30e32703b20489,treatment,False
8e40026fca7c41adae72672b1dad5759,treatment,False
762be90568dd467bbb0307fd2f7d60c0,control,False
503455a24a484089892b3010a2ce5768,treatment,True
56a45878eee44e83a2f05d10ec53f296,control,False
572a96d26f334eb8875c1d04e34dce5b,control,False
b81e7fc24ea344358dbdce8d051bec55,treatment,False
7d0af9def1dc499a9f2c89238d75bf8c,control,False
80578b7c626545ea841e0f05403b7981,control,False
132ebfe2cc204327be0fc7b49523bf9a,control,False
7d73d6e0bee745629d7ae3f8c4e971f0,treatment,False
9eb86366a6c142f7ad43ea8776ad18eb,control,True
33d12832c50d47288e083f9c7a66693d,control,True
77e7ae91e98c4ff18ea6cddaeecb852f,treatment,False
b9d3d696f2824ef387a8428f23702b9d,treatment,False
25cb04c3f0214e43a6f224e29ef5c2e1,treatment,True
a909c6da30bc45079f63862a281ef418,control,False
68edb503f6874212ac0d759f8af78587,treatment,False
7ce5bd9e35534c85bdfcfe677d61529b,control,False
316c53703c2c44b480d4b00c09b9ceca,control,False
a21aa63f076a49da8be122c8e3c2d4e8,treatment,False
1b8a83e09bd84d85956767ba40778201,control,False
fba4e1b5d6ff4bd2bdb0da73ede97833,treatment,True
03eb7ffc9ce34f949d24112bb7fefaeb,control,False
efe3dd6d914e40a28b9082225d2c824c,treatment,False
67abf31a7a8943bc8e38bf7d697bb1dc,control,False
4631850cd0804908af20477cf99ece0e,control,False
e5468b2fe35d4169b7530a2b189383e4,treatment,False
79e932464fc141b88011b7e0198a0c27,control,False
39fd269e810f4733a1cff8fc2f6b10bf,treatment,False
e153aed9deca43dea6d30c18dfb0fbd2,control,False
6674c4f3b68741b89b7e6d3a0ba652a1,treatment,False
21106622b7fe43fcab7a4e6682b9afae,control,False
1e64540204244d95baaedae5544614a5,treatment,False
fd4179d7c31749acb0b75edbe04b309a,treatment,False
63a46608ef2c4f329fe5abad0ae70d0b,control,False
0db93b86e09e4090b489588c05330a51,treatment,False
6cc4b77dcb4f485897e2ce43b2e8a5cc,treatment,False
b5e79bfa936e4526b9f0e563fa344bf8,treatment,False
bf4002c3245840fcbd664d5c8eda974f,control,False
a1c08e50e68c4fcba92649e1d3c25bd5,treatment,False
fb86ca1521fe420bacd8f9528ef03ce8,control,False
5211ed965acb4e0e8880bbe7834d54f7,control,False
cd54a08f03784d4d8da48f7ad9674e23,control,False
64331239e9424eca871461b95204797a,control,False
172871d1745e424c939959f0235415f7,treatment,False
018fb9879347404f9f19cda08588b05b,control,False
a98c0c3b3eda40a59d58d531f7f8ed31,control,False
43741e147a7c4b908216e10b4567f43f,treatment,False
1e0558b8e8624393982443cb20052ee9,treatment,False
87283eacb8e44bcc86b8fa439930a3e7,treatment,False
e3ca9c92690b46759c8a1530d371e6b6,control,False
d4df27e032384b56ba243ece82078598,treatment,False
821b7b051ae84e90811da9b5df983679,treatment,False
8e6b6b56da1349878b0bc65d0d669444,control,False
b25734171b0948d5bff2c4f08534e7b2,control,False
eeb7165046f14b33be91787f1a3c5f5b,control,False
0e6e8b07c86e49dab4ffa7b4a26e8db7,control,True
ce0f0878589a49569dd5984c44ba5812,treatment,False
56102634e7f04613b6505a8067bf2302,treatment,False
4067255e9ed2461f89a0edf6b5c96f09,control,False
ecbe40f418254d948952389b35e9a6c6,control,False
c603476d9a164e798413816fe2ff5933,control,False
934f53a960394e7cb2d04c833335163a,control,True
448dedfa0ed64ec38e8723aa1a335c1f,treatment,True
d3d6707d8de8454b882c987479e5e75e,treatment,False
94f0c7d369eb424f9ced2eb5b89dcfc1,control,False
f027f8edfdb043afad559be711a8c372,control,False
7a07b169a487410ca7dc52ab6b200bde,treatment,False
86c05a7366d849b9bf4b61af309eeb33,treatment,False
0ca5788387d64f919bd998bf2d2e974c,treatment,True
ce9e17ba317545b68dfa131576adc782,treatment,False
15060157dd6e47e698280a1c60070a9e,treatment,False
85d85c109fd246509973da36c9b12298,control,False
04e7ee6c4a184588ac03d4ce4af081cb,treatment,False
a5d8ba344b3e462fa37d8122bdacfd87,control,False
79f88d9ec85b4542af123104c4c66f5a,treatment,False
ea87646c66204726bfc7f46078b724dd,control,True
16d19630e65942efb91f6336c227243e,treatment,False
00d351945c8544bf8e8d7ea665d4ae46,treatment,False
64dff941394d4c65ae4fe2b7da177e63,control,False
c0ac8fd6a1784d69a4ed75d1160f1c22,treatment,False
de54db910cb040f684c56005882108b1,control,False
1088fc5b3f0243e1b78b44644c2b3f21,treatment,False
7e91b3074f8a4169978ef54eb5cb124f,control,False
1261d083bdb946469208bd8ddc604b52,control,False
c2ecc49aa67645409c38447285aa5844,control,True
0e10132f0772407cba11c5de2ab70b47,treatment,True
debea2049cf047ad80381cbed172137f,control,False
b2ad698e89344514b3deb95c8b7c9416,control,False
41bc456179424ba7be71f57ed75a7433,treatment,False
e605c1e803f34f2ea3d9a2a2f6e374d1,control,False
ce4ba34161e64b1b8db0eb557eea1e39,treatment,False
5e2fb6638eca42e1b01dc263f98312d9,control,False
46d3ce7c5b7749da87a4b8bd43f76f1d,treatment,False
36e3fb49f9004365b8f7b73dad747638,treatment,False
f4356b75a39a4fdaa0ba37c0b0fd42ee,treatment,False
5fef0370e407444fb23d77764f1e23ca,control,True
5cb4d19bbd7f4484a43f9a40277841ab,treatment,False
44f2ba96a1e94020b96281ebd68d9f6e,treatment,False
eb73b9ead88a4aed93acd6c717df590a,treatment,False
81404e7fd15b4a4ba558fd06266193fb,control,False
b3df8df1ed984ceab99e97166af100ef,treatment,False
a215c41f85584d18a21f265561bb8aec,treatment,False
a22019adce1444b7a1f022a15cd20fe3,control,False
2f8c33b278eb4659a80e806b4b8f2b75,treatment,False
222d1b5c27a74bd6956ae8420fda4df5,control,False
021f9f3f4df644a19a022c09019d4104,control,False
ddc317ce97ca40598fd2acf7336461f9,treatment,False
40d4ce31f0a544069768a539d26a18a6,control,False
b3b72ae460d142e294ba4802ee75a867,control,False
34b9d88d6030424e9419adce46d708c6,control,False
896f6c395a3b4ba3a37d08489e755908,treatment,False
ae4803b46b7d4883a6341a72c6c2e0a0,control,False
9bcfb94357a6453498611a36fcbeb6b5,treatment,False
b384bc4341fb4c5aa38b0051a7418e92,control,False
71b98b65ace9403cb4a9ea81abc46ee9,treatment,False
e87371e05bdf45e8a252a1021e301947,treatment,False
c66361c1379e4881b54ee794c89eac9b,control,True
4a781cb9178c43d7bdf6ce8a3d26b37f,control,True
6c74f939da43480481e2ebeedea79352,control,False
4a6378a81c614cf8878a974d5fc8d735,control,False
7e5ab4e27b614e69b44f70506f8fa43c,treatment,True
bfed99d206f14a9db35456052c6019dd,treatment,False
085779c0bcd247fea470eb43f54b80b0,treatment,True
68213620af374702ad7a011366599036,treatment,False
16a4618186634e5ab1abe935a9d4ea31,control,True
6c1a72f5071049c0b23bd0587b0f1deb,treatment,False
fa260ca96e804713af8450bbcc8a526c,treatment,False
5936f817a4d3417a90dfd404f3d56bdd,treatment,False
e668f147691f42bc9912a2bc82c10ad1,treatment,False
fa2ff6f7a3b940439b206f1dda99b6e6,control,False
b7495ed674e04b57b077f7e80f378dcf,treatment,False
476e95a87d254c62b26031df85193f9b,treatment,False
d859b2a230574226b12fa56009b62df6,treatment,False
b3b44401ac1b4ecc90cec22be5e1ce17,control,False
eab23e6ca5a54aaab1c1843c383e2d09,control,False
174ac4ba7e294555b2ae60f491920fb1,control,False
407b8b00e2bb4ec09b06907479bad9a4,treatment,False
6ffb8d10bfcf4c8ab66b97060058bc5f,treatment,False
e91fdaac53e644af8cb8465088fa4fb7,control,False
8a35b67a73394d2591fdbfc97c246c30,control,False
2d8d15134fff405cbbdce9fa5d457af6,treatment,False
533d5e881eda4d6fbdf83ff7e9ceb4f0,control,False
be2efeda10464e869eb2665fbfde37ed,treatment,False
e6043dd8274d407eb2af384cfb31fbf4,treatment,True
4d85872cecee407a9ec09e59318ccc32,control,False
b4f3ab265deb4bce8c55968d1bd243eb,control,False
cf084cc8113c431fb79d46e33daf6e63,control,False
53b8f1bb0dc04127898ce0a2640ff46e,control,False
ec68d929e23d4a088387306b94eaf82b,control,False
ae19aec7395643a8a880716ffcbb3bb1,treatment,False
63f9218494974092baac0dd92f9ee0da,control,False
8e302871cca84e54baf7a883c35dfbfd,control,False
b09891a9aa0a49afbb8161f9f15be274,treatment,False
c36321af09b84972a1df9eebfb84bcc5,control,False
fa23bb0a1cfd41fcbf7d2f28301bd403,control,False
b1596cde6f4142018d8616cccdedf47e,control,False
36c09e0430a048649b41e45f0af9aa45,control,False
f2beab0e0346420f9d8b6d3108299e6d,treatment,False
620b904a375f4a7db16851a22379480e,treatment,False
ce5b5455fbee43dd94b1a730e8134f17,treatment,False
e6b1e4e7ac454f068fce4f27bfc60501,control,False
09975a049c7541378f3c05bd1c02a449,treatment,True
6c7accde9488430ca4d3a1fb1d630b70,control,False
31313358003e49fe8ac785dfcb6976e4,control,False
4f6a180dadfe4273bd88a45affebc109,control,False
330da24c3cf046cdae4ebeabfe61413d,treatment,False
7aa76f10b2df4ee082586eda85c430df,control,False
b1a341cc8bfe457ba6bef442c3304c2c,control,True
ff1ad4d3665a416594b51408c4aa7a27,treatment,False
225b3f66e45d4f95aaf567c6027f36b8,treatment,False
e6d1c94139dd49cea2718f38019ea4c8,control,False
0ece2045d0f74ed2b5a5d43e67723774,treatment,False
ea515469a5fb4df5b0ed71acf2a639bd,control,False
2f8ac102def34347aeccbccf41cfd5cd,treatment,False
e3b52a9e01c644378245122a5f7191b7,treatment,False
64879f2e8d0345f8bb4a846493867542,control,False
940d7a3c9eb346c888f73d367528fc46,treatment,False
502abcd1c4554df4abef2c658ad8d49d,control,False
7e1cd8415f9441f9920d8737c0e8b3cc,control,False
334523df5cfd4ab3841523ff442be089,control,False
4bff6a2dee1e47b59a9a584c6c598586,treatment,True
afe9d64589f84a49915b7c9eb3ac6719,control,False
4d7465eb180442b8b8f694be0af19e70,control,False
6981c67d79ed41b6ac59be2b7db32540,treatment,False
e048263ddc61464e92692ec5dbd8e0d6,control,False
ee83f6b345c548278b8e1a5b8c2ef2ed,control,False
33cba852c5984ac88dc3b8552c8b0c05,treatment,False
e036fd8669724b81988667a382f555ed,treatment,True
a23cbb8be46446ae8c9ff7f221d1373a,treatment,False
db954add8c0a43dca3f47c0433a007c0,control,False
dcf9165bb3c34d94ad3704ef908689f7,treatment,True
9194b3ff6bae4f75958b92cefbcd7f49,control,False
4a30da3bbfd84fe39947f32e8ce0534c,control,False
d4e3fce033b14cc2a3b2f663999bd572,control,False
595f8d2bcb0142f0874f1adf72d1c010,treatment,False
7c33cfcfe94c49469dac52183a1f984c,control,False
9bda8b6035d942388fbff429290724ec,treatment,False
5c05da97207146eabc95a05e70fab8c7,control,False
af6a2a430c764bca951741a0dfab39b7,treatment,False
a3c8d55f2bb94839bd7ac44a77053d2c,control,False
963b9693576c4f06b1c6a0a1e1ae5718,treatment,False
a851630f98334170924899495178a9b7,control,False
bf84c908e9a1404bbc3b45483e50a50b,treatment,False
c06128c9e2ca46c8ab5a3fbfa9a52ef3,control,False
07377f050a9248d384836452964b2fd8,control,True
e6ef2b9feccf4c1b839f2f1a8a2e412b,control,False
5d08b0d157cb4211a762b68c0ae0b48b,treatment,False
797d248cc42443b09085ac68b252749b,control,False
47426d5281804e96832f13d19879dab0,control,False
6b9ffa3f756647f7a41a4de9c467fa94,control,False
eb58f8e89bb049f885759ebf64f07564,treatment,False
09bce67b2cd74052a4336db9860c922e,control,False
99ab138a50284193bbc241b61e1bd8c7,control,False
5a61b23554c04f5fb7f49266f4552418,control,False
b1cc1930c162479b9be8cba31458d525,treatment,False
9cd1c22544314813803cc6202a5cb0f7,control,False
89ca2b1144704836a9760dd1bc8442f7,control,False
03614e9b9dd94ea99df51f0cf99af121,control,False
bb4784161e16469ba36c0efdccab4fba,treatment,False
a3fbf6f50752476fac1a984f396046b8,treatment,False
af28ff41962f4ed1bd91a59f634889b5,control,True
9770d6c674714d3888bac64605b81a9e,control,False
759e144730a941dbadf17913f04d9e37,control,False
41758103113d4d71a56070c320139bfd,treatment,False
0754278a3aac41c1bdd35adcaf182ca4,treatment,False
a6305b9fb2a14c8e8c3c6f09f8e80ae6,control,False
59e757ebb7c3476584b0908a8f33ceaf,treatment,False
3167d065712349f9a6fb4b34c92d8ab8,treatment,False
1ff772bfdf8d4bde823e24d350150b34,treatment,True
d9de1a92bf62423ea64831fef07bd287,control,False
032d6e73beda4bc7acb63241c12ce37c,control,False
ef5e866cac31410098536a1826b6ccc4,treatment,False
025c21acfdf24da28ffa1c473af36710,treatment,False
8ebeaac0e6e4470498a68aa221e8d05b,control,False
e41ac890fe944679b6a65a9e8c9ed78b,treatment,False
0e56a2ac4e1446e68420eba537df2c11,treatment,True
34e0cedcad5641cb893048ec5a627ac6,control,False
1711ed91a1cc4c53b16e46042e2c9f81,control,False
b5f78dc797304d4bba3c8d33939816fd,control,False
4f9cc03023bf4c028d50d1d8c2d7208a,treatment,False
d06b120689f344289c9377f381737424,treatment,False
e83293f15fae424cbf2762e806acff12,control,False
5ba72fcf253a4fc99f3441c82fd73991,treatment,True
f486050cbae84c2da65790e5c0681b30,treatment,False
db54000473194872b4fc33f0eb2d4c1b,control,False
5890256b68384406b015d94abea1599b,treatment,False
e51566c8549941d6ad4c43447f18c6e4,control,False
02e326549d3b451cb34ba1b23853b8de,control,False
c6cc947661af4930a3dbf1573a59d40e,control,False
8a94bb65405643b9b7016238b5db7718,control,False
f3c5565121544cc183fe0ab67ba9393e,treatment,False
06ca2cd9f7ff4b15a9aebfa0228e67bb,control,False
87c751c816e6497baea16fd2c9ba158c,control,False
049fa13a7d64499faeb6de828fa8ea88,control,False
b03ca543e8a946d087c43930f9643356,control,False
f4ae09338c2f45cb9f615a42647f765a,treatment,False
27b69de6bb4f42c690cb313c8a208d12,control,True
72ba89ed63b4454e8dcd4cad094b1773,control,False
fd0c793d389045fdaf1bb5a9430ea195,treatment,False
aa2bce0da61b4c46bb056f36af19f614,treatment,False
660026dfe0204f67a7a607ba2b060740,treatment,True
d1495e5c22f94cf1b041b83199348269,treatment,False
9fcc051925904c4db1a3e8bf0183595a,treatment,False
c38934d89ce845eda80daaaf9dbf0615,control,False
3eb8b34bd1594dadaeaa1c820769f2a8,treatment,False
0bd031be8e4643599d3d61444c6d9224,control,False
0b05db4bb5c64c94ba0b1f714b2ae110,control,False
f2c712bb8b8d4ac6aeffcfeb17ab78a3,treatment,False
00ac48510d244f23a1df09b74f04fa5d,control,False
1f134e7ca396476e9d81292c0866119c,control,False
82f20988005645759c9e5a90e4853f31,treatment,False
17825799f3d64151a6860d863a4c2a44,control,True
209fb0ba4627475e9816bc854f2c6d16,control,False
7745aa61f80744a1b79ebcc02fe61455,control,False
d443ac9b069b4eda9a601a20258e131a,control,True
5954778a6e8e428285a2493b6c382c86,treatment,False
347d6faae02842b28368ab46558a06d2,control,False
73d6cca239e04c9aa8c54df07c72b13b,control,False
41b408b92105415983f2dc16aef926c1,control,False
56a1603450cb4c3fbf742f4345d90403,treatment,True
426fb405927b400aa2a9c00481f6745f,treatment,False
b7be869bff7a4eb8b39104d358f3d913,treatment,False
910f005cff624134ae27e1e876820f53,control,True
38bfee2db0ed40d58ced5b75be6fb0e9,treatment,True
d97986e0ca994491b298460ad4f6150d,control,False
949dc8bb0ee94d4297444a57638f0d8b,treatment,False
64a720f1a45d4ca28b3ff07b951c2d68,treatment,False
64a4c22cef0d40deb5d46ad9d7c69aad,treatment,True
0566cd4741204a26b16fc3ef52c64266,control,True
a3885134989f4846a93b743c3fb677c5,control,False
ebfc6067f7ea4edaa2fe97142fb8fa12,treatment,True
3fdd539f5b4e430eb7211e60e9a14d41,control,False
6341bf24d9e14ef280d3d91f0662d97c,treatment,False
afe401dbafe24348b525e14606655efb,control,True
822654ab094f4a60881e260b9485c704,control,False
d911f8e4535b40768a7b4b6f2f2062a3,control,True
f1ba036ee70349db860cc9ccd0fc06e0,treatment,False
1b07d8aeb3b5402f90e75a51dc2d3ee0,treatment,True
3ce260ea8b134ccaa182b0e80497ed61,control,False
ea0bce8d844649ab80548e743b398681,control,False
62bc284b6d3b4ed9af14d4b831e2bd60,control,False
5b73a1f7711f46e48ee5e3f03ad74541,treatment,False
3a0e463518ac4173b10bf2235ff3d7a2,control,False
70cf166c20be479ea076d0af52690f66,treatment,False
1176c5e16f5c471a8572dfc60de85886,treatment,False
d617671de9f34a63b5a633a8175be2e5,treatment,False
5d585e0c40844233b4cb63514456939f,control,False
059efe713f65428fbd193e30d8acf516,treatment,False
ae5edb5d0ef54e0d9e4e1d384ed7e21a,control,False
4e0a871189a94309befaef0e3a7f6e1e,control,False
1b15a417f4e4466a88a872a661af1962,control,False
a19043a5d7f541358bf83f7144dfd48e,control,False
c24d3052d03f4fb0898043366f6186d7,treatment,False
fd49d4d64a584e29b2507cb91009df0d,treatment,False
abb0379677b94661ae3e928d93dbb478,control,True
b257a8d93d9e459e841217ccc71ddb8f,control,False
9dbd8590f0ea484c9bec92b78866e5d8,treatment,False
bc28eabe026241a2971d2c25e99000d5,control,False
40859004da09485e89d869e910bc2236,control,False
8c39d6be50464952b8c3919ce0332d01,control,True
a0b6a13f2bb044f3b25bc79a9f13d182,control,False
09a1343979424dfa80214c0b23abd05a,treatment,False
d5df5e6e726644be93e45a6ad41df875,treatment,False
a4422fb424b34a519e22d28b12851f1d,control,False
3000aa2bca2d49719343b4ccf3c77742,control,False
f34308c39fac428b87bc56ba88f4a63e,treatment,False
3b052a2ae8ed4876947e61420ab47a9f,treatment,False
48e6142fb943482791b622c59b1acdba,treatment,False
36800c9e2cef40cdbdd19e52c1228e95,control,False
cea3dd1f86604cd58bb6db7238faa515,treatment,False
e2c04da6542d4a9e9c12b58c4f3e92be,treatment,False
a956de88a737426989d4a358a3227088,treatment,True
f4dd594b5d2149deb69fb1bb7418af88,treatment,False
774a83e2a5bd4c2ab865820fe38de75a,control,False
6c5a62739ac2417685598853ba224b96,treatment,False
57d5ad8d9784435592c4e9de2dff0a03,control,False
c271a37d8b9049408177b5c2fd058649,control,False
dcdd0f036ea648f8839373a5399ef9df,treatment,True
33992f3dc4f24ac99815e7d5a92b4c27,treatment,False
aa78a609a7e14aeba7881a37934a5778,control,False
3d3be53f906a47d9a0ba52698be17db8,treatment,True
3a0c60f5e9264f1f96d31fedb9ee8b67,control,False
7030e24ca11e4365964ba2972f49311a,control,False
2170ac2afbc14027be4d56597826ee0a,control,False
f1c43723840f4e15b3598a29827a8702,control,False
1a5e1a56eda344c49faefea1203aea31,control,True
0799e3a255b2449b964310bb47c4e8a9,treatment,True
fafde2fe45044ff0a84b069af39164e7,treatment,False
4895926ea7e84d7581b3be01f067044b,control,False
e0759428ea6b480dbce191d6d6894aea,control,False
dbad53866a5c414abf378f603c8e6d1a,treatment,False
64a0168901594eb8aa1399d5e5a1f1a1,treatment,False
ce1147367c0b451ea1023d5777055971,control,False
8e3282bfb4544ced9c956cabee27c9a5,treatment,False
1b5f67c6057a49778a0ac8dd6470a5a9,control,False
44fec7d9330a476198964d74f9c7fed8,control,False
d1a4ef32ae8a485fb7c908783958e3ae,treatment,False
714de3f5332a46d1af2c75ae6572eca7,treatment,False
4a27016af19a4d388e51a17a159b1095,treatment,False
055d48aee8cd4d898abf9998216b82ef,treatment,False
b93561e08a654282b3295ab84c3a1c61,control,False
b1ca1931458b4f12b29de7cc7bcb91e9,control,False
4d853576667341e1ad1e0666988eec80,control,False
20bbb1315fa14a07bafff78617b3dbb6,control,False
e242e86198a640d5b1a5f15df9c00c1a,control,False
268f177adef44343b738c5afa1f2bd63,treatment,False
b68098f936154fa485772f0c1d03b19d,control,False
3d38ab73b87e4100aeef22d27a9a967d,control,False
4e196b5b291e4b8cbdbf9d3facb15f71,treatment,False
800bb79abe9f40ceab029dfe85029598,control,False
354fbf77715d4117bfac83fe0a4ff3f4,treatment,False
27b0fe47ab4f459a961d3d27894a036f,control,False
17113eaff36642d0a9a929d6c3cc31cc,treatment,True
ca0b6f3a5a89497e8d45a1f5f440eb51,control,False
9bad140e8bd04f9799dfbf598eac6a03,control,False
e91834cab86b42fbb6fcd93216112076,control,False
bf4f50fae1d64a44ac8b0fb5ae253575,control,False
425b3338381e493e8080b6121f0124d8,control,False
e7435f2ab5e648da9e117840b7e1e3b9,control,False
e4cec8dc0b0d4fc09e30a54e6375d8a0,treatment,False
b834e3d4a10f4cc780d25e5ccbfc5f67,treatment,False
daa7b5fada154339b0be5cad3659a62a,control,False
2078e91842ac453a8e9a078750da1e1b,control,False
85ae12c7cd824c5fb7a1e1de5bf35e40,control,False
f5c35d58360d4b328c0e018668e91dd4,treatment,False
a506c455f348405d9a0762e7ffc6fb12,control,False
007d4d690ee84ab3aa3d6c9018521f62,treatment,False
a293eb33ac8e43a78552c9d032d35fd0,control,False
23c0146e52034c80a078180e80df6fab,control,False
f295a5fb41b74bffb57ec53711e8b0d6,treatment,False
09d518daa67344588c07b82249147aaa,treatment,True
ec6da47852db4082ab827d34c5b0b17f,treatment,False
1c118ee37c204f26a2d7b8b3343bf150,control,False
7ed6c77d76a34008ba3fc198a6fb34eb,treatment,False
517ceb34847f4e8387bc5ea77b6c9944,control,False
4e14faf9083c43de999fa634a53bb0eb,control,False
8db3480e0e374f68bd924f68241e582d,control,False
2fdf5c9b875c40a49f9b489ed1eef1f7,control,False
df7bf6d85f1d4e28aef93edd4d053c4b,treatment,False
3fe04b6e0265450cb1359a6a4ba79b60,control,False
656b394986b74b4b8cba6daebf25d994,treatment,False
e6d4bee599bb400ab02b05404d46154b,control,False
fad3e1c19b3c4857adde94d89ef3c553,control,False
da4e7ed9aa4d45b390206d428a493bab,control,False
4008176e011c4a168c0dabe94f62405d,control,False
bd16c27027d14c89ae28e8537a5c087f,control,False
e1510b14108d47aeaeab767f303944f2,treatment,False
085b38734ea1419096b9f30fd3e26e9d,treatment,False
24a9d66830d14f86b55516b9e072767f,control,False
51b18ac1f57943e1b491082fa8c016ad,treatment,False
8482305f8aad4669b73883b32cf518be,control,False
8cd0bcd250754bf3a835e52dd43c9380,treatment,False
5e2d930f629d46e0814c212d3249334c,control,False
302f535a01364f51b75fd2217dfa0859,treatment,True
ca3c28057db842b1836631786b2a9ab5,treatment,False
11e2aff3ed04478bafa9405810c1a645,treatment,False
0a61ebeb9adb400aac065cdbd68ebbd2,treatment,False
732ac1a39e1a41eebc4a13f66f5253b5,treatment,True
35e9c14794bf46749e952551283dcf90,treatment,False
ff84ff1718bc4ae2961b6093259240c2,control,False
196aecb1e13c483b925b17fbce098bda,control,False
7d7c8ed509d14edcab324ef92d8e4502,control,True
003b9d6e862d42838a93d1383fe81cb0,treatment,True
f28c5b6da6504d5c8e0edcea6f82468b,treatment,False
06861376ecd44172aceb497fa85f0191,treatment,False
9872c4105ab5422588485d7bd7e34915,control,False
914d0edc711d4609a7677dca6267a2cc,treatment,False
ebd35f88c1054355bf168d762d6d761c,treatment,False
d3d8751ccef7453c8a0157c88284ac89,treatment,False
8ff785d919194e7e908fc1d9ac2947ba,control,False
40e7dffd65034a4a967c4e14eb74f7aa,control,False
9209801d1d18451a85e384c122f32eea,control,False
afe05cddb9f746d2ab1282d99c63a38a,control,False
3f443385a66c404eb9bb1cc806b48464,treatment,False
0dc490ed3cb04571bdb5bf3f2f153afe,control,False
8d317e68cba0445faf7ad4a098027348,control,False
37a985b40e404dd6b88f743d286246f1,treatment,False
9b8430c63a69438ea1d14e448785a16a,control,False
ddc5216b62a24790b6284b6b9af7ea8d,treatment,False
985aa616fe9d46a08b631c204e5a83f8,control,False
a492429c6ca24cfa8a52180b0ddeda35,control,False
a7dad16c81f54c4c89f3695c45bc025b,treatment,False
b4296d17752a4bc494a74269c3d9d552,control,False
4c9e961b1d1a4804bd2963562e895df9,treatment,False
80597f8879654ccaa440e7b1ddc15b6b,treatment,False
1688c6cd85ad4b1cbfbb1cc6a2c84517,treatment,False
e0027cabe83b4cc2a3f57726b991022f,treatment,False
e479326e05d944baa3802477e7041680,treatment,False
feab8e3938d641db97f05f4ffe910aa8,control,False
af4c7b877b3147e488717817e3c59845,treatment,False
12dace91677545cca483adb73e4e95cf,control,True
f8b2e167dc0946cc8e21159c79870c8a,control,False
5e846e718f3d4336ba2c1d7089c06572,control,False
5901a403509d4d6bbe1d3bc41546d213,control,False
da37bbed8dbf4fbfa077a267e239006c,control,False
fed5c5c4ac6b4fa29fe9608eebd3186c,control,False
2999c2a99ee142f5a30520bd1b0bb1e2,treatment,False
5010fa1d8c994f73b2995e3f725f6959,control,False
21ab29cb666c441fb9a3ac6c2ddd97aa,control,False
deda656916994afd865a3bd82c6b9510,control,False
2e9fceba0bf9499bad5d4f200c06d0e9,treatment,False
9260b0af026a472c8bec3a24de6f79e8,treatment,False
27fd5ddabd9e4d75ada46de48dd7375e,control,False
b182b29d35ac43b084b1976a7a91a19b,treatment,False
aacc406cdeee408cb730006d485cb90c,control,False
fe39646aff974439bed6d45e257b6639,treatment,True
a9c1e6d0ff6443e3bd98a518d5dee001,control,False
54d95f2cad5744bda4a6342ca2027482,control,False
94cf69f49d464d67963a24e8472ba397,treatment,False
b466df33acb24062b5123b4f2b9b34b5,control,False
1645f544f3384351abc2332b3a9e33f8,control,False
9142c6c281b4438a823d7f0c16f18199,control,False
5118e5750be3410b9ec310c181963554,treatment,False
eb94b14d355947bb9a6b77eb085e0608,treatment,True
0cf7763488a5493a8fcbab4bfc78c31d,control,False
acc2d714df804423b47b311b5586bcd8,control,False
5adb10084e534e359ea1a93ff4e842e0,treatment,False
2ee200c40a664019b1bc9d12f21f61a0,treatment,False
b9be1a703a814927b5882d92291e40a6,treatment,False
1cdc520aadfa4fc4b84347d70d868d69,control,False
9109d88e5388443b93d05190de54fd4f,control,False
14d23c37b43141f6b7dc038b33cbe8c8,treatment,True
d5dbcad0201e407cacaf0259bae3f9ec,treatment,False
16a9f05c31494eb1b6a9b00f1da7afac,control,False
a3da77ce3dec403e85cd71f9fff6a4ba,control,False
cb293fe62db742f2b113a99137202be5,treatment,False
5c64813445b94b028e1f564d87228b8d,control,False
1080bb3fb1a54d20a959901a42b0cdfb,control,False
c10ee4ff59df49b8abd5696f11c898fd,control,False
85e5b4c9890e4fe79c98e09e35457fcd,treatment,False
82684e0873bc462d8db92d66ea1deab0,treatment,False
40b3e872b9f843d2b1e1559cc8d650fc,control,False
fa2254ef3e6844129646921258bc3a15,treatment,False
b17d24f6c1de4a64a091388f9881879e,control,True
d6485fde4b344973b0916f289668d27d,control,True
bd68f9b7325341c3954aeec77c1d3fb4,treatment,False
644b5f43637245c788be3830028a2a4b,treatment,False
1588122b97f345e4adf81f4b303015af,treatment,False
6b097cf0d5584d84b46663ba6d0ac667,control,True
4eba2c71fb22458c9e43ff9c4bfffb22,control,False
223408a48bb444b3a0a9f1c701f4466b,treatment,False
69e67de88e3a4b9682b150b453865bd6,control,False
0d56109e79f0433f931e7e53c20c3ac6,treatment,False
6bc41ac4785846b896988b09c389d504,treatment,False
87685024dbc2419d9ad0ce7c58b40089,treatment,False
49d463e9dec94da1a6f8eb946a7df8f9,treatment,False
7054b90ad7284b27aeaaaa83f302e43d,treatment,False
b8c95d678a614dc286680cb6cb821de0,control,False
dc002c0879744d369d707fdd4ea8ae46,treatment,True
0c3632bf0f75483d8d2c04c467ed35a0,treatment,False
f8ebc13065044e5dbe8f7d98473dedb5,treatment,False
f17df9fb50f042afb84e122ba9d9b1a4,control,False
aabdf890b9af4375a98f163a9a46c05e,treatment,False
bce85273164044d48075c928130d45ad,control,False
98d47593bd734baf85819908b7f0f4fd,control,False
7e7a34dd09724e8bbcca012c8fc78919,treatment,False
5533168ed3574597897ec3b9266cc3ec,treatment,False
dbc167df32ef413b817fba1409d60719,treatment,False
c81b203a3e8e49c1a66e7d7810410edb,treatment,False
1ef258f6f6a64d8697ab455527c091c8,treatment,False
eb51bf3f566144ceb05cce4c527a0214,control,False
35d51a6878a14725939f7601f6f9a0a7,control,False
f879f51518634149bcd5fbb34c1555ee,treatment,False
64e87076c8094a1ebe37bb10292a73de,treatment,False
af913d08943449f48d1c9a44c006cd1b,treatment,False
30e706456967481fbbb9abbe76b8c73e,treatment,False
5168cd32cca8434ea9e345ee41b6396c,treatment,False
f54141aeb51f4d6a9ac18a565636e2f5,treatment,False
c0d2b862c9b7498f82caaa27937a25ea,control,True
811503854f2a4471ac829c0827d40897,treatment,False
03b8d723396a40f692adb20bc649ea37,treatment,False
ee8c21791cd84b038c8328f5729feceb,treatment,False
728e46b9e1714ae5906bcab7564fad32,control,False
8a242374e87645edbf6cf841e5547d15,control,False
b6f0b16d3d754546b048c9c69480f169,control,False
d5f0e6ed50ef44fba5e50f18e9d8fee2,control,False
c448b84d24e2426480759415e68b0ee4,control,False
b7ed7f60cdee409d87987248dc92b0a2,treatment,True
fbf080e778484c6c9f128d13b6733c86,treatment,False
36ed8a73f4664834b18cc34916d84b5b,control,False
db0fa13372714ddf83a848faeb4f9891,control,False
1dd12819e5f042b082ae893cd7dfd859,treatment,True
cb462cf02ac84d66bbc9056916656431,treatment,False
ff8c89087ebf4ff1bfbca6c3816ad587,treatment,False
ee46cbe6f9314ff7a7db0be84b8ece28,treatment,False
c5a2c16899784e8c8e08cb54a6a75b7e,treatment,False
6f804b309cd643b4aaad7558e0572aa4,treatment,False
44e48d3e12f44591b3d4efd16b6ded6a,treatment,False
1f1453f1abe4443ca0ddb63fbca8e05c,control,False
f30719a6f60e4e6e91b3256680ee9dd3,treatment,False
52f06b147d804a05908812c7d0cfc242,treatment,False
da7495517be94551a3a4881ace113c11,treatment,True
5be4e3fa7fc14ddb8c28b3692b7e856f,control,False
4a627e2c188f40b8952cea41f265eedc,treatment,True
b3ae6a15d1ae47e796d9b02f12d7c057,control,False
3194cd2dd7794e1386cc2c8297b27ff9,treatment,False
0bf25825fc5c41f196a70a6ace1bc2cd,treatment,False
169aef690eb5431ab7a423fc65a8e691,control,False
bd1df86ee3a246b4937d6887891871fd,treatment,False
eb0b8f9ce7644f2fb5419b6805c9d789,control,False
efe340d7e3964d7ebdff8922f9abfb0a,control,False
9fc0dc47de064f31917cd740b30964ac,control,False
58451d0695cc45bea74b7852828db4ad,control,False
936e6eabca4c42e086fb2222737c00be,treatment,False
84d45f110a4941a69275658d00fdd5f9,control,False
202fbf8545624e319fe889bb2c8716b5,treatment,True
dc2380dbe5084a01950eb1f9721a4a8b,control,False
9b188ebbc44b4d47b0f03353220c7109,treatment,True
b66d4fa4551d4ef0aa4f4152366a9f7d,control,False
dd81019fe2ff4676ab2ee824f55281f0,treatment,False
9da88b0d820d4203af0ee65495f710bb,treatment,False
9dfa7a114c7d40c59b682fb38105d28a,treatment,False
fde02f53505c409db544420efcae03bc,control,False
69ac3c9c26604eb8809ef4cc877f4a14,control,False
aeea076f37a7486b8d769bfaa431e298,control,False
69b6556ec39047638d31546a00d12aa5,treatment,False
4a07f24148de44609ceb536c82e5e49e,treatment,False
5a86120d66be49a3bb8f762a7924ae4b,treatment,False
5153ba5f199043a7b5f14494ebbc12e2,treatment,False
13f4101cc95e4e998a87e554ce7d9a96,treatment,False
54c726bfbe7b46efbf9c6b014c12201b,treatment,False
99fe9bdace814e90a3b8bddc3addfc7a,control,False
6e16f5d9c3bc48be8a50f469a9ccb99d,treatment,False
8aca013fd45148b68ae022ea9e04bd47,treatment,False
9bc14c17f1114ea892042fd3572c187f,control,False
57bb120d2be5405a8397eb8352e9cd94,control,False
cedc9a73c09a479e9d600b5d32a7ad5e,control,False
745f957dd1924a3ea20ddd7f26f1d29e,control,False
93dee136a50d4c918f198bcb603473c1,control,True
de09b8458c8948129ca4359eae28659c,control,False
dec3eaa9956f4ccd962f1199799c2c6b,treatment,False
c3b43a38441c438995e9dc9765563a17,treatment,False
543587ca563d4f23ac30c006af20f9ab,treatment,True
004cf1e294724934a00e63d3e9c7834c,treatment,False
55e6954e5a4244bc8894370476585ca7,treatment,False
4324463b60374bc9937ec1690c85459e,control,False
12ba57cda7dd4dc3a05225050ca11842,treatment,False
dd393c1241384b4caba5c8598782d4ef,control,False
88a0c4e7068e48ba951c64b71d56d0b8,control,False
a624a19714594069927b80e9f955c914,treatment,True
90248360a082421ea7cc38ad58996ce1,treatment,False
5ee2cbdca99e42389454364577ade0d8,treatment,True
e89a4b26f18a4cb1bd187192a92424f9,treatment,False
008f89cc4e29492b864f0b6cd511910d,control,False
eab8bb3bd3ff43eb88690340af9d0f09,control,False
8bf8c3813baf4601a956f4a5c6db9d4c,control,False
dcc910b3d2644f04bcf0a22f505ff811,treatment,False
bfea086311f5488fa4f5d79ce15f5716,treatment,False
bb4a456a261f4f8b8b775ea6e897f5ac,control,False
19ea1e98c0574f2e9a57a6e905f3c0c4,treatment,False
432f26b53f4248f0a32fc24cf66d3197,treatment,False
46e3c80e7bcf4850b133e46c3ceebe35,control,False
6812853e18ef40ef9902662968746fc8,control,False
e475f318f7f2405eb4b734c71701c801,control,False
514f2c8916914e369fbba78b93f3ec07,control,False
f084fa65e1744cebab0c110771e43206,treatment,False
b7357ef73e604ddf91a542bb56363ff6,treatment,False
4f1319eb5bbd4b9886cff124fe05e55a,treatment,False
d0340e14c6194887a83092e8fcf928ce,control,False
e288ff262da74d53b0d0ba33a6267e26,treatment,False
0bca45a23be54df4bfac66726acc72d0,control,False
7a887435cfb94fe59d78e1ff7e6d27c5,treatment,False
55226445591f41e2b49e5eb708dafc08,treatment,False
1d7ecb610cab406985f1037cb16b849f,treatment,False
363fe8675c9b432198d7a1f12ec1c6b2,treatment,True
8533cb6e046a4e338b729bbc85cd62ab,treatment,False
00d958ae3e4a444a9f0b662e017eb6f3,control,True
a008cfc4ecb94ebe8f734a996dee2105,treatment,False
b7944d2f347c4af4acd2aaad6375a74f,treatment,False
7852f2d1419d4aa4bf73da91935dd28d,control,False
59a8b4e1dad44ef89aa5be166daff149,control,False
e246dcf67f074cb19303670e537925d2,control,False
26ca9524b91c4f64bce63f68b3d47323,treatment,False
254a5c59ba644d03871a4104b6d08b1b,control,False
aaef0b41d1f84a269e8382d552698d20,treatment,False
c7d208cb0e7b472db0129bf08c3b5cf6,treatment,False
5844e015574f455992c0bc8cabb443b2,control,False
d9492848965c4ee7a7fe175101c77c1c,control,False
2ec8814ed57844c58c42218d9cdd3e52,treatment,False
a9b14df1b92a4556a04654ae11f9031b,control,True
f2c2da80665a459396d5e4adbd66d680,control,False
db0f5891fe3140aba15b1f8b5831fea5,treatment,False
d72c454482264f389c2de489d3fcc026,treatment,True
c80ae38bca4f4772b17719c17bdc771c,control,False
a0388e2f5c2a41f2ada056efda3a2353,treatment,False
914322c540544ac080d661eacd66b74a,treatment,False
d07f155ad3c64093b4cb060a975fe9c3,control,False
c13b0663a7714244b88bf3ea76a75e0d,treatment,False
b3cea0fa6d1d47a3bb808d774c5689a3,control,False
1431e2fb5b064166a9af0363b7ee1f6e,treatment,False
bae240f83ebd42be8d61db15c937dee6,treatment,False
4d72546863684a1aa8de3880a9109c80,control,False
5e007b81e87340bfb88918ba23117757,control,True
e502db10c2fd4373b4a94ff387726f9b,control,False
bf78a068408a4b199f889736fb990742,control,False
2a056cf35e4840a0a9e2afc88c5e8a6c,treatment,True
a0b1a68d3fe44d71b823287fe9a8eb04,control,False
a728d7ad86354b4c9d3c3f2bbdf124b9,treatment,False
42fd214e4a1b431f8af6f529cd5436aa,control,False
d483d9d2744e4bb0ae34dbbcd44bd9a2,treatment,False
24e98ee9cfd1431d8055b224509aff0d,control,False
33fb03bdc45a412b81f5f4ce6b03d725,treatment,False
66b1b60d6b574071ac428340ea82d3f8,treatment,False
5d28a7ee38804ca39bf7d2dbba31ac5f,treatment,False
9788cc7287094552bec8b02492a44eb8,treatment,False
0f5d6d603867472bb3fca81dc92ed987,treatment,True
0fa4ce9463d747a3be30ae6679f148ee,treatment,False
b19a677484c045799315ab0dcb1a27e1,treatment,False
bfc19d69312c4cfebe0df9af0848a545,control,False
c4d312634d33468888f539472b3eac0d,control,False
509c3764c64d4d79a324ca6ad90d0aa0,control,False
4db5ef3665e14437b8ac371521537d72,treatment,False
e5df3a3002bd4f9da42118e409538d71,treatment,False
93830c32e66d43e597639a6e4c4988c8,treatment,True
5085c7d6298846c8975357331cf0d06f,treatment,True
09dcfdee921d4ce28bd6595c22c851d1,treatment,False
f67b4a5a92124df494c1ff00cccfedab,control,False
9d4fa37d15f54ac0946b018efa08740b,control,False
f7d4f1f41de0417a8075e9450073e25f,treatment,True
356f28aba634415d9b6ff5d84f3a5967,control,False
8e89f69639f549ca9b37bc34200603ca,control,True
2a19b3e448fb44f48bf05a4fda717e17,treatment,False
43bf3b548ea84f6a8b1ffca19393279d,control,True
074156fca19c4969938473774e1a2ee4,control,False
8b1603fbfa6046b8a7037fcf9d6c1479,control,True
06926b0db81d48cca7e707a75f8cc787,treatment,False
11d57990a3904108a0395ddc31e7ddac,treatment,False
f73bfe6a00fb40d4bfc1b736c98517d8,control,False
7af28bd58bfa419f9fbfe65b7681d431,treatment,True
2908190fb07549fbaaa0c61080c97f24,control,False
90131484fb4b41678c8f4d85f7a5d153,treatment,False
e0c8278a8bad4bdf9602c205b78317c5,treatment,True
d6d21f73e09a44ba94c86b074a08407f,treatment,True
07837fdc411f4b06b44ccabf94b298be,control,False
67ec4a8b5f6f452294e53448294ce9ac,control,False
89aeddb04acc444a924820a7c36741a6,treatment,False
2d9701222cdd4b308e410cfc680c72c3,treatment,False
570508b734f04decaaf25ecd4d68c688,control,False
7b734415eb3f4ae4a2d9e5691683cb81,control,False
c46147473f1348768a159a6add5a8c8a,control,False
c2967ef54ca94430b43943aa60ab2333,treatment,False
77e356ea4fc74bcd90cc1b4ebcce4d4a,control,False
1148c7eb9afa474dad150e8a99e9bf5d,treatment,False
62c4183200ab44c3b1f31b604deb5c82,control,False
21989e3b15754e76bcd2ef0e05879be8,treatment,False
d9b0c7e3f8cc49afa2a946cb87fa0143,treatment,False
099439b6db3b447a8f4c2b6d7506d918,treatment,False
b4abfd81c9614a56931d0b619c7ce208,treatment,False
0ef9840b9780435b83db42d6af5b1bbe,control,False
02a8cf5f909a41e0b0c18553e3b9dc27,control,False
cec2aac83e434351bde047d584169496,control,False
ff8e450f45d346b7b3f485e9f2d12c6a,control,False
01ac2c104e664144897b915a54be45ec,control,False
dc45cab225a9418fa65d5049c969d55c,treatment,False
7e6d68c1b743412d98a031b828600024,treatment,False
adde857a649d4827a3ec185ab3f3a657,treatment,False
2d3588bc41f949eeb194465ba505c350,control,False
a696bf0ec4c54dae8975a305b7d6c44e,treatment,False
736bd3e8bef24c91a5b8dd15d6cfcdca,control,False
67a4b856cb4640efb921a99c23bef234,control,False
a350039b2f2b4c879a56bc9d85b3b28d,treatment,False
00b4567f72fa4c27ba90885f85622290,treatment,True
67a4658eab0a4b4f8351af958a322000,treatment,False
7af1a64c425343028a20e584c50d3eac,control,False
a8f610e6d4d541d1be9e4774e98f93cd,control,False
f0d50a50bce84c379a329ba8de2ed214,treatment,False
330692a36d444584a8c25d6a2617973c,control,False
c73f4824fd4944ebad248300d740b8c3,treatment,False
442cf222c2774cb6a8931dc714758e68,treatment,False
a99b54c402884c5ab9b3dfa344efbd4c,control,False
72d5ebab076b49dbae985188dd968e51,treatment,False
310a5f0c80ee4e2195e9c82f20719104,treatment,True
e2de0907e23a4dcea0ebd42d869633c4,control,False
85b11cab0de84de99f844497b0c35eaf,control,False
6cbb82c5a02a46d496dbd2bf5d3d9abb,control,False
6cf13a328fc84cd497c3daa5adf5a8ff,control,True
a0e17acc0b0946cd81cdc8ec00099378,treatment,False
66689155ac4d4fc29b8d0fe91a824ebd,treatment,False
7ea36272d2de42678f0c1608be6cfd73,control,False
ca219755f56346a58c2653302da58b4a,treatment,False
fda4ee8a146143aba3cb8bb594dd16b8,control,False
78358dbd8f55485a901bebc7da03fb48,control,False
c0283dee2b9847bc982d56accf4e0d95,control,False
e8f9f863f62249f4bc12ed1fab1f9d6b,treatment,False
02fa6ef42f5743dfa5efabfbca0d4a23,control,False
62e611deafcc4bde8930aa8d636ef2fc,treatment,False
b7846b255e814affa554423e2877a41a,treatment,False
4af748cc24f4475abb6fbbeb05e8c1a9,treatment,False
d720a48b171e4f4baab5a711a829861e,control,False
4e1884dfb29e4deea9ae1c500d9582d9,treatment,False
ebdd2b6010914d21935f7362ca2e6763,treatment,False
9a961acc742f44c0b0fc1a9e7f7ba178,treatment,False
836e4e5c4a124cbab03524203bd65cd9,control,False
409c8de4e9ca4da48b0b405ec72579f2,treatment,False
b8919f91765e44d79592442b31acdb4c,control,False
7136972ba50f41818300ecff34003818,control,False
0f9aeeee18714a97bfd88205b98be7b4,treatment,False
078ae15cb85c45f48f8efd6f9a2c80cb,treatment,False
1ea6ffe54e8a4e3cb4509488d1314495,treatment,False
c3f3aa23b42140bcba68e1d7b9f885da,treatment,False
2e417fddfe6040279fe318ac5a593270,control,False
c19e6f7c7ab949ffa8383220db673077,control,False
aca248832ad743f3a6833759034d3351,treatment,False
2d313a32be4141eabb6c071951f226aa,treatment,False
6cb217de77444df2963c51418750cac6,control,False
d18268a0764b4bb0b0b1562edad0b607,control,False
46437e75d8f2468391cf626d36aa3a2c,treatment,False
41f9834603ca4e4a88f74172812e4351,treatment,False
1bb28c7b1a5a47dda6d74332432c57d0,control,False
415a7664f5774deda402f0431623541b,control,False
78498b05787e4e11b9725b26291e20f4,control,False
a2a004689ae647c0aff4802cd7cbe147,treatment,False
a595259c9a8543bb9e35309f127356d7,treatment,False
0398f9d57c36460c9d42b4e2b660f618,control,False
fb5f0dbc58e44413b999f99e736273c4,control,False
499ee192fde148629bd042db139a7ada,control,False
1131baa5970e47ee91c801bee2f36dc0,treatment,False
046d3aaead1c4865825c9035ad593fb2,control,False
33118a7551b6486586f42abead95872c,treatment,True
7246a198872744039111a54e49199b8c,treatment,False
f6e67e6f0962465188ae40caab56aa83,control,False
9cad693647d54519ae8c813625496fee,treatment,False
4ff6e4082ab74e69aa7fcd38b2ef68c7,control,False
c059a92db3f94291a1e133c4698443b7,treatment,False
2d9081e013d547358f4a9f16ed317bf5,control,False
590da72a12fc4384be49e98ab8f9cb7c,treatment,False
dd8c240278424d28800595d81e2c8f6e,treatment,False
006e1bbd78224301b7a6ba4fcf14eb73,treatment,False
6fbb8f8ee5df4e6c8ef8519d1529dfa0,control,True
c7b2e61bbadb48d59ccb5479afda36e3,control,False
8c01c4dd461944448c11845ec8d2a1c8,treatment,False
45d74d2c90724d1cb001a46397f80d74,control,False
13cac123f78749b89d920c4f40984770,control,False
cf7aaf51f10e4627bf061f71d1e1a4af,treatment,False
0af4e9d31f494da8bc0352892a9fcc3a,control,False
f51d4bbc4e8f44d694abcc6df0104929,control,False
198fd555511345c38ff3cf45e6649cd6,treatment,False
bdb5ffb7467949f68f1734df6853ef37,treatment,False
0d9ec714516c4b4bb30f19cc2c0f31dd,treatment,False
5b064b6c3b204479bae90e8597e60376,treatment,False
67c6fc0162eb45e1b4bbf9f6ea9447dc,control,False
0b6c0f74be854d2e9f98ff787ca467f6,control,False
2592ee12bf27422e85c1f4cfe28ea057,control,True
7524aea90e9948148a7a5ec6ee9ca19b,control,False
092a506c788e4cc7a96bddfb4b1a9f71,treatment,False
8d32a819bba7448b8a16e82d412c38a9,control,False
e41e80aa70f74382b8d165b3d66a7621,control,False
2e439a9a682a4ce1abe61dd0d3a19e8f,treatment,False
6db3ebada1704ce1b2559ca52c715ee0,control,False
f39468aac33b4a4fb007f6801773bb1d,treatment,False
51fbdc02b67a4e27ac5add19b6b7c372,control,False
0443b36475f44cfa8880166e8130901a,control,False
48076f11f7524f9398c960d9224920b9,treatment,False
b51ea425a026438cb70c448a6c0e81d5,control,False
524aee73ffb04ec895d84114bdaf0ab8,control,False
ee289ae51a4240f4878b70f9f2e95b26,treatment,False
b69288a9180a4cbbadcc076a37d1824c,control,False
912420b688974fe6a75cb4366206b6ee,control,False
94942ec4a83a4e81bbeecb3aa94b1470,treatment,False
8ea261e811284d26b029c9be93f02aea,control,False
5a1709fcdbae468fa8d459765c60d06f,control,False
9f60fb8df811446bafefda976d2ad8f6,treatment,False
09a580f10e764a3ab38eff3295effe22,control,False
824ca5dc64e445d08697dbf43c45db67,treatment,False
6e47b469a0124382acf041ade3354350,treatment,False
2753ca0d5b7d4b2cbec8e8a0c0f4c0e0,control,False
46e7a4cec72f49c78a73afa19f1fd703,treatment,False
6b9c04b9fb884790a24a27f8c0d4fabd,treatment,False
e709535e982b4043a8d71ae0c73e3501,treatment,True
3f22b79f33ec456da0b7c4cf1d83f0db,treatment,False
80ef9956d068400fab93177883201778,control,False
3256c8a2a5e6440b8a9cd901dc81ba77,control,False
e7ffa2445b9346988d599f4a93b71b1f,treatment,False
78200089be184032b437f3f7a36d1b9a,treatment,False
9c6f4e9950cd40e0b89c8e466a047d42,treatment,False
5889efea648644efbb3c967b66424853,treatment,False
db976c24fe844afda4d263d53a1431c5,treatment,False
774f10fc6c1e4decbbab2d4e322c5a51,treatment,False
b28c73b235b348f788dd4dc973a658a0,treatment,False
a5cc6fc1336a475690d0cba88bc67c81,control,False
b64ed9c3aed748cbb906a2ed804e6d58,treatment,False
e394af1c37914556953e661ac74487e0,control,False
0f80399dbd4b45719cdca2b47eed58eb,control,False
7e754a0fdcc64319bfeca103079c3abb,treatment,False
bd81f4ddc17d47d0ac7b58729107f8e8,treatment,False
6a55074ee45f4f84a9384afea886f3a1,treatment,False
938e066e795345c988d4939441ce2a4f,control,True
ce121ee4c62349e89c895a4833c51cdb,treatment,True
71fae4e23ecd4a1c9533edce7fc6e851,control,False
30dd54220367454ea683929300076d50,treatment,False
d751198d4c93449aa3a70c1f94fe9751,treatment,True
c3ddd94362004139bc4b971d656e4fdc,treatment,False
939eb6f8ad5b49338ed0ed7aac27aba6,control,False
50af48595aa8433e8f731bfc2e1b77c5,control,False
721d0d8425bb4ccbaf7f96a92bffbc13,control,True
5bc2a7a9ebec40d4bfaa90bf7095391a,treatment,True
f601206f1b4440bfabe9f6218502a2e6,control,False
76f46c39121244f7b2be8c1c192064a3,treatment,True
e10da04bc0fa4eafb18b754bd943ab4c,control,False
685463129d0640d9b2febe6ed534685d,treatment,False
8a758a723a534e40be8a708c3dfe884d,treatment,False
12b8dbec41ce48cd897869530724e9d6,treatment,False
9d0b7ff19c154650817cff5f6750213f,treatment,False
4b6360676fd144519452313224378d29,treatment,False
89f255dbef8e4cdc8b0df2c475632ef5,control,False
03f1c29722264f0cb9e4bed24b214f1f,control,False
c379162786cd47068d2d0d22a9b4896f,treatment,True
46576bad948f458fb5f7f6e30c374666,treatment,False
26bfb8aea20247bfa2b7f1ad7e0daa5d,treatment,False
c378024dcfbd4503adebb086e1e12f46,treatment,False
598f431f255947a2bab1d75388dd9ac4,treatment,True
cca5db1b54e64b27971bf9e8c79f47ac,treatment,False
7845c25ecb82435882bc85a97ad99be1,treatment,False
a8a23ac4fd024edea977be4ea67dac32,control,False
c45a8a7cb1494ff5874fca0c4973e717,treatment,False
747c5cdaea6c410a903670603b014050,control,False
98558b00deb6423abeb0f47de7e13eed,control,False
0b392bce381e4f0d8e6b56d088acf518,treatment,False
0f90e84cdfa14cc5aa7b1d357dc27b1a,control,False
278715ca39e341ca90f40903a6aab253,treatment,False
d4dedda47cf84ee88dd9a4c28f6c6197,treatment,False
56842f57a2824774826da1648db12a29,control,False
f7a6c91d08fa41a098f71c02fabe44ef,treatment,False
3979fe5c35b74680846113d993f19820,control,False
fa1424265508451495801c0aeb9cdbbb,control,False
20ed9c4c8feb4942a8450df31568bd92,treatment,False
ce72e92c6943429fbf85fce0850d8c22,treatment,False
3e19a1a15ab74c2b96aa7ce0262ba30e,treatment,False
599f7cc18cb5426088e1f1f22b8d1ae0,treatment,False
c39ca4fefc834acf8f98aaa5f9e7e705,control,False
d6bc51c27bbe45e8ae5f285e0564a113,treatment,False
b88d883738d846c2a556cd66c0d6b737,treatment,False
228102a6c0fa4934a5812195252bf66b,treatment,False
670805fdbca84448a4b80e90472bbdd8,treatment,False
db68dee4e3db427ba0d7de9182d2cde3,control,True
875cb38cdf324708951d277deabf3bd8,control,False
11eb9b4e05954fd6ab90d9cb94d80599,control,False
36d8b8b8b183423c9a2587b9bd657c01,control,False
8e2f7ef0847b473fb5d5520c06faa7ce,treatment,False
b5eb1dee60554ad2965bc7be9496c38a,control,False
de4c39a468e7494aa021d3d1d26ae649,control,False
4df5aff17535429d8435565c0eb00398,control,False
e8745959486f40b8914b0f946ae177ec,control,True
e94f72fa9b834f52a358cdb3ec0f5e80,treatment,False
f40a37df958d463591fc99d9fa79a855,treatment,False
bb7e5c353fa94b4ebaf6967fdaa333cc,treatment,True
a94fa6b14eb4400f9cbfae0b072ba5b1,treatment,False
0b5d085cd3bf48e99093b0f0276f2839,treatment,False
c9bdd4225fb2478bbfe739dff76e56a6,control,False
ab27093ad6b24548b32981df76987173,treatment,False
0efa5e6aa5c84b528009af4ccdc214c1,control,False
df5bdc57e4cd465cbc518ea0067d654b,control,False
a6e4723d6ebe4bafaa48e331a836300f,treatment,False
41951e8fae1c4a2e97fb78814e2db6ab,control,False
01dae3d8689b44b8a560f1f5d78e5ddb,treatment,False
ad2f70828fa141d3bb4ab15476adf998,treatment,False
c0bff90ef1464609ac5f77e4771e6080,treatment,False
3376f11e3a5246129dfe5be32cdc970c,control,False
0171c00a33114b35afceabffdda92331,treatment,False
fbeea7764c4e44f6b4f9fff0411cc8fb,treatment,False
763227a359e24c51ac233e232c93b2cc,control,False
e0566363ffae425ab141b9072515557f,control,False
b34b61872a26441c84c34255510831c3,treatment,False
c842bf398d3b4408ad98947fd5b686bd,control,False
4ce3243d44b54b8e83bb55a452903aab,treatment,False
ed78c82315e1452b94cc95358acb3033,treatment,True
26a0c009ad7641d0a5a2e127366560de,treatment,False
be2dad2ae03f4688b265044c5354d5a5,control,False
aa964f791a464dd4a000089c633e02f7,control,False
b2279390521f43549bb1ea00ddd2630e,treatment,False
02257796f6b84472a67e484c6ad47e9a,treatment,False
9c236669a5fa411b9d43bb665d2bcd81,control,False
082eaaf9015e4602a8be9734f6c8200f,treatment,False
0770943661584a2db60550a30c391555,treatment,True
7d01c9043ada4bebb80e524dcbc201cf,treatment,False
1d8f78f22b16427188f0c6d7e7b8789f,treatment,True
0ecfe075408f44f6953289032ad14add,treatment,False
73e3312e84d841b5bc557432826cff61,treatment,True
149cf43d685b4390a74bc635ffa6761d,treatment,False
315b4ec37b25406d883ffee200801f41,treatment,False
bfa9c6fcf80b438ea58fd3b3bb96c607,control,False
484d11ba7af44c1782f71594415b84d6,control,False
f3a751903ea6453fb204bb0b30b1c324,control,True
1500eeaa00754f148d6cc0f90a36e51f,treatment,False
64c14c483b95464ea5333f3fafc0bce2,control,False
f9ca5fa7394e4d0dbde04912b5fc8038,treatment,True
e5654b9e97114490b87a654d13034c06,treatment,False
09699c856878415c9a9568b831c31d5e,treatment,False
0124e5ea6c95479db8707fb7e334159c,control,False
ec289be415db49afb5fc5770494e9b9b,control,True
c31bfb3c0d7142fb8fa6871eb98049ac,control,False
c181a8c6fd804e098f89b242ff1d41ba,treatment,False
dcdcf8c27f1f43869fb5e83363fe7a66,treatment,False
9560867874d64066b62c28ccca37ea18,control,False
f3f2a33dd8d64b7bbb2c601aad9cea4a,treatment,False
44ece6fcf2444ef18fdc09b5f7fb1243,treatment,False
9e6cf76dbae146b8bae1f5949af27185,treatment,False
31d9f0897ffe4ed59096cb360bec679a,control,False
fffb57c028974c7b96fbe142f937d3c7,treatment,False
8a41e5b5725a4e2f90036dcd0df8f013,control,True
618cc9280ba24e528aa432c950b60480,control,False
24bcae78680a4a8cbae092e9ac76e5b8,control,False
6559c89fb15f46a8bd0367575385c621,treatment,False
018d786c526a432db1d0dd425c323854,treatment,False
e32484811eca45eeab7dbef902496c22,treatment,False
dc9ef9ee4a97405a8258c713bff0ef63,control,False
a0260df2631d4660a52f019c69d714f5,treatment,True
fea2ce26ccbd4e9cbe36299fa96f2013,treatment,False
73ea9a88f59b4a67be617a50cdca8e4b,treatment,False
a312c748e4cd415491d07db5f9c4a616,control,False
a4b4a0526f8243e1b2c37ec7453d4c01,control,False
2f70238b901442e48cec3a7aa299b5f0,treatment,False
6d459ae91a614d1bbfb7ea55628372a4,treatment,False
651759095f744d9695d17243ece779e5,treatment,False
f10be4ab8d7f4480a0e281de57811884,treatment,False
199c9e208fc249eeb016a519cc6871b0,treatment,True
9ec9b15ccda441a091347031aef510be,control,False
c77318f7febe4a07833a591ca20c2056,treatment,False
53d066e66a784268946f34b216deb714,treatment,False
716902bb106c467582b46ba1644cc3e1,treatment,False
18d127ca27f54398bcab5ff6a82540f8,control,False
8260d7673511492db1b6d17cc8f4e6c9,control,False
9f87fa0218e14b58a6cd44543355e83a,control,False
c6f0a1f3280544ada3109647f3d0f116,control,False
43ff20dad4ed4c0fbe276ffea5882be9,control,False
d8a9fd5b568047fabd9a0124e1c7ab7b,control,False
469f77207e0440aaa26e1a85a739e9e6,control,False
e4a811a306674c6991340fc013f33a3e,control,False
cb8aaeb663984ef0a18013b90c266bdf,control,False
93b01983780e44db99f05b6570e86d65,control,False
dda6140580294404b7cf8c58716bd6b2,control,True
66e423b925ed4e62bc9ef06efb4701c8,control,False
aaa44bf7ced041b58315ef2c76564748,treatment,False
7be4ca7f558041b784abccb92a943a42,treatment,False
b82a0c8bedcf4fe28063671c913a338b,control,False
2ce0e3d5e2114fee94a3f0128a7a8e95,treatment,False
be0bba7d8f2f4aceb3f89c3a61d2b376,treatment,False
00fe881b96864e2a8ff76dd698cfa134,control,False
2ddb28ec3f924bf98f52ae980ebda620,control,False
71d5fa52d8cf4344bfc9ebef89e607fb,treatment,False
c8f2e5268b4d4bf98e9cb15912de75aa,treatment,False
944b096aa0f74520bd82074813337d04,control,False
370fc3f2c0374720b825af9e0f184d3e,treatment,False
6ae2409490254225b0e82d33b9f2f454,treatment,True
d2bd182a803845a9b384993489a241f5,treatment,False
2819548ea3ad45d7be2be88b22b3884c,treatment,False
1d6229ba790c401383e1eff9674dcf85,treatment,True
a816a7f03d754196a77ecb43620fc545,control,False
8f9de31133234c549eacdd4bab133a22,control,False
25cdb5269b2d419b85cf331d242df772,treatment,False
c68daf7579544210ba2e0ecbd40b01e7,treatment,False
ed120d76b5d1439e99e77c5fcda8a644,treatment,True
bfd0a184647646289e1d021e9e885009,control,False
ac7ab96b873d422e8b007e0b5fd246b8,control,False
23f0143742b7464e8aec461331e834aa,treatment,False
cbb3f9dcffbb497d8e2a65acbecd2ce7,treatment,False
63c2dfa41ef14dada7426baa4bff003b,control,False
08ec47bb2e2f46b4bab8c6f489c8cdd5,treatment,False
a076c45eb7ee487a9d68f25592b78465,control,False
fcae52845b1640e9974402f199070ef1,control,False
cec299324f674dcb8563f3b3f0ea6f4f,control,False
24866aa1b852429187c2a1c9768c8514,control,False
38917dae5cee4f46a007e0e726c67bfb,control,False
5bd929002e7f4bab910ce0699438befa,control,False
79cf4966bd014e959358497c67e3d9de,control,False
dfab41a9b5e64f6da1a4e1c1c36dd2cc,treatment,True
4eaf4360c19e43d59aedaffdc3d2edce,treatment,False
e4a7df4b9d6e45a08cb06a46d95b8b75,control,False
7949fd9e44b848d48ea80f4748d45b36,treatment,False
167ac2750dd941318d4b3f44d8a24b1a,control,False
6f1847f525b94a87b230650229ebe9b5,control,False
9f85dc0211194f978dbb56cc72d2df78,treatment,False
85c4d5989d2a48ccbf5a7d1e76cae50c,control,True
baef3c3788284cfd81410a85fd046ffc,control,False
62600638c15448279aab6dac75f41fff,treatment,False
9c625a22118b4c49846d1619ec28213c,control,False
412cabedf1674fcb95f2dd9bf6a8bc6b,treatment,False
1a9d25034ecb47059634d193d57283c9,control,False
58b4adc274424ad1b06996f909bc2b47,treatment,False
4e8da633615c446d911c0ce89dd2d1df,control,False
df87b40ad95f47b0bf2d40213b6d6c86,treatment,False
0f4b5ad9d52e488aa75aaf35d478781c,control,False
1f93d84c0cb348cdb4c1bce3f9e373ec,control,False
42124b2ec538475eb6ac5ebb9a30ac73,treatment,False
572486aa114945fb8f030c69bc15fcb2,control,False
259f05b621254cf49e98b134194b484a,control,False
c737a2ab13c049b1a673375678b7f930,control,False
03feeaeb7f4c46d6aa0b648462661156,control,False
6d5f7b7e93994198a3894a6f3362058f,control,False
5773466e8f9c48ee8656f3032e84ad2b,treatment,False
439be90332754c4cbf9088218df84ca7,treatment,False
078564a760e946dba02cada5cbc15ee6,treatment,False
ebac000d18e64540b1912fcf02f60abc,control,False
1b376e7c53b6471da1461396a91ce85b,control,False
1f81059e8e1243378e891bcc21dc17c5,control,False
0a018408d6c14a7ba8237d56a2d88bc3,control,False
6d03aed311b24d4382951f305575f1c0,treatment,True
cb58e7c2d0544e70ab8edeac2db3b4d6,control,False
94c26177243d4a83939c092184ce0369,control,False
b199850def5143cb89531fcfac53c8c2,control,False
aee593e454134630ba34517e7142f41d,control,True
ec1bbbc1a58048e5b5e22c6efd50675a,control,False
484e59b6a03349c58d7d9632554ee49d,control,True
f2c14c80c5a042978424cded7edf0d16,control,False
0c433e0774674d99b13ee835d789a193,control,False
a06be0fa1ea145288418871a668395ee,control,True
1e00540b705d4323b935c4b25080809b,control,False
9a228c7aefb44e42a6ff08ec64189e08,control,False
38eaf5b5dced442fa0ba28da72025e89,treatment,False
f90de640de944f808eee83a236a90e2f,control,False
33295725bc5a4450b91f93df27c787f3,treatment,False
28dd775d528140aea7c02050ce911de7,control,False
79e4576dbb4e4e29809ab3d21e2480c5,control,False
da10473e0de040cda5ccc9542ff56fce,treatment,False
955a9791ae144954983335098098aeff,control,False
e43f22df47ab4c8d9ed776ff66eb9b43,control,False
fad0524ebc944f3a99246299386cf479,control,False
27cb435217fb41e5b1cb95bb217dae33,treatment,False
a05b931f69da43aca63922abd24c8f12,control,True
2dcb3332332b465d97a8ed7e6a5e5f99,treatment,False
b35cbbdd74bb4ce0ba37785b834757fa,treatment,False
cc8ceed1678d4e3f9e2fdcc91fbd62d2,control,False
1fd1831aee08418d8200e4b282f44dc1,treatment,False
9877f5b619ff41a68568bfecfce68788,treatment,False
0adfb2ff8bf74eacb0a7d21de78ab8ea,treatment,False
b03aa015d7dd4607851d91fa3f4530da,control,False
bb70ba89473145d49d010c288983bc9d,treatment,False
037fb424da234ca48234a012a41f1273,treatment,True
671821925e064869846317a1723de259,control,False
9384ca75cde9485694a757e8e1a17358,control,False
e6a10a80414e4bf3ad05adb95b9e0135,treatment,False
fb95aba3b41a46d288cd4169d5bce679,control,True
9bb89b6a94d74b71802e8148be624e46,treatment,False
0efcca9154d042bbb67cfd64995013c4,control,False
5a720c7e12014684a2df4eddaaaeeb33,control,False
1c39431e3d0a45009a8ba15373447dce,control,False
24710f02a7d444d4997f407172d7b5dc,control,False
794d509ef9024eaf88d53a9a4d7d7b25,treatment,False
e011b86787b24409bec58a32984b6d98,treatment,False
b0b9e85147d54c46b3fd88a7114f9b6b,treatment,False
2c9b9377aa1a4401836a93c403e4908a,control,False
f15d46ce727a484f9ffbcb225aee55dd,control,False
8472b7172c6b491494fc46060fe386f5,treatment,False
24183e1647764d55bc927df6549405e9,treatment,False
d4cb39911f8846e9b1b3b4f6836246ec,control,False
b31485f0a9c643be973d9c596e901c66,control,False
9ae05d568b7847cbb6e28375c139c1ea,control,False
fe1af1cff0fa4d91b2249d4780231b5e,treatment,False
d9b85f6c12fa473195db5f9d1f9990ec,treatment,True
2f32ba95fabe4dbca67f1bb4b2f34eb4,treatment,False
8fd773d995d94e4d880d13f6cf199a57,control,False
baaa3108c430427bb80da366d044fb5f,treatment,False
7431193c50844708ba453858f6595d2b,control,False
5dea017efe0c4606b123d81d84591a96,control,False
a5fae3a82eb84d42be52256052577513,treatment,False
bb44ac4d7416400693c114665c851f46,control,False
407b966b4d3c4bf18a2b35dae4797595,treatment,False
6a86ac29076747d68a587f96bbabe793,control,False
7dc3a9e18dd240908fcc41be35bd2abe,treatment,True
b985a161c8d945beb142027741183b74,control,False
3b94241798ae4ae9a66c249e6ca6e37f,treatment,False
c2458114a6dc4ca1baf0e7fc5529410d,control,False
a1f07d9313ce49b389ddec44127aeb64,control,False
e1af654090de4063ae2e7ff8c32482ae,control,False
990c519ecdf944f49e2ba528bc91ba66,treatment,False
54eadb66fc0747ca824c2f953b7aec22,treatment,False
63232d7f52c0411fa9e9983999e37e57,control,False
eee131dc14454b57998a83bb22a74fa7,treatment,False
e8bc251fe43043e484fc1cd8181a8c1c,control,False
aae2d5c4060740b697e605199c238057,treatment,False
3fd8e2672bba4f489029928220e4ae27,control,False
6ece402a033a4469b9a44ef525f29a1f,control,False
e898b06057684d8bb683b5c7448eb42e,treatment,False
151cb90bbf174601a8596785e28a802b,control,False
399cb7552eff40b6b8820037882a5aae,control,False
e567c533c6d948939b6c0ae2d1e52e8e,treatment,True
7c835afb6b2f483d89555d0b85d3cc11,control,False
84e8ec659ddf4ff1b9468b522c3c7af4,treatment,False
f48a61e514e241729a005499abde2cba,control,False
4b0838d6086142688ddde1a865c0b57e,control,False
da27ed6d54e3448baa239c4a62ccec11,control,False
04b1aa5cef354db1b6f8779aa38b922f,treatment,False
62396ed1f9aa452eac3bf21946d9ae66,treatment,False
ccb93f73be4f46d78fc4cdb242ac6fae,treatment,False
d2f08c51496a4ff4af9f8fe39e5367d4,treatment,False
055078653c31468094bff6729e216614,treatment,True
436500e8acf342ddbc40f09aec0e9f13,treatment,False
664450aa7cf5481ca82448be4e881af7,treatment,False
ab5d6da351814d0f98b949fb6f7ca683,treatment,True
f0595565b15649998e4decd6d3de8470,treatment,False
6fb6c5061b634e459daae588b7dc6d28,control,False
b7e7f6e2e3fb4926b28099dd912782f6,control,True
c577b43590d84441a43dd2e102b38888,treatment,False
b911495895bb42329d3d6ed396ef302d,control,False
aa522e3332af4429b77c0cf2c9fb09df,treatment,False
1872d8878598454684457413aec182ee,treatment,False
9d76d8009a7a45cb8e63fa5c08c3bd38,treatment,False
1a7549d56840423e8ae1e022edd0287d,treatment,False
2ad3667a214042218601292f73af4c4f,treatment,False
c7a36314d8874d2aa1843a69869111aa,treatment,False
d6604546dffc42a885228306a47b2e5b,treatment,False
3c08027f4d9247928296f11fad0d6957,treatment,False
52736cb1795d4fcb8a48917a78147965,control,False
d7a7d810d4a64e4a8033a86534c82876,control,False
235f37f1fddf4e5eb3bf971ee5709104,treatment,False
1cb8d67c49c646a79f940a3ef864d91d,control,False
57c5c45b074e4047b306d318cfaf2766,control,False
b313ecd6491944a0b10294d557d36927,control,False
0df3b3c1f52f40bbb3d2982529525ac8,control,False
430d6ec554f241bd9ac6618159fcf087,treatment,False
6935c2d27e7a49209be570ef8e880ae0,control,False
e3bcb9b258f043d3a2937a56daf05ed0,treatment,True
14f575a8a07d49b78cacd2e806fe7406,treatment,True
266105c19bcf496f92b20643509c8eb6,control,True
10c34ecd3a964e19b291e65f050632fd,control,False
bf63f28061dc43bf973af01586471bea,treatment,True
d6902e713b34403080dd33e9e3ee3ace,control,False
0f535c4c3dfe4062986137134b999864,control,False
414335cff31449b7a07816ac7a808d20,control,False
ce07202c69944471abebac2d4a06697d,treatment,False
beb164e74ae145b09c9252eb564d22c0,treatment,True
3294da1ecf9142d0b25dfa91f206ea64,control,False
d3badd855ce7445c8370bf5f9dc1f36a,control,False
f28f1b93a8c642d0806e27c5ce7c8767,treatment,False
792104a397eb4955beec4da6bd4a617f,control,False
bc6adf96d36e450fbf2a7a481b8ca49e,control,False
429e7d621de246779f9be89b0e2ad4b1,treatment,False
5a86b59b897a4bc099f0980451dfddf9,control,False
2a105a72e9d147b2af72ccd53a696ce8,control,False
73c56db17bc74f3cb729d30145bceefe,treatment,False
1cfb76f707e4416182d1a549e204eac1,treatment,False
e02b8450cdf442d9844c77c82513ea53,treatment,False
fe66d976bfe346709408ba79be5a91b5,treatment,False
6ec0d364d35c432a94973cb114b73b56,control,False
9ffa84268cf84069af82a0ee208bfa30,treatment,False
4654cf45aabc45f68b0bdd5331d69511,treatment,False
d5842d5162f942b9bd63f3e90bfafc1e,control,False
159ee8712ced4d02989a40d33487c118,treatment,False
6291cb42d9e640d284b1304333a0494d,treatment,False
7a9d7534eab24e0e80884f81dc72e397,control,False
831f83fa44834ad282a23ec64af7d483,control,False
d64ec74cfaec492e9ba8a777b34c358c,control,False
508daaa13eb04ddd874c192dce4efb5a,treatment,False
7da6071c943944dc8c0c28235ab516ed,control,False
329bcb0bc21144d3998321686d14e226,control,False
a25a1b3010df470f85a4dbb9e50d03d9,control,False
ebc7c4c06a0b440c98026d94e7bc244d,treatment,True
7e2f792d96fc45d8ad6aeb10c8b63487,control,False
10edd0e8ec0f4676958e46042d164e52,control,False
816f6abb29df447e9ac29deb8a57a4c8,treatment,False
0dd7025060b743499661e8dd7e658ecd,control,False
47496b98363543689932a0b9b1c11f78,treatment,False
9ff728f9da544ebb867c03924d60406b,control,False
e36b272f9bb34e85abb40eaee2552256,control,False
3ac39ac3a5b5428a8a46344033e9c773,control,False
3131c4d7586f425990f822b5ce184cfe,control,False
48bac463cf534599ace9e25d30e341c1,treatment,False
da9808f5c78f474984dded5586e8da91,control,False
4f73c12fe5754510b1f9180504df924e,treatment,True
f8a93261ecb94c3ca2a3c5fe3aad7029,control,False
c5dcd20143be46bebe869e65d3a81b70,treatment,False
a912c9dae0c54505be8fb2892ef40990,treatment,False
61178754e5b143e295ba7798408c95d4,control,False
8ca9614be80d4f04a879f5242ce28508,treatment,False
6a5c03c903cc44c38e8b5bb9b5239ab6,control,True
e9dde1dfb9634660bb233a02e2ee706b,control,False
f328502303b64b22a4ca11a53bd4ba17,control,False
60abbc6b422a4ec69ac69182db7abe5d,treatment,False
c23fcafec3fc4c74b581a9ee63bf05f7,treatment,False
3f324023a7e246af9abb701177e64235,treatment,False
645328f0007045048d0c1e2438ba20cf,control,False
1e9f4dcbcca847a4b80ae06655dbfd07,control,False
e7d7997aa24b4caca538ae1cef27606e,treatment,False
3325b384fa1d4e6cb334e14e4400a9f3,control,True
651332b8a3404c6eb217c3d851d3697f,treatment,False
570c131301f14c1c977a58d6b82fdc53,treatment,False
22b1260c469d4191add91a263e9b7045,treatment,False
8c6c1d4417cc4ba2b751aa059ce19be2,treatment,False
006ea44d42a2491d969a777fa32fcfa0,treatment,False
eb0e21b4b5fe4fafa8f0946f63c41ce6,control,False
2f23a8ad224f4997af6383934bee8b9f,treatment,True
acda8685293e4e6dafbcd7683a8cdefc,treatment,False
5d2ea87b229c4dc6a1a93b8faa4a4043,control,False
178adb5faf5d498c98dbadb99d5ddf16,control,False
17c4fd34391a49b38b717937e9144c9f,control,False
bd893a5ea7314469905b56cd826f1e4a,treatment,False
31e4095211af496b800946c28fa1720d,control,False
14783a4d9ba943ecbfbd9d1cb8dd7dc9,treatment,False
46cc54e74e4f46d49ce5d027e329265c,control,False
c523fad802034817a7fbbb3c0f46c1a6,control,False
a28e30a79c354b39b76e567719740a8f,control,False
bb5397b0867d4d5eb17d85b843fc70fa,treatment,False
e1c8b9de631041a5af37d26db6644e8b,control,False
4faa6243c3754ec6919a3f825768dfed,treatment,False
4a425e00032c450980bcf3725a680167,treatment,False
4593fb7bf42c45ecae86524204018552,control,False
74d7b86429d941b0bc760c57984004d2,control,False
723149aecdf04e08951b1e62c5e1ec61,control,False
afc01ccc7c5f4efbbfb2f31d56fad90e,control,False
843fb8e67d4441e996a5c189cba62354,treatment,False
371b2a47d2a14a40a7cb1216d046c83f,treatment,False
95744b1148894f69b3e0ec137c7ed066,treatment,False
23c106b5dc114208b24e9c997b35b59e,treatment,False
bfa5e456f3b149aa8243a30e6a874a93,control,False
62669b15585044329acd5ea0d41636e9,treatment,False
1fdac9929d214873b9a73a95bba154c6,control,False
bef432d183cd4c4a9dcd990ca010828a,treatment,False
f5466aa26fe94695b285f006172d32a0,control,True
4cc692d728ca4d6b819ccda6934c1cb2,treatment,False
53e31dc957f642bd9053220ab2920a3d,treatment,True
b4abe44d9d644b248c3e81ea931752d0,control,False
cd0d919cfce04e08a76e2332a9716c71,control,False
c9d76869d68943978fcaed61e265cc07,treatment,False
517b9b8e245344e8a92fef5015a2db91,treatment,False
ae2b0970356e4727b14ed3c9e352ed0b,control,False
9a9adaec53d54c8e8cff91daa10db007,treatment,False
609a99670bf743c0add70bb8cd980847,control,True
e08ed1c4459f409bb47c46d593d91e10,treatment,False
c21a0bc88d5a4b53be38f46e184bfaa0,control,False
683f4380e0ab41b48982f116dc538c32,control,False
c04c4a825b024bd5a3cc6c7dcea42ac1,control,False
39fe86dcebb44738a17f61ca04772daf,control,False
40926ce4ed60494f96a06c09e38abee8,control,False
37a16961f9aa4e74b3d3223219217634,treatment,False
817fec3603c94d5a989ce0df88324f74,control,False
dc10536f597d47bfaf2e5e3e76d2e78d,control,False
8c4b9b74ef04493d9f39e76c01f608a6,treatment,True
62c4a351763048b7b1025cac3d43c80c,treatment,False
d161f0f9328646ffb9a4f979ffa91f9c,treatment,False
2fb807c4957b412da90003331c898852,treatment,True
0597fd305a314aa395b3428e045f49d4,control,False
a25d65512c78491087a965190ae112f7,treatment,False
c14704c11b5c4d04a4bdcf4232b1dc8b,control,False
a338b07e3263407d908887fa5676dd60,treatment,False
466daf7ebd8643f0abfc025e7be23cec,control,False
5e60f551e474479daa1ea143ed93163a,treatment,False
cce002f64f434705a7013b5a3e87bc13,treatment,False
4d42baacab724908a7824bba126c3510,control,False
11ba64ccb10a4c9b98912f41665dec08,control,False
22b75e7c320541908e5dd66a85a76339,treatment,False
3e75c5db73654c15bbcf2573103e7eba,control,True
f2f96ce6c1ec4c9db54d88f489395ad7,treatment,False
94f0ceac762e431196e8161151e04212,treatment,False
5166f63543c3496c988532165eca3da5,treatment,False
74f39dc4d20143a08f30b3426b25e669,control,False
aeaad1d741f7491d999263b7c8ab4307,control,False
d7ec865a3d7043b0b25f8943d48d64ae,treatment,False
567d59fdecd14018967cb0b4acf5bda9,treatment,False
d9ad011b66d046c2919acf11ee430fac,treatment,False
bfee492a00ed45d7a683900560e6ca4a,treatment,False
b4463887b5134f7b9aa40d041a28b91a,treatment,False
c037ca3ff5154a65add1b990865a5975,treatment,False
41d0519e2b1a4cc185ed8737ed75a1af,treatment,False
33069372eb92464daf3ff11888747ac5,control,False
e4677408d0fb47d59aed43b675bb24c1,control,False
9ef394099f16413293925a4531c5fc0f,treatment,True
b20c59fdb4ad425eb9746a757cdccd0a,treatment,False
d319f5f62dda4209b17b816ded8cf115,treatment,False
f7aa0792c4a14562ade9371e8ff2f9fa,control,False
6973766874f34d85b1c34bb2608050fb,control,False
5698108605584e21b09665202767423e,control,False
c1c61c5b2e78428eb6d98e645397c013,treatment,False
bfa5998208a64fcc98d439d77420d15c,control,False
2d0b11fe7b684be1acb337bd2295c552,control,False
3113b27b79e44ea2978e8d918c297725,treatment,False
bda19b92e8cb437f9f41c544b854f132,treatment,False
015cd253b3f3437cb42ddb2bc12cbd56,control,False
5ccd821272f04467909cfa48569afb19,control,False
198c09c943f4404fb2ad24ed7a34571a,control,False
0e81b62266b14fedb381212d432aa09e,treatment,False
01927f2df2d24924a09e80612792d0ac,treatment,True
e249b00b6ab94006bac5da06dc74dd7b,control,False
f7615f41c57244efb30b77f7894df855,control,False
93ab7db46fa94fe4a033e964e4c06f81,control,False
9653ff5973a6470fa626fd9939ec7e6c,treatment,False
65aa89802a2440ccbc9900c4875fc0bb,control,False
bd70e7badc934989b5011ae441f36c5c,treatment,False
8600b40a5ceb4ea49aeb63027d24481d,treatment,False
c5069c945610482ebdddbd8f1ebf37a4,treatment,False
5d9f9a3b1cec474bbf771bbacfa9395c,treatment,False
3e2f8d6534d84842b0877ad201d7853a,treatment,False
c5f14445c5ac476caae8aaafe858d687,control,False
93a196502b5948d0b7b3d4ceaad138ae,treatment,False
b2fbeeaa891448cf8e4c9f0bf30779d0,control,False
a817848fae884d5eb51b5e00c6be8480,treatment,False
5e8a6d75c17b4ff593ea04e552907651,treatment,False
ee29069c427f43d287fd3a470b7302f8,control,True
7aa64013d1824dca99cafccaa00d5920,treatment,False
69430b983d124824b32c1dfcf150cd32,control,False
f7b76d7b0d0940dabcb2b0307d41ba49,control,False
5b599209467c422291537a036aa5c581,treatment,False
d7a708e6e2af4cc78612369505a46401,treatment,False
c9348cba156e401287ae04bcbd37813d,control,False
56dbbe5b702c44478447d80921b0ed04,control,False
83e68f51e1a947a39a136b75a253f0f2,treatment,True
67966ecdff964afa8811591e3cd35be1,control,False
a80e883ad53c4d9599cfa4a41942d441,treatment,False
e22351ca5ae24ecdad34ac13acca6132,control,False
66c07d8816f94d1ea347d2a65d432427,treatment,False
938e33d13b6f4eea9e9bcf4bdac676a8,control,False
0d33520f895e4240a8af68df2bca89ae,control,False
4dfea3c1c8b646169407b995aeb958f1,treatment,True
6bbe811ce7114edea46f5da22c8d58e6,control,False
f1fed25c72f14f2d8737fbda1bf443fa,treatment,True
96a4ef326de74a94aec7cc4e3bc92b78,control,False
c2ccb0f38adc41c69112ecd3c7b816bd,treatment,False
3108b6983a6b4ba18eba2182eed3fdec,control,False
2490689333104469a687d64bc0a06812,control,False
521d92d5b936454a9a61a5b256c2f596,control,False
f8bbd4deb21d48c194ee651f29c6ca20,control,False
d8311bbc38324112887246fd2e40f745,control,False
9995b626b867487192dc09d589d20a20,treatment,False
20e1de791e764a3abf87ba19c13ce0aa,control,False
6a4d70c5e7dc4a338d0580b3d631e9b2,control,False
6e9e75d0e81e4b938ce20de4224d2b01,control,False
89be8ec3c687406881c4dd7c14d95756,treatment,False
6d9a301df6ed463f8fbf0d2c5ccd5cde,treatment,False
44ef5191b6ec4bc0861d6f674a780785,control,False
f26c1743afef42f0b71abb7530908d82,control,False
