userId,converted
23571506cc274fd8910b128e22849354,False
1c667d08e6e14bb3944f66ec3bc5b221,True
273b845415334afba6e36bcec45d8799,False
6956fc1fdd544952a1e7351a5587ba11,False
21ed90cb8c644931978b21f90884415b,True
cc14cb28a85b4c01b1076ae5c4904498,False
2b467e21d95f4700a538585fbda6baaa,False
88f84801c221461bae97af9489a6d340,True
ba6d6cbc530741e5998e7ef86cb4743d,False
19af67f007a04c08820b43fdeb76f432,True
acf9d221d5c54d18ac68ad595ae40d49,False
22352d4dd36040a1b227625ad117bc2a,False
70367202775b4aeba181a97330065642,False
8b975b2f0ea44456a69c7b18fce6def9,False
46946f09b94241f38416c1b6891749cc,False
c66d0decb79c458fb3033f7cd1ae4fa9,False
45836909b27845e88d31ce6efcf2936d,False
c09bb162540e4c4da30ec5bbd096134f,False
f6633c6747474cb99b8a39001e8a3c21,False
2f5dabb35ca241ae8de078fba216ef3d,False
ba8f1eaa85df4b8bbc5882c83888c4e7,False
1905ae8063784d99aa8b381a4b949ee2,False
64b39046177a473e85a6b14267292b79,False
d8a864256d01409687ab40cf7c9bd24c,False
4624e5cf64244914a199bdc18e7195b9,False
eec2d15c8917473e80ff07be99edb6d8,False
3923161196e646ecbb8412a7a2df48a8,False
7d1169ce14e14d6b94db1530717a2eb3,False
abbca2cc2c9b41ca84aeebd647062a30,False
5341d4366d154984ba53ab82623c4dfa,False
a8bfd719dca44a6aa40fc6ec2db4b224,False
738fc4d698bb4946a6454dedfb32640c,False
017bc879702740eaa1dfd70694c71ffa,False
b5e2db93ec834f4ca9e6aa5cfb38b72e,False
1805923cf8fe448b93cae91eb11654f4,False
56d9cc3f18d54705934d4807cc43840d,True
6b9f354f7b5f4a3aa756803c08459cd0,True
3c0c169acd2f43c28590b560c7457006,False
22ab619a9c3044c18dc1ecc4fbf54920,True
2b1a7cc43cb9498eb530d9694016791b,False
87f62011d1a84604b34450ef88d274cf,False
c52edd0369b740eb865d2cc2c088b6d6,False
61e4eb0734584f85bae2b7cb795030ba,False
f8f13d067d104417b09af72d0e89cfd8,False
fa89dc0ebd34427f80d73a8a4aca25ac,False
9fabf6c7d4794b2dae965859c8466e29,True
798e1f52b3e04d299b9a6bccf6164f7e,False
049fe597260e4338b723bda52b609ba0,False
be97b672a741419398a5d3721deba0c5,False
8c60cb0de5834cafac0c0e65c8dd0230,False
77c50e2343db4df49f13f9bd7da2a71e,False
ab8e092627114c26a1b2f580e0dbb415,False
3dbcac38b54b455ea97537c63dcedd04,False
593b9593d1a542a6bbb57be1f25210b6,False
e441b59db7424ccc86c36d5b360b0d88,True
8bdad5a337664725a82be58068054945,False
00db2b0f5248476eb9fd1cae18123f8f,False
8fddd7b4e7534a2f92e2f48acf465fa2,False
7635cdadd2d7451ebf88b029c757c836,False
50e34799d5b747bfaa0b6cece48f8ba2,False
1f9cb632e66647d786cb1f21ded67f05,False
ec445d4a5d1b47fa8cb994f59231ca4e,False
5e36ad5c15b7461a9f098224b58a5e36,False
db622fc2184a49a7926f153e57f96258,False
76b381a45a26402184390c6a84c2b117,False
29579a0937664d8983d38cfe6d13afc4,False
6bf354f962ef4232acef7b66be36aed9,False
b0422434f9d0417fb812e71b5ce7d1a0,False
85b281e726574431af6e9b7e1fc16fa4,False
2fc0a68f3ff3463bab6e2b61a07eb552,False
9f474146fb354840ae8e7bb99ca17334,False
b702c0f6a8f34af5bc32f8d782ee4cdb,False
af7f41ddc1d44624b246d61d7aacf1af,False
92c75317ce4c4614b0a65b5f9161d987,False
53a55b833ef848409307073ef99d4fb0,False
381db853940f4a44a5d87ea918da9e1f,True
1e67dd2f74d44dfaad697a37a994d025,True
2ffec92a634840c285b4d260fa0ae1b2,False
348d152d4ec34a02b7c7e8790f58ab60,True
139a30f21bea461b9d65690aab1b435b,False
bc72ea214fc74ca0859966670a9c0d07,True
14c48155e02a4079922bb8b13ca40a6c,False
ca387dfe5b264bc8853facc250f0d327,False
45ad63007c2e432793fba4c16d700e12,True
aaf9ddad49d9475f8cc41cba46bc409c,True
dcdd3908e4dd4182817a948f60195da2,False
88f342cbdd0e4de2af3f87acd8eed66d,False
f34d1d562a1141e2bdd40dbc0248d45f,True
26561a057b5f4977ad4f3440209a4105,False
b15b0148fa4740aeab32f9dadbe3e61b,False
44fe6518a08842caa5db3c91669e60f4,False
6d8b9ac488204293a0179be6856cf658,False
36a938fcf95c458398cc60607d2f6493,False
4b49bb94a0934fc0b52e874c7b1f8ddb,False
0b23bc6ea2084470ae157dd97ab8f20d,True
4d4e5455ba8b40a9a75093eef0016492,False
3ccbceda30b5431bbbb452627395e2c0,False
2215d3b08f5442608ec80203255c9820,False
7ee5f3eee5a84a9a8686f691e48cff05,False
2e39f46e480b494d8b6f6309d38c2e3a,True
7288b71089934cca9d0928ba09f74d69,True
35edf4743160404da54a2495557f845b,False
2efae3bb9ab044f8ab1c269f05b61fc6,False
2f4f99c0266740ad87635142efd2b574,False
9270378eaa54470793a00fc35dabb445,False
a78b28395e14480b8c97a6e71590fb22,False
f013fc9c0fd54aaaaf7881d892d2c1a1,False
ab3ac656a2cf429f9d8f3aeb7b8c4a60,False
1e3133079b444e3bbf3d086c68ce384c,False
7c3879b463374872a7472cff123b3769,False
8de8ccaab2fa4f438e96323c0c82e574,False
a767f566418d42548503dda3e63c5391,False
9b90b8ace4f641bc83e006b51287ec83,False
b9690fa6f9714caea96c3fd6714b8b1c,False
707e98407c344af0896596a55d35fa86,True
454322948a204b0390d947edf122ef04,False
d5997a6a08014347a3ff4b610714c799,False
86fbd7bfa27b495ba71e01a16dddfef1,False
ccffe4ca5a404e708ef1fdd92363e60c,False
6eaa33c600bf4ee2a6cfce14d6192d40,True
1c3a8915c62741238ebedcde8b44b059,False
3dcd7401229a4e28bb186a7c094e9872,False
0ea2cc430b694860b70584f662ff0e43,False
bcab4776329a44a19ad46ef6268952fc,True
ff01c205dc6b41a490640e1857d5cf92,False
0e54a3f9ffb34880be5d1e50c4ea9f12,True
ff3aaab61d73420da9a01bf25094e620,True
204fb143a9df4b30ac5b570c9d5fffae,False
e8cd51467e7e40fab9a679e7da4f756e,False
fe23b5b73341485c860de7f7181a3e8a,False
da6fc116a27a47c28f4d192ef8836f44,False
e42ae1c7e6374401a94fdb3b8a7e1430,False
af11f481120f4498b26a08d674ea54fd,True
3a50236063df4440baf5ef6a1da2cb06,False
9177ef639d324fbfb615e6ddfc88de24,False
1caf9edbc6c847da996cdfd9f804a272,False
5f1ea897f0a04eaa9ae5e3f9070b068a,False
1066aa07b5ed4c038bb7c8fa081616da,False
869a41d237f144a99b04cff65e879b2a,False
e30c5f8d69e641ff83d180d883300724,False
f5c78cf4026e4dd8aaaf08ad03f66ca8,False
7a623d04d3fc4a6d9009d9f9281c83d6,False
5bdcfce4c371419f845fe23666a5a04c,False
d034b1e68bd9408b9f18b283aa9a00bf,False
036335cde3314ac18d835817da91daf0,False
0208d3775b3946379e29179e7d51ceed,True
6b1bdc8389214fbf81d8c4bbcc01eba5,False
8e5af994cea34364a2e0fe9b1fff953e,False
3ead8ea346b84fa29a686636eb9be6e4,False
c04f51b98f9d47e58c67009fec11aaa4,False
346426be663e4a60ade15accb189b37c,True
6a75f3ddf6a34110a821f0d403e2c6a0,False
3fbe99eeb6354501b43d24064ac6f97b,True
3a5a78a1e96f474e82c8b1694d570fef,False
ce182e4a8b09456b8156a8a4c22fd909,False
fef1032b42ad49c48f984916d4f09c2d,False
45f75cc5c1e548ea82b21ae4b483e5c8,True
515834cbe8c04d7fa75a444c9ecf05d8,True
713f9429f03f4669b1b34e65683e0e52,True
36ff980ca7544667a15cc2bd8ac60e90,False
7cb2b0c183be427ba5c57fce4d75dea2,False
29b47f2a4e444eec9e93d8975b050677,False
7a26211a7aa844b6933b984a4bf3136a,True
d85dfbf1bcc44e418b70ca7df8b31b8a,False
fc8bb0e9fd074a4282554b08fad752f6,False
a0dbe1359f11483bbbe34ca85161032a,False
286e5f3373a841c8862ba793ec549653,False
d3e1b79809d0452a97fad8da4af13d0f,False
f9731c582a4748a78442f899bba740df,True
12a6874fe5fa4682936eb94792825892,False
5668cca059684d1087d0aefc3c95845d,False
5f6ba30e2fc74a7ca2804f409e8e2dde,False
af644c53a3a74c238a9f157059d79dc8,False
22d5940eeb55462eb94d0c298772417e,False
8317cc8ac4c643f59235df6172800f74,False
7bae4942503e4b9582b991235e07355f,False
bba30d8244c341a59db5636456f37eb5,False
700df2568ace421498c53fa395965c8b,False
ed19d4cb77494fb0992b37d5efeaf0f3,False
e0382f0c1d81454eb96abf33beeb78c8,False
3f71df7f72334e73ba4d18ee37936910,False
639d17ea1dfb4e29b8cfbdf83f2d3bf5,False
a9918e283968498e89012fa6ec71c980,False
619aff6fbc6342abbc9f183b471795cd,False
99b0225d10d24c729c8aeb271ccbc8f2,False
6385d0eb188648629737c1a2185ce492,False
373bd66a7d35499d98f2fabcc825e362,False
0304f74ba62341d4a9dd42c722d34a3c,False
039df23ef427454bac5ccb5812965760,False
da1669de8cde4717a89a1b903fd4054f,False
3bef3a4750254f298ee225dc8f84c2c2,False
c7bf7fd55381468ba7970ffde181d919,False
df55f5098dce4db689752e76a804616c,False
320e9c86a8fa4fe8905677729bccbc07,False
eee882cd942a48ffae0766fcbe4db115,False
a0c20a8236e547568b9fcf9e4b53aa5a,False
e6690d6367dc4cb8b1bad35056d39670,False
3451cde78b524098949ef6bed66acf3d,False
3da57ef7f58b4700b171891cbd7ad1da,False
b73d69ed06fb43d3bac1f4cb250cd245,False
24b70bd0ca6b43ca9b7c90ab81e270d5,False
f447bc016a614e2da69a86f29851b9ea,False
f020d4baffbb49779ae6defefe7649d5,True
bc8f419c429c46b2a00abe9f1c206ac1,False
54b475d764c54a0bbde106e5601815a2,False
2bc24f101e6743b2ba5f640069424c4a,False
c45aebf1f55b46b59613000702eb61ec,False
b1943d4fbca44f66aec9bbed541406fe,False
f6d2884a336f45d3924b0d7ffaf94b3b,False
8cf4c152ca9a41a2905507e2ccb9acff,True
03720c95d31d4925a7c35a205c89dc71,False
81dfc13f911b4b578bb94f85f32d17fb,False
741c64fbf0ee43579e7f326af701fe02,False
4bd21da87f734d689b8378d23ec55919,False
0239aac0f7a24031a0ecdae87feb9943,False
18621738e0684a5fb6719c95687c60d0,False
7b388afb166a4965b59f31f8f815afcc,False
9f9fefb696ab47ef9a3a4e64f8dd32f9,False
bcfd8f3fced14b1b9ed46ab90cb224f7,False
4ecc371421db46ec8ca4814ff174b6ab,False
e287336344d24c47a440fa0edbf33ce2,False
3d9c0e6d75ce459da90ab334cc009c84,True
554fdc5800ab4e1aac00f31281d92469,True
92ac074080d8495e98d6e07ab71d8de4,False
4770cbb3c3c5460891731c5ff4d64cf6,False
4517cfb1ea75494383a80ba2f6ffc65a,False
b5912ac6b5f045da963f50ca787c4032,False
8e93cd5534a042fcad132d98c937b178,False
5851b9a0a59b43bc88437326d572595f,False
836dbe026b27498ca3221c3d424df193,False
6743f9651f7a46fbb0d42e68d2ac2ad6,False
6f51065dc19d4ed3af298c8a27b83953,True
1b9b70f91d68485fbd34ea372b4cf46c,False
4931170a9781499fadf447b0dd56d9c2,False
d8bb08b2e3b645bf8e8d618b5b1370ca,False
6f2904ea5dc04c7485f975eb977ef4ab,False
ded04fc393c64de394d45a4500a84c6c,False
5675f434045a40949cf9a0b093b269ec,True
4c4f2afb54a941b6a78ef53f5426f7b2,True
e0266b01d8814de283d0842f17a8f58a,False
6745c410eb234fa19ebeba05de887701,False
65296fe76dae4e18ba5015698add1a55,False
0a341aa2839c4b3a9d7a57b7762a4122,False
50a02c6ac8ae4cdfbc352da36203a5bd,False
f99746fdf7964cec9882323d8e4a6638,False
e2e344a0a58249a99a217f9266a91a74,False
19defbd338db48c8950cb487585b16e8,False
37442b0ced6b4a3e875a1d489b13509c,False
6b1039c5009f400a91c60651798148be,False
3a2e3f1e1d284200a69d7cbc2dabb971,True
7c672b0398eb472b94f4d4905b22058e,False
e6d14b07b038419494f4a0fad8eece9c,False
142d580e6a94483692f4e5f535ae9718,False
e761a57328b24dd8848fd61232ea2a37,True
f0f7d2315dd849bebcb0ac5deb598988,False
65faf53b552d4184afbed1af3d22e6e4,True
68af4261e4714f4ba665cdacb99ddc9e,False
9516801bcb444779ba6ad81f6fcf8ebd,False
c2cb0ece2c9b4bb7a8c470b11a4208cb,False
0f97a037044245d496c17d08f2996ccc,True
9b080e631cc14faa87f009bdef361fd2,True
420b5354d1ed4723b221946484757705,False
63307cbedbe846c3be581b953b36abde,False
a8774be75b0f48578ea2472ee7b3293a,False
e40fe44ca8c04a3a86e53b0efb04796a,False
e35e7154c6d5493688df5464ab9a1ef8,False
d79d77154e5948319817061c9cbadce6,False
dd8703c42c44451fb80247eb559d3e9c,False
041d6c1d71614ef4bfa04522c804532f,False
b5214fa4a0af4918a0e527112541c96a,False
7ee2e61368fa447591356a72055c108e,False
8abd98d3234e48c9804fa190b5f51291,False
edde565d48d74c2ea1ac3ccb8c9d52d0,False
1f5b74d31e0949b8bc2bb429ede06057,False
c73a5015249b48ad87491dec8e05ce7b,False
78e4522ddc3e4b13b75f3021dfce789c,False
9653b0f32ff24520b6a9da3a44fed38c,False
af87986b8b694b26947755739cf77a64,True
d4bba17bc3f74a97a3b84b1ff3fa1cb9,True
5f0586123d454abea8627c503a71f05f,False
aab8d529ce704f7d9737fc97c1e11a84,False
cfd9bcf1fd844e7886654de8159568e9,True
fd6bb097823944b2a477feee7aea7bf1,False
36138f2ab65145a5a23fd170173b3d73,False
6f6a0eddbdc947f4923adb7fb353d8b0,False
4f793b994b8c4374921ac4578f9f426f,False
5c6a36f82cda4ea7b39a6d010ef5951e,False
3a65393f2cb44e22919bbcc021a6abe9,False
04169a1d80704f3798997373c61719e3,False
d603ef408ff54ef3988a3d232d458847,False
f3eeebf9fbbb494080408069e6f7c639,True
b93dd645b289468693e5b35b82229cfb,False
35df9efeb5214b118b0f7f3fcfabe087,False
d0ae5a70dd2e4b14a53b980fb8f3e006,False
7b051c9854d34b1a8c770433990bd6dc,False
d5abd399243941cd8a9a135ab30618a1,False
8e4dfd6727d947658fc9cf6b2010843a,False
af00f70a8eca4a979ec955a81014577c,True
100fc029f57044b38c17635d3c7be9cb,False
33d3934d97024a9ba099f2e0ffe64a01,False
0cdce18cc62d49cea91ec663007bf994,False
4c82fe780b3a4668bf0c1b0a4f87f04f,False
3e95757363934f3c9e7af34abbaa9304,False
110533bf5cf943019e7b406a897540e3,False
ab6ee2dc95464223b130e8dbdf80c8f3,True
c56ef67cf6694a25bd8c532b184932f8,False
289465ccc0c549edb99a1bfe98310d8a,False
33a0acda698f486cb169af3529260c91,False
415d2fe8c79e4c9d9d8d5eb2d24efc1d,False
17a3bf8aa43c428192000ca190431a5b,False
cbcdc7d22d874a1b9c1fb4f4c13179fc,False
8135d7b7bbb84090ab87510adf377583,True
3754ff3eec3945a0b118498bd39e1007,False
9f1bffcceda245c0add00915815c1a53,False
4d8f617af81f45318a81ec101c28b033,True
c6f7478d740b4813958a9e51f58e8566,False
8c05c3265e0c437ea21be571f01adfcd,False
3da5dbad102a4376a9632e5bdfd9bb11,False
969879aef48b43e79ecc8d1cde502edc,True
4c3807d9d35444398539a0dd58573b25,False
010aadac074448b7941744630bdbc9db,False
944ad0d227f1477499409a097eb7598f,False
fa47e9fae9974f42ae53e3c8d475643e,False
ca0b5926575a45828adf6327220c5625,True
d41f6e9e10df4445b1b73f228ab8cb22,False
9c6768f3057a4f9d998f652229b752a5,False
7b70c96e85ae43c4a87ec4e08a560348,True
29ef5a40f9984ff1ace25fc86ee4b307,True
2e7236107fea494bb91fbb09a67a831b,True
1d5edbf1244d4325a34cf08472f08a8d,False
218953411af7444bbd338221d84767f6,False
abdb4fde2c5343b0bb3249789f307fda,False
515ea0f822aa481c8e967c896cfb05c9,False
3e9eb55667f7471e99c33e80d7d0f0b8,True
036f85bceaa548cdad8bc7f165f4ac2c,True
52c5270143184e8ea200a078ffc3c6ee,False
fd9571f75f2b44e2a016717b1bcdca0b,False
183f58da61934dc3852dda60f850ccc3,True
955a8390cd8b4d67afb961497fbe4073,False
36289480e2394437ad8d31b9687a7ba0,False
4071eff1592a443cb039f65e52227e70,False
d647e8dfeadd493190acaa734c5c240d,False
f6b00984512d414386f8150bf25b5419,False
b76b9976753b403aabe1ee855f27b124,True
179c198d15454798a6bec2ac6f6d14f8,False
2c6bd2f8bd744f49b71e3be7c3b734a8,False
539bf383034b477785b24271fe4f1bcb,False
8ca3505d3f9d4f1e8de6a68c395419be,True
0505cfef4a384d5888aa96e3a7a06cae,False
306adcd7a3b44a1799d3e038d168743b,False
443c205f682f4299809a9fe05b4f3b65,False
ea10adceb24a4937a7b69ccf8da3a4c7,True
dd77d7aa3b8d4459a7a8398a80ca8ca4,False
8bc332fd5ea4438da37cddb4ea42dc82,True
d8a00c93d2e047d5ab69585b7aad15e5,False
c0adb1ec66ee46b48ab862f256d66628,False
3a497bf2243b4231901d6abddaab754c,False
3ab0133f494d40c6bba62c9cac4615bb,True
bec883602a0c4ec69788556d3d4df1ab,False
16d20754a52f4f64bc9f5f8a7ce93854,False
4eef82b70bab4e4e983d8c59ee98c406,False
0c2c2dd591f244e1b6a2d952205c1109,False
1a0f15bd526a430e953fb5be5ce51107,False
c6eda79a54354e858a450ee0efd3fe8a,False
f21b993dff64494c8660fbbd6ed58504,False
edaba714580d4640add366778d51a2df,True
5f0532b4251d4ba4a03c4b8e09110615,False
e050a106884f43a1b3f078d4fc6e1802,False
9a14453a0df94a6fac83c08ef866835a,False
a0a4a4b89a954c65818835d6c8c89632,False
f7add259bf8b4672bcc8d96ba9939f5b,False
fb9305ce2a5f40de8ec69a7bf68bbf02,False
5261a16b64ea44ec95aee28ee39cb40a,False
0e6250d57d4540fe8e43f79e0210b019,False
aba0ceac5ac7491481dd7157aa39092a,False
de22b390f5254d08ab0024a7379d7b21,False
50cb332700e946249703c5ef99404e50,False
70b3d981ea0c4ba58c6ecd2f745dcdbd,False
d8f4e13e3f2b40ef90eef2bb002ee608,False
4e458b7077314164b98211608c2f66fe,False
5adc1806f2b04cd9b2c8867dcd6f3b94,True
2d1b63493e98403497b035b68a12a232,True
127dc103415a47998a3148950fc7dc3c,True
8ab0143686a24dbcaad4dfd4ca36e685,False
aa870d7e11224397a12ca9be2aff5cd7,True
0a467c465ac141e6bd2db3ac6473dcc1,False
343b8f82354d459b9ac228745aed2873,True
5225f42691804146b21bb9f681e933f5,False
555d60729fc24926a4ce0e641b90d249,False
b66f44ca8fb742cbbae76e1c13392dc1,False
a8d197619ab24e6d90980b1424baa9bd,True
5f5ab3432e53467d803ef7f71dadd490,False
a6215f97d1234c5eb6ab9f577f6f207b,False
8492a6df75a04826a324bdfe59a6446d,False
e889bdbfcbe14d9987811f78d2ad604c,False
31c3d2c9fd0540558cf2a3d26bed2b1a,False
0f27ceb450214f6fa5afba48d34a4f65,False
0afdc020a9284c3e83064ba99cf3cb54,False
e20b9f337a4849b692fca778abd60f96,False
62ef2269c48543c889fe02c574b70786,False
d38dc301f96245f0b73abdf6b3f6c868,False
24c0c241c8c545c387c5bc3764ad987e,False
653f9a8bfccd4bb488142104360debfb,False
b45f5bd5cb4e4f399c81d84b6fc008d0,False
4b680c2b9fe649a3a45b63ec697fb1af,False
849d998e4a1d406a96a366cca7da5f58,False
581173f834864b239fc1a6fb35494786,True
008d85222a0347bab7b969e7b0e4b245,False
fabefc165f764763a6eeb7cbc35649f8,False
75a8a78da97d46e0841b330f3ccbc316,False
f844322dcceb4d1cbe14b7323df53f7c,False
2d8a08c1a85d4605bc51b8e0032a1075,False
96eb8572f3db423fb044e85256eff8bc,True
6531cb1315544d65800ff36d065eefc8,False
6b611085914f4def86fb096819567794,False
e9845bd91cb74661aa625f4f0be0daaa,False
22534a72530e4415a98b50877cb6fb77,False
8c3f24627b5340c29e531f2f76d6f11f,False
a2e2ab8b9b3c45b883b8f17ca312004c,False
6a9a9bf95cea4199a38cb70805ccdd99,False
e51cb26bb68848828b4405db74012c37,True
b98bb7ed92af42d3af1ff6cfbd672f1f,False
8207bb9ad1634c29b725f5e691a868f9,False
fced9371fb524865afba085701dc73f8,False
153859f32150439386c129c77c8b7e64,False
340fb099a255416fa3bbef422846fac5,True
5fb1ae55c161483c9b4e3704ba686898,False
30d2d556167d49d88a291ea457502059,False
60ee28d1bccb4dc5a423ecf8d30ce828,True
864ddf037de34eaba08fd0f034b99a24,True
59a2d274045b453083dc23e351eac12f,False
fd3d63387d554075bbee3c984051a953,False
d8cf68179d1741c79cd3abc0c5521959,False
fb5217c0b81e4db190fcd2234d801907,False
a57718b4bfa34e25b2b0ed7fcec3abc1,False
6546fb5bcf9b4341a62c22b43f12fd1a,False
70dc0903002443a5a94fd324094ebe6a,False
1579bf22b10146bdb8aab231371cfdeb,True
2f2efa0cda494de48bcd53e75db37389,False
3e4cbeeb23994ab58a1ff75df40986e0,False
405f7a08e7e448dab9a8ce3506a8b622,False
da70cf9913674cdd914e0261348d1c35,False
bdc59919e17b4b42a00b72bde8f06625,False
eae76b0e072f4e3cacb87257641db5c9,False
a2ecd97663944fa78ed7fc4c72f40663,False
a8599f3b20e54e5c812f2a25449e6a78,False
3222a0c3337342069456b98ed67334b7,False
405862ca9d1a42a599fd4da7f87f24c5,False
c3f924e7faee49529adbbf27866786db,True
c7d7a46aad9742868e7b77e873d20529,False
259190cac66048af8eb3229d7111ded3,False
66ba7132be154caeb58d981bf36f3f28,False
a70ac2c33303471ab8b209d3008a33d2,False
5e82a0f901dd4d0b88f9370c417e46df,False
92255258e1f3405c8a55765fbebb6958,False
80441349ff3c40b990ed0f248bf76b05,False
71358d3d7df74820884cc6e4d2aa8388,True
4a13015737e241989818b72657018bae,False
24be4a55ae664706b7f8c72adb0c278e,False
143a44d5f51642fba14ff1695b56a7c3,False
869d19db75ea43df8314abc997746bb2,False
10d2d37e5b78492599889e468f8e7caa,False
5724f4748e2c46f4b0a51085371d5c31,False
506accfd73aa4e78a7ea19faac3cdd54,False
5e9a71263c55418fbaeaa713c671141e,False
d076bed9fd6b4ece9eb480ed6cb40464,False
e104000b60584d648d414dae0c719267,False
033f56823af247399c204c3e3b4273fe,False
dde9a7b46ce041e892ff863560403547,False
409107786fc84cac89a60ae691b88ed8,False
dbcac3f39fbe4e3badefceb38880f279,True
ac44d482afd64fe09cc5779d30f8273a,False
2d8a3da684ba454c88773fa4eab89273,False
30ee5b9d33874b28acbd894540df1d72,False
acc13899cb71491eaea26b8f1d75ca82,False
69c4cfd8139c4b2dbd4f60b185f350e9,False
9d6be26ce5514e0d992478b8791b4ce0,True
87d57c9040a74cb6b75611b9fee55d05,False
15eb949f8b7347dda1e7cd632fd2f237,False
e6bb116f2f7c45e488fb8f3bdfa78df1,False
283d151f53794b9cabf9c42ba42d9a39,False
420fa6a6ccba4e878eb1fb89d889cea1,False
429a5e40fcd1473e9246b0188ace46b3,True
f71a9ad6664d47749ae5a662acc277d5,False
e6946b178bf24017954ad23f8f9d95e3,True
752320ec22bc48a69fb2a1be95459061,True
7e46c01b7c904f0283780cf745f3aae7,False
99d406a68f994786b6965e3b5c1bc027,False
07e81797b0614b79ad9532443921e3ec,False
eb1f339a017c45b4b56106901a61fc01,False
418071161adb4905a2e4a826cb96daff,False
9ea2d1d60fee4de18fdbc4335742dc18,False
0731977c7ddb48ce8801548afa4fa3e7,False
6e028b1daa4140d59c840a779e015577,False
fdcf75492ea74b09b946b666ad2f305c,False
2070e963a81247f19af7a4c79cc50e36,False
3661b762105a4df5b29d2411dca307e6,False
29f052da6eb7489e9ceeb9b97454f2d7,False
936a122f913946bf9837c18b8696ff4e,False
4bf3ccfc9aef4594bbc6aa918fe11429,False
fa64cc2d23a44b8dad669ec2385d4aec,False
4657c4c3c0624d0da8e33cde46534c84,False
b623a0d8c89f424b878565488edff056,False
673c2fe02b7149d5b04602995527e126,True
d8329d3d9c4e43fe8a77847f02046675,False
8135811d429b49768570542e3ce94800,True
ff5b8423643240d8a85c398918598c1f,False
6c5c53c6ba424cceac82b5942c0610c4,False
0817f02344a04b3ab518d1b0e3e45b05,False
c7978573a8bc4732965bea77696c73e8,True
d1e9599730344ed9b54b1fdf923bf166,True
51f4deb3a66944c398786459c1312ded,False
8fa4c396859e4b57a20a29b83557e975,False
82dcc79f0fce42b1889f56ccccfe2a2f,False
934176a49c39407bb0b91a8fc0c21d47,False
8e2ad549cbcc44329c068cd19739c7c4,True
efca2be985d34a82a2b64547b784dda7,False
90c45ad786ad48e8844e39e2abd020bc,False
6595666f054543e9aa5bf753d6b221ef,False
d2e63564dc4841bd89d8b4e77d4d2e14,False
07be4339a9464570b572913cce2a8f95,False
397788667b85411aac0fac1a920791bc,False
bad2abc90a29460c8ee5c7dee48e3804,False
ee54d962403e4616b6fc592deeb2c582,False
213645a45d434b25a08d2572425913af,False
cd0f4534350a4a59b380148b66b6f457,False
4d3917a858794915a5c77595d62b66d4,True
f02995bd756148dbb691180dc6649718,False
6af52df1d9c6459e96986266f07e13a1,True
e33f9a2b3ab345e0ae1cd1d42df08a4c,False
4eb258fb74504c699010909b805b1d92,False
f54eef63283848e6864a07b641cd8524,False
a6754c97b73c4f35ba254463744911d9,False
9b7fd46b8df24bdf80653ee68661f80c,False
641739410f09463c8d70a5c640174b72,False
7be4b3c33b03422d838c1113b3093680,False
60088a7cda7c4d9a8f67d7e054ffdc95,False
33c4deecd2014e9980353fa136de4f44,False
eeb8c351e8c2494fbc404974c9d09cb5,False
11d3ad8b81434ba0974a6c9507b41d91,False
89c8f061a1c449c3804003163d69eb81,False
e634056c94044170809591e6d7785553,False
f93cf93b02ed4000b2ed86ad2d0025f6,False
4c005ff647b74e2f909695f71d6a99c5,False
16b16b066b734a079d1b17ee60dea30d,False
7d872114b7d643a989461ccbfbba4bf9,True
e8f91271c52043868394e056cc8331ff,False
bdd2867fbed944598b468dbf011b5c43,False
7e36addac97d46a2ba7881405e1fc29c,False
be84a5c97dca4c4da547f82e94ded57b,False
23e1b1d32fb64bd9854650b24cd804c4,False
08d52c42eb6c4e4195d58057f00dffee,True
4ee0a5e9b9f543f3b237baf287269617,False
4d82bdbafea84d8880e0569f6e87660a,False
33773dc05e0c491a8cbdbc28b69b3c53,False
733e52c8ac5747abb95587383bcf2b7b,False
f06e9cb8c71e4cf5961c951877a452dc,False
e3cebdbe4a4d4947956f4d614efcd4bd,False
ab8d7cd2e2cd456a82af1f757dd9b3c3,False
8632a2fe2ff34b4aa3d8c0fda1767f7b,False
b5fa0989bade4a8b89735487d6a6b4c7,False
9d3da7834f7f42fca32e90e956c8971f,True
fabc966b7fe24d75aedfd85721dadd53,False
48fddfd20ede408c9f59cf49bdeb8314,False
1e782caf59ea4b90a45f59b54065df43,False
f5872cf7da7d4f0b97a5dbdaea382f21,False
cd08a3f9717547709bdae444b16316d4,False
2564c5b9e35343a59af749c262750b18,True
53a72ccf778f4c73a8c8d087a5c0e890,True
4d4c83f3623c4ba8af8bf60d77d8fbdc,False
558cc9111b85405d8cd1cbde80d1f022,False
c8b69c6b61574716b37034dcbd37351a,False
67cfe109c64c497da12bc8345f52f440,False
92c6dbad34244fc9a394ec87fbc690dc,False
2d33cdfc6b724e3cb19c9e385eaf3a9e,False
453c2dcf95274731b9c5926c03bbd734,False
aa1ee09a42394c6496fbbdade6b95d18,False
22598398f206458886570242178e9217,True
ffbac459ba704fe184e2ce39870bee02,False
b0cfce90996349a8bd7d056909d92c4c,False
fe1fcd26af784c4b8f783d5e6c788916,False
7ad97042cfd441fc80b780cc08c65f4d,False
048e66bb6f9f4c619e104dd8804e1856,False
aa5be609fbd64b6f97439d76a167bf25,False
dd5dcd7c7e544dd48a542fce6309d2f9,False
51d84e0e7bea4ad19de03300ac6775fa,False
19bb9b38b65543c1bf0d1b1cba4fe300,False
bcc2d41b578d4d1396fb409a39dae445,False
01b7e67fb10a4c27813c72bbed2f1312,False
1bacbcd005e748108ce1940116dd1206,True
bc6cb4215e014b90858d01fcb6027629,False
e9198fce71a0415ea0c5eb02f24b9294,False
5e15dfb876944a1887be0213238589f5,False
ae88bca90b1a432dbe010269ce9af0f4,False
8abdbbda1f6c425e933ad607d25290af,False
b074de4df10b4900ad07774daebb47f2,False
a946bd98114a41af800f4987f9f47bff,False
078e02695bc44a70be48d49f96a5d19c,True
a2b2f770ea3148d38fde244872209e25,False
c418d51ff9e44ab3964fd85ea85e926c,False
687a9d843e8048b7820c4d58ce689d5f,True
d9f4712c4d444d35b4dceebdd3c7829b,True
452eee54588c4fda9c1c0135b5dcddf1,True
2541fe74e13144edaec0977821492595,False
2d9121b96867476a9b55c89d7e12c63f,True
59fbed72be2647eaac9c88e1cf435602,False
fa772393298e4efa89c2fc5771a9751a,False
32f519ded0454e8fb78d35d0f1f1dd3c,False
4c4ad27ca9684eb790f22b00d12abb15,False
146fa349fc05465ca168373874864297,False
3060a5ec105544069cf660c6488ddb7c,False
7d43654dad7c4753b49850135375d5d7,False
abd3aaefe47443e0915ddb76943255b2,False
8641a298943f40e5984501d2e4241e8e,False
64c16beab6714773b59bf0ae53669891,False
00ab571f2d52457882c1f3a150f23c26,False
cf774c6ef2a647348dc76377e1c4395a,False
89eccd03156b40308a4b6b60af308ec3,False
1c70b78b34d34fc39454fe56303cd9af,False
8466d6071ba44519a41471ed7ef8530f,False
10dcddada46940d4b52e0781e45572a3,False
5095557a57c34d2d93251115b0d1d632,False
be4dcbe08f2141409e0d8965239d73be,False
c651904cdd3c4883a67e8444fa6b5138,False
3084f187223348f7b43f0d0955e21a15,True
1170e03ee30340b3a3a7cdecf4be56bd,False
aff524ae2de74abe9e180e3c1c6bef67,False
f7712f4757004910b7702eec33d3682b,False
4afea1d9cc0144728afbe942bc765e4d,False
b5877ec75ba4451f90a981126c67e575,False
78612f57e5b942f8bbaf2541a8a0a01b,False
6d5c76a03cda4c81b1391c61aa6c19bb,False
1feae71b918546469ccf9435bf637760,False
9ce23a396ed14fa59bf40f8b95188038,False
4dde06eca8d3477a927b49e0ca0cbff8,False
0eb88fae5878422eb26943e87f2fb9c6,False
9ee959e7e9734b9d941a701a6dfb4e71,True
411e5a9837e64a068f6f50f0eca39a75,False
cb5917c4bc0142388927a6bca4a8521d,False
ebc9a329380441debf97fed7215d6ed6,False
aefd124f849449118f738c5569429ed8,False
b1d90d89bb1d462784ced9585f2e7554,True
63ba0de8b4c24e8eb39a0db8c979f311,False
2fc6ed8963f84c5c89cd5d4841179804,False
940978fe4e96495ca726dbb80c04e026,False
db06033ace094c6dbf0bfc1cae185f83,True
eef220243e2b4250bc825bf42689f48d,False
3219700655dd4748a55d62dc346f8651,False
97caa5dfc76b4a40ad06a3201d2daa6a,False
a34cbbf35e7f41d3ab79fdd514219b61,False
0a53a3fd52084a34a30da52090d4b09f,False
f2ebd2ea30714fa0891a5c054f7f5f23,False
bfbb1f1aa38845d9a59196405c0345a8,False
e5d9979e08004f39a28aa47458f49cd2,False
b02ab1d45d1f4003b1a793a9b26025f4,True
cb106da24e454a99ba545bc7a8097e1c,False
8af9753edf8e4f90a85fd4081e369bc7,True
f2e9a2ab2a474ea9a491b08e7f123317,True
2eab4a05c69a46eba039527f8e610160,False
2e351e2817494cbcb8fcdcbcc4c448d5,False
f1bf8b04dc8f4b818447232a0d26d6b3,True
2cac9bf92ab2495094a63691d5fa75e1,False
0843bb8248754caea6045bded8b929e8,True
99066e7d233849a4a1461fbebcef08d8,False
e3fadc4f20bf4f2893b7abc922378a19,False
3f8d8fe9ce4c43969e1d7a41c77004bb,True
379ca7a91fc44689bf29971abbd4ff41,False
f8ba97a6429c4905943a6483ebdec7da,False
2abe220ccd6443c6b726d2073e00e983,False
3fbc7910ed0d45a59419377cfb7ebc00,False
dd34c7f4330745eb87eb62fb172d24c6,False
7b157201e3214edf9843f19635278d29,False
e121875492894ed69b26d2cc1756431b,False
8118c3fe4d674fda8c411c3af3bbcfcd,False
316694cf90a744b0b114e8c71377359b,False
45e112ff28c448d294a324c6a6607945,False
fbdeb48e6d7d4353ad8a70da97fa870f,False
8d6f04453e4d4803b1b272680262908f,True
915c6652f97446c087e890cd08099305,False
4d773529c93642f39be14d4fcf5920ea,False
833e7d1b21f5489ea92ee352e7f013c2,False
5ac29b87f29243d89ebdae0da89673a5,False
0ada69e834c44ca5aa10779d3ed1df9a,False
cba7c536c96c4a8090ec064adc8eca86,False
89cec868a36040818b6d6390bf4092da,False
5d7639fef0454f09aec67e40372e910c,False
f815776f01644d9ea3ae0e6cd47f69bb,True
d3bfe5a35d2546438fbbe45dc07727ea,False
ab08cfdd0ca9451baa76115808947063,False
f97b043c38ac4c59aab28155ce339c3f,False
6e6507e50fbd490aba7841aa2e73c083,False
31ddb60ce4b24a0ca6a0b9e80803b237,False
7f0ae49152884ecbb091df105616cb80,False
5e7fbcb401b945529df47649e010ec0e,False
f9fd9c067a00461a873bc4f035cbd452,True
3a392c59a6df44c8b0d09f55676c9122,False
f98bcb098b714b8f93bf862d8cf11644,False
2bf2fc482a1f46d08d10b477c26fe3dd,False
61799886a4f14093991ae4fc189cb4b4,True
bc5c0c5be6034bd1aeecd504688c68f8,True
1525872adaa4482eb203c7cc669e6c11,False
656d984a83fa464082cd3ab2349b93c2,True
133aae6fb3b44dfaa37d856faffcfba8,False
9802403527d842f080b5623cf5c5f951,True
3a00086a9ed8434c806b52a247d96f24,False
5e3314ef071a4c1f9fd9a2fc20f5efca,False
7709a15d39de44918d9e6ccc5ced9ccd,True
6f1499ff439043e29d40b4df30aae4af,False
0dab431b780541ff8123ba4051ae8b90,False
217a81e921d84d59ba7430fb04ec77be,True
80a90d5ae03a49ea8e4c6af3f7c775b5,False
c08f5c4aa8de45c288e43729bb499f43,False
f93dee155e164ed5b6ed8355e9bc3e35,False
ee13cf2e6a7147f9b162a4ec29097917,False
2204dd0cf1da460c9b2cdae07303a64b,False
4d7fae66a2894fc9b380fee2b161d439,False
bd81caf1303e4ba48285d31ae7801e70,True
df4c0f702e75484e93823f1e52f02ba2,False
88f4cc827b3e4548861bf24742eb6882,False
e4474f3e4d82419186e5da74d7673016,False
bdab461a5fbf4b22a62aff2891bfd9ad,False
ff3356da549449acb61c9730848a1c9d,False
0e48fe44e6324b3e9110636025de9f1a,True
586c92a4f0a44eb39fe955cf65389a2a,False
7c475ba57c524845a5757ec16357f1a9,False
4cb49650407141ec8a99d5487e2061c3,False
d5f4c9ed22134f849606b03415c61471,False
518c4daa1c0b4514880bf60f84e7ab2f,True
f918a58572a84425b140c5162016a51c,False
13e9f3a27d4f4e14a79838f542d7bdd8,False
d8172277350c4315bd270bf78060ea8d,False
0bc3020870634acfa58543db4389d4b8,False
be89b1df2d51482c97f922081a90b892,False
25a9d90e98e24e11b87b177717d7f2f0,False
37b3c3d0304a46679a5ed58331101aac,False
1ed1f28c6740438584dbb61b01898119,False
9eb277eacea9440fb5dd16976d00bdcf,False
242c44e9ea09434bab7a404be630d76d,True
e2329c2ae4ad47cd8a2a4f4f2ad1ee01,False
c00041374a7f477d86692fcc5af5a750,False
5c84bed3fa8c47a4a280a900b1174b9a,False
3cd692fe14704b738f2c47c17b2e91ff,False
d9066e98e02344ddb3c57e84983cd956,True
e1a9f6bbef63445190c0c60abf2087ae,False
206480e7b8364185bc769d4ef6873a2f,False
801e92335b96424887796bb47310f92f,False
24e08119c4cf4e05b887d6de1a283a03,False
92977c442de14d09bb6cac0544573c4c,False
f89626f942c74a84b6fcdc40fd4bc764,False
725d6de692ce40b7a8afc73d199e1e24,False
45e0ebbcc6bb44c7ac9962181116ea1c,False
1fcbab8967af455287a8b1c4519cd2d1,False
3b9988df830844e38afbbf8bd97abad0,False
526c1e2bb6a14501bca65b428fcaf35f,False
c6c94758540b41e4bb96ce5e1cf68509,True
0e34d2d14df84f97bee1a20b21877d8a,False
d584c0c23e82411c83c8f8eeeb69e7fa,False
76b24cf925ed4d8da57088d9d0a8dad5,False
db3175c831484b4f8655be91a800bcbc,False
395a197f94b34a18900e730333bcfc9b,False
46d9c45dd9434abf88dbfc6ea8261a61,False
2bcfdf449f784987aaee91079aa44b1f,False
a3634097e03a487b85d691cfcc59651e,True
b5054ec29bf04230b2254356ab441dda,False
4e752c3c97dc4ad2b035b606cb4c1708,True
810a39ddf53b4fe9a96cee2db2bfa71c,False
e585f16bdfe74f21938b361956becfa0,False
6e36695cc58d439b8bebd0fc1e51aaaa,False
62c582e3f01b4994ae1031ca8088b942,False
748894a639cb4b9a847e1f3dcd7ea31d,False
d77eb775df37444da014a391627d0713,False
690d6379cc7a487ba0b03dff4a2afd03,False
2c0e4073e7a1490fb5c5d9292bc5fa47,False
20e89fda6b1a48d09598971567487a25,False
2d8025c9f9c74374b6b5fc335a3fed73,False
7775494fcbd44ca18905000a88b03fa9,False
48b3f9b31d6344fe8e2249289d8803eb,False
111129271a784d2e9f5363775d6521b7,False
9d3430fe365847b6bff0f682f5f5533a,True
c506422936154d78a3bba364392c0a91,False
f0a7592e238d4e6e8f588368cbf383ee,False
ff42c50c19954e068330c9dd2f8a0dc6,True
bd633832d9534a66ac3850f527cc083b,False
e2473923ef504391b41dd60eeb8e3c5f,False
73ffa0a8f93b4c3cb8f07bf8dac3cd17,True
cb0a836acbb74e1fa506a46c37915c79,False
ece87b5fc1da47bd90f609cb2cab8cb1,False
d3225306682144b58ebf6f77c1b0b481,False
a1b3502ccf7b4f76a0dcb03905f68ad9,False
10c6b86a49c74eee9599879fd410650e,False
6b6d23116e8c4b6abb60726d646ded12,True
c4d6acf15d1d4cecb487a44a391c1b8f,False
9d292583afd54cf582be6659fa5b7adb,False
edf0ba900b9f43519f2966eeeb56f017,False
6cab6855b5274a89974251a596783dfb,False
a716e10e642c447c8c833e41245dc614,False
70153718c76c4ed4935be4c60b43ad87,False
b1998280fc3d4f05b3e0cb5f74926fb2,False
4778ec667686447084d238ff73e5350f,False
bd7ec12b1be64cae9ea0a0a0c95f2b91,False
3ea4b2d9f7ba45e18b79263c5121bba8,True
b34233693e8b4bcdaf13cc3a476d9f78,False
0735974650dc4adb9d84a9e5b002f6ec,False
5d6bc33bc50c4a078eeb5bab9dce78cf,False
0e121cd38f554890bde3ca821234f851,True
b15f042c82aa4939ae3323bb906b03b9,False
fc1acb9fd5f641cdbf96a9061b6e1e98,False
cb64093eb0cb4a43ad17e6d1bbd432c8,False
c4b8e6c44ea74e8a80394285cfd06336,False
1567d67ec596487cade83a5a07a89dcf,False
530946594fe2402fbec68a538f29e64e,False
2e8c36071c6240de82c30a8d1bb22d37,True
b8f8790e8cd949a081d4242d490052fb,False
99c85469f0b941a7998030bef4d57269,False
e95bea0a38fc484fa06eb1021246b903,False
7543535673484bca94e7cb8ffc254d80,False
98caef7032864697afed9ea1bc9c56ab,False
2e037fe27b7942e890be43bf01077875,False
e8af9afa2cc04abbb6588d37818bfcec,False
0a36538e417440d4b8084f894c3099c3,False
aae4cfdc1bec41c6a513fede39e0cd53,False
c0e462e963874afcbcd591fece70cf96,False
f6a3132e352a4cb2a7f4c2d12e035738,False
8099b91b13c649b697d453808326cced,False
8a1fe6e14bb546ba900de1b74e6da53f,False
451e5a04c1d941b7b58a57cde75328ed,False
087ee221501749139880b2c5b4a3330e,False
fb02766c141240c3869c65d3ab9bc659,False
a931b89c80da42b1bd76d1aec85b715a,False
9a73fec90e4d4e239db84280efcd82a4,False
61dee43fe08247758a50dd6a42c0016c,False
8c653396e4a24a9bbaedb2dd7299d908,True
0e51b00c074c4994a38348a7c69e0255,False
af9c6b9af5aa4110a022dcbc5d583281,True
5c0f50620d614851bada38229a66ba43,False
37dae2d80483498b9a2565b8d53d2787,False
9b5fec0076314a7bb79fc0757bfbff4e,False
d5490120666946d0bd32b538e81436ce,False
22a2e013a8fb4cb595266b8e932719e2,False
65cc3a3dee16479397702c28a593acc9,True
bba6dbe30dae457c8c130ac7d1c4b897,False
57aa56996ffc4eb99c2fb79252a5ecb2,False
4132d826d3f34529afeae703a8aab963,False
26aa85b1ecbc470496a93278039c050a,False
89d4464f01a140bc8d39a346f21b306c,False
5a77a5dc97304e8d88f64bb59cdd4ff7,False
0ffde9924aac4632a55dea6931b7d63a,False
ac4f246401934cdbabccb7b85a762492,False
fe30e34697b04101b8abb1fec487c3d4,False
07df1fc111d748f3914f9773383d6d0c,True
322715d3b1c6427ea7bb0099dcf426cc,False
73c3e1b2c9e24b68b390909950f01199,False
c0e7d252308b4127a8cc9f63fea90260,False
a1fd0eb158494b498bf389a6d9443193,False
2bb8060b22444772924ab7fcaf1f7b5f,False
95bbd5a8c4054260ae4f0fd877a48acc,False
cd7e10d84c9e4d888e8186beef56bef6,False
9c747763d35e4e4fb3bad080108f8e62,False
d31fe06228e848d9b3d8f7af53462e5c,False
02c85c1480a140f4af87987f842fea31,False
557c4c3acc8641ba92ec16f1fc176983,False
f72bdfc17c4d40eb8853c8cdcf3cf839,True
d5721af1b52448a687923443c14ce295,False
6473caed2c1b4b89859dedaee364ff70,False
44197255430947d389581ba2420e41d1,False
4cf78d9861f04f8589933cefe9a2b45b,True
323a9774e6284536af95a441de0d8f2d,True
7c5fce2bba1d4097ae85b92930091296,False
028da62230b94ad69c1df232eafa15b2,False
0ae87fc0855f4c8e966bc35823be248f,False
a9a6243a3d384ba4902dc0d2e5d70734,False
472acddfce1849d182292c4140a1f280,False
1f4096f4573b4af297ac3ec4b240d359,False
605f3e4fe93641a5a2ef4b5789a73122,True
892c500f19e84043ae7635362359dd8e,False
630165cf1e474c069289af89756a6b97,False
a218741bc55742b48f19a907031cb4b6,False
db2ee881c0544510906fa8ce3f51c5bb,False
86974c39e2244964a86650d25439b4c9,False
8043aa885e2a49b5befc2568abbd7808,False
53e6a419f6ab4436b19da030ddb607f6,False
efd760f2a8c14a05a662d371a1c536e8,False
62d2121b02b04d64b770c14bdbcc021d,False
735835aacffc478db6e6389c410c974d,False
bdd278507321435cba022692e55f9bd4,False
ede8589f074f45bd8aaf8ab4d665250c,False
a971921b7c044f349da80ecae02e767f,False
03b302fb908148bda96603161a5e227e,False
025119b6285b4bf393e9e1bca955a7a6,False
734dc6a1d4c54ab99e49117eefa3f695,False
d24d842bfa8a41dbb14d070ae97e04c5,False
0f3019a214df4634a3cb25ddc54ff14a,False
bbed35cdf0f148219af215b12c1c74ee,False
0d69d853dde34994a67c1c48b1547c5a,True
7180b8af4b2a4a92a79f5ff12379ce53,False
7c5bf146bf994085ba5697c154743c75,True
697c9e228879489394bd14e1b21606bc,False
61fbfc3f109b4996a4a73e48bc22d8d2,False
60ebcc70f5d5422790a3fe40ae11f3df,False
4eb3b4d3d7ea4308837c7e85e113c771,False
d3403455821a4863aba4523ce8a450a0,False
5d8b25f6026146549c4dac9b2814df79,False
201127f0a4604eed831f4766c6831fe9,False
9744650c45f2489d94c1cc319f7dd7e9,False
b4778aa6592340f6b0e3b865325a762b,False
626c0a0276764a1f9b217b497be7be68,False
a415aae130194999ade208d9a2f64838,True
dabd5fcb20694358ad0b167979047a31,False
09ec868147a54603930aecd9b27cd39d,False
9f774607738f4511ae5fb26737325b7e,False
3543691415c64fe9a87c9bf61e24fc63,False
3ed39219f1c846f0a22ddadcd5d8d2d1,False
52272406a4e64689ae77b8a36672af06,True
0fefc3d06a87479b861335fb24d127a7,True
568d8c36457849ffb584278ed0d3172a,False
edfa8e749ffd4c52916cff30095ebbf4,False
5c22aea82a754203bd72436c204acdd7,True
c040a4a89f9848ed932d2420d70f20e7,False
57b2b47070d04c2eb4adfe4bab123b2c,True
42ea98ba6152451d8d51fc863f1686a4,False
972e391ba1f54ea5a693bd01c1e104b5,False
83abec1b3a3d4c3b95893f6133806e86,False
c85b40f1afee4bb8b977bec62754fb0c,False
eb566b1b7fb3492eb6a8d05440f512ff,True
b734e44baf314f34b285147008566ce1,False
8f3e71f0e24c496f9e2574e740b7d541,False
79f87f10989640de9351ad699d228ec1,False
86c95960f14947ecbc7c835230e7508f,False
2ea49f64bc204fb8aca28c9f43392907,True
34675705454048c0b411a73627140895,True
0b41abb66cad44e9b259d34e0ce37c7e,False
305ccc0e39cc4dad8a6f0115d3fb1688,False
4f32eafc0f4e4a21a2f2940b35541e93,True
307934f991b04317a991f40bf0cdc7a0,False
756daaf9ee86421cb0a86d31f3e157a4,False
0a94e19e291a456697b8cc2c2931d75b,False
746ddad28e2c4568a780a822d061fea7,False
aac36a2f1c8e428084918c87e9edb448,True
0c28d659e5ef443dbd2296a1b3b0aad4,False
95db6795857c4660ad3121af14ad1371,False
19e2f04f924e4481aeb9950bcf84f9da,False
80adfdf942a24d9d9827b6604a03b592,False
49b6a062476743f7a9ab14723078d174,False
4f1ade88f0244498acd8c50b45777cf3,False
4d6631c11c4449ec9fdcb378eacb028e,True
09581e00344045c58028f05ee435d969,False
05a24bb0afc44e0d811b54f85ed6617d,True
39c5050dd875449e9605981dadd3b3d8,False
b226007a9e3d4c6cad076212a4292bf9,False
12c29dcf02a04fefb4ea94d8f32dac0b,False
39f27030a3664060a2a408af756c6a9d,False
fbc0ccfd5d0544e1aac8d353787c6340,False
233057f78603466c84a797ec7e72da63,True
578192179ed24cc3a5e29468dd948bf1,False
0c62db47855848dc88b2be2ebdde32e5,False
0266d9a56306414d95ec94ec576adf58,False
be665ec245b64c4da645db3a0eaec9d2,False
dddecff7d9914894ae1026949fb91e70,False
cec76936b72f4af6add490cb418df20b,False
dbc6e24390f946159115b9bbf4eb57a3,False
bea2de679e4f4123a857fe8138196b30,False
a99fdf7bc4714496ac7618f272fe5d69,False
36e2645338f641d3bbb9a8ffefa32796,False
22f9cf6a243e4fd6bb0dc8b8657a8f0b,False
c19c919ca9f442d1ab26dc85cb35c66a,False
d4021e94ee8f4e65ae4ef70cd4b44308,False
fc3fbb8d565b487e84229bdcbde7b7cc,False
05a71492f978475c80101167e427268a,False
0f8b91e5106b431c8d2028fc47530744,True
fd5fe8e35c8642b58a479110b78c609a,False
fd950149912a479c90eea4caaefce3c6,False
6adf88ab006e438f98284c81512fbc7d,False
74439ed662c54bb495e66dec11f78035,False
42d4927db8824f31878558473dc6f52e,True
8ab116f045164874b25be9204b8f109f,False
039ddd9efb634ce8b41e6dbcda099c44,False
de8bb9f1567c49d3888b8dae6a1647e0,True
170d9ebcf8aa4187994a65e926b4b954,False
9b7af605db05477f87d83338b0414e2f,False
aa767ff1d5ea4f7ca47fbc6c177dfd09,False
112a79e977ff447796853f7dc50c77f1,True
0843d72c6eb04bc28857012bf4cf8989,False
1a94a01e1bb24d399da80cb5cd0d29c4,False
741f0b6d3c8b4a518a0e8c58bc4cdd49,True
df35ce1637f6472a9b9a4bc7558ca8f1,False
9bf1446b7b224f7fbdc76f45dadbea66,False
1f74f6c20dcb4aba94b376aaf098732f,False
fa56780c0d984eea8f595dcbb92ee5c3,False
f6de72c210eb4911a6aa6e532f7ce07a,False
b622de3dd7e940bfb48dd8d107b72810,False
f3704636e9824ff2924683ad7f136d54,False
6d7fb111d926416b90c1bbe9c845dbf0,False
a180f8813d864826a446f2eb505fd420,False
66e662dd7c254984849f006d992682b6,False
0cd0bddac5234f13bfaea3d37a011625,False
a271e3fd5ed7411c864e4ccce3c7f67c,False
f3b9d7be10c54d9ab767bbf5b33f931b,False
b1eceda09aef443985d2aee17488c4a0,False
f01c381bd6784c2ab3c9d6f3bfe57739,False
10a5c03c77664bee968766144de36407,False
35e0472390194232b6ba22e916c67241,True
3c22d4694bc5427381f0c10e9e1246f9,False
0b1f4e7da2af4529bd0cebbac0c80bb0,False
595289b4f7a245e9803b33b872a63a71,True
7ed82fdae4b74e2a881fdec1cb4aab42,False
7db28c03f42340f7b84b7275023ecc54,False
77ba3c7d7e0d477793ff88a31eddb986,True
5f0e60dd939d42089e3c5a84813e4874,False
c353f658b923415a952d67ef76347fdb,True
8ae867cd38284319809ff2f89dafa2dc,True
40f6983d1f0e4bf49f24b7627d3d541d,False
cdedb18b936f45dfbc2cf5fcbb712d0d,False
e31989e45ac14d84b7f041edecffb24b,False
e60302cc72564c4e98d852081dd5f8ca,False
d07cf306fd104736bf1fd56cde111117,True
71eee3d122c84fafad5a248363595d88,False
102ebb16496544c4861a685958607051,False
8b376c106aeb48eb93a386e48dcb7b08,False
a1b140c0bd67422f985e54440324e1b3,False
6469e1f14a06420c89314ddf3f6a936d,False
28ecfbf339a8418b9727d4a4fde2d3d6,True
c2e6ff2b0cf540e9a9fb8a7825c7ee1f,False
192db6466a45406cac00f89f1aaa0224,False
254de65f807f4bbe89c3d12223f83587,False
4efefab0082645e4bc495ad04f4d2216,False
a472b1cc2caf42e58236298e28208847,False
41a81990187f4773bc83810ecbd72fb2,False
7672dd168ec94e3280c26a7f278639f5,False
2455f25d451b481093315feccb7fe4f5,True
c6f753a5056542c3934316d991695a21,False
9feaae809a4a4309823be1041b9f052f,False
170127fe107d416cb50d42ddc383f2fa,True
b14d3f6d4dfc48a48babb10b40d8c13a,False
1028ffb8cea94455826865b62534875e,False
887ad8be1a09446083e0a4649824e90b,False
3ca985b6fc154ebfb0e3a5f42b307594,False
9aabb388936f4834a47352c032b08ba4,False
7cd302a164c54775af40e07e155994f6,False
409daee1f3854eb8a244467df8f01d0f,False
30fdafa2f75a44daaeab6e92fc17ee75,False
d9c9d8fdd5a9478a8d0acb73e525c642,False
37f125b88f21474da49eec046bef9253,False
1c94328ceec6485fbe63e952d2a31500,False
9a17a5b396a543e2a481ea945ee239f9,False
10a35cd0fefe470b9c4dec21ce6cce5b,False
b319ecf289724e2bb6725c9fdf1e976f,True
536380de4eab4a1fa42294b9c2b0a92f,False
8fa97430324e40a5a00213dfa80c1139,False
00938d2464664df1bf629f84db542eb5,False
4585024ee3bc40c5af018db6ff0bc9cc,False
23dd9515f2d247faa62a5a025aa349d1,False
97d586a315e74c26a4684b8da750ec64,False
f3d2fe220c62407eaac94ce89ad7c9dd,True
5fe2b2f098cf4a54a8c7d88e49efc5c9,False
d8126513dd9d4bf8a3f27fc313c75423,True
c32ef89b1a7c4c4fb2eaecf406264517,False
977a9603c019495782614036f4f1fb6f,True
dee114b0bfe54d88b9a32ffaad0a4f5b,False
e1fdf8acb4bf4bbdbf99541371c41b93,False
d8e9b4a35d994629b741794263c1b02a,True
ce5b6f10f629408690f64462597e3482,True
7360ca605a2e49b6828ce53bd4df19a6,False
c07e3d6a21f54ea58d356dbf11b7ca63,False
d51a0e4c19c34f739e42b03197122be2,False
4c57a3e29f704ae488d5cb8540f18d31,False
d70fff83b2ad450f84ec7797e9564c76,False
60d83081021142328d32aafe57cd8a5e,False
4719fc7f44824c2e92ba748180345835,False
1d8a8ecf30394415a7d0121faea85811,False
f6d4e8d38cca4569b2a56ec2dfb7662d,False
26d0c94534b545628246af494b7ae0a2,False
07d9e2e686f742de9f960053b986f7da,False
4346989eed5343d7bef7d04292cda8da,False
38b0906c91b64bafa3c9feaa6ea04d07,False
65ad69d67eb44a1aac24fd01a50b222f,True
8d3cf6413629435fb5935241b75fe16d,False
2d6985b719a84ebbb58511c925dec2ff,False
233f46f8ad9d45289b03e64bf68a3404,False
3019e54acdd049a9be094cd9dd7cd32b,False
3e1171e6dcd44c25afeb5fcb817dfe46,False
a9aa8fb0adec4414aea873b130df4b97,False
8545342ac4f14bf8b53d6fdda113c286,False
bfca4bcee274424ca4a77e5b83c7685d,True
a5c82ad612a14e91a1952799fb9588a9,False
32f66fe1ccc1457495f7bab0f5d9d544,False
3834bdab71a44cf4bb17fa465c6860ee,False
6c24bc65482741bb9b5394de9bad93ea,False
b82e64a626d24dc281fbf4ccb6ca27a3,False
4f0f1d2262574266bf50d8d491c30e2c,False
62f06fa9b81b4d7b9fd5179ccbb01933,False
0bb27d43b30349d28b43266418d7c01e,False
ed97c90ead4c4fa3b4f17d923d45213a,False
9090ba7586df47e49e489fee0ef0f19c,False
7ea98bf473794582bf2d182ab193b66d,True
0a4737ad80d7452d9b789d07304f7985,False
e2f070acbdd74098840011c6f016cd8d,False
7f8ec010c6474181bfa76e44f0891f8b,False
ffee8e49f90e4151adf92b8f95ec9310,False
7117bf6d5e3c4ea9a2242be38f197d81,False
7a7f02e8189b430d848fe8f235fa348d,True
d93a7f1c19e0486ab7e2d1e75e3daa4a,False
94e0d0590ca449a7821c09facda01de2,False
8ce12886b557486f9125e3467c058409,True
bd5c7b1b1fbc412aad09b492ddf8f642,False
5eac6fe173c449a2887f5a174e83313b,False
82529db84fa344b9b520cc8415678846,False
3bc6f646eef94a5fb15df57115e822e8,False
69e879967b804986a1e5f3be8596d6ab,False
71ce4c3453cb4c30b993632f885c71c0,False
eb084e5e14504e56965e61451fd05480,False
0d2fd67b9305484cb7ee004522963b42,False
be803b24570246e790912a07489e7491,False
75e0f2abae584085976609f0ed6acde8,False
a1e3f9dbc57443c18f73910cc036fa5c,False
edb207bbc6dd43bc951b266e2d38ae70,False
141d839e40364d1a8ab5d253c309672f,False
a515d8a939fb471d9e12abfd9167d611,False
ced7ddfea7494bcb834cf6a9026f95d7,False
c613e910905d4bbe8f698fbce941c196,True
2fdf288feae44ac2a376495d5fa22086,False
12d90a123dc34e5aa5c20db6ac1e175c,False
a3bcf6d4649f43da8b79a12956b26f59,False
09dbb7a3b2eb4443aa14b35267409878,False
a7c7eb44dfa2447186e0c7afeebcd997,False
4f5cdda7fa724b9dbede40371ea306e0,True
f00ae079b42b4010bd676f8f0da2c4aa,False
52cf204680c84d418c1be81aff208a59,False
2264c8a4868744519030a3aa679c39b5,False
40fe05d9b7be421296149eb600a42a35,False
0cfc5119c04e44df91e01169fdd0b73c,False
aec758838da64f15987271339bf72909,False
ceb4e7554d104b38a5526d7f9076604f,False
0f2692830d064987a956b10417cd1d11,False
0a2a9972c20d4eafbcd92b8b8ce2e678,False
0c6df07d92154255b698e8abdc4d8014,False
0752d6f03d3c4d1d9018d1c849d768b8,False
7270c0596eb44ad29304d709bc426d84,False
3c8fd412fb6947e2b9231a8a180e0865,False
d4ac80f696b548819023455efd764607,False
32fcf76dac86489e8f46b871d6cee9e2,False
cbd96b5f97b24a7f845595dcb17c6d6e,False
46229961497246a08be68563c0db0209,False
8628bbc34d3b4911b95d4a91d7ea6387,True
f78114c929d74f5c85d8790af9885025,False
3c67b558b0bb4a52b427f75d0bb7c257,False
4740428525544b37a2bcb64141e1fbbe,False
6fccfb183e084a41ab4259952531d906,False
54be8d25dceb4df7994996691b93fb83,False
a74bb1d52fec42df895d6f42b5f2bfcf,True
a1581b7013294689a7252cd9ba4bffcb,False
d6b5ba7d0da64561a7516d3374a80a19,False
a7276438809f4ae0a4566f705df965d1,False
9d8b3e53e3b34f55a4b7b52a6f7d9fc5,False
18d10da83adf495cabbae3047c886ac8,True
fd0157010b1c439a8f9d3d68b3c5f015,False
cb4021e390194a60973254946a1c0321,False
d4abc8980ed74ca9be2d8eda1eeeca77,True
f7728ac91bd041b686f8a007d8ee4a65,False
bffa33b41ff7468095c5eafec773fcc0,True
b739951842804d079b62bc709358cc0d,False
3a752565eb62491489ee4e9c579dda85,True
41e9aab013e04ff0bebf19dfd1cc240d,False
d3b556b993a54e35a32e5739eb471ffd,True
a1ada848ad1744cf8641a6c9ff13ef37,False
e2101825930d4021b6aafc8f5b124036,True
0a20f748a4244e7d8208378d9eab416a,False
244b99e46ea94e5b9bb2ff1188e24174,False
7111dca6f6b44da7b9623721a228633e,False
284a366d0fb5437eb91924e1c3e3f907,False
e1ce91d3210745d98cd6c19e3bf11abf,False
4df65d8fbd9f406ead91881e1360094b,False
52268437e02b4ae38b3f045c5ce450f1,False
3b492debbadd499091d43ad5aff35cda,False
725fbba959264e9e969705a625bca25c,False
a3e7d4d37ef849369620578fb54c3fb7,False
47d508ba81a84e67a034759b9165f579,False
e25ba2af314e48dba44a8e2f7480b9d6,False
bbd5caf3c20448679ff42af57452e0ae,False
3dde0ed9a93f4f0d8e474a911a113367,False
14691e6eb1ae47e98a0a74956906a231,False
61fee6cce74e424eb5e158d9955a8a77,False
541ccc6957fd4b9a9cd9be26678e8624,False
86f1d699729e4614accabf8fd38f5196,False
17521d3eb33f498a999f9bbb0db3f535,False
0fe9b275b79b44c2a9f0b798dc68d4d7,False
3badd84b74f94252836e7cabdf2dbb5f,True
e1e599d7a6584d98ae478491cd3d5af5,False
46f2061bc16d4063857fe408d2b917ed,False
129e07f5f04c428b8ea5222488118adc,False
5b0b62834f0043e5807d6af01435d890,False
cf7cfe9c825f4315a7af39113923a595,False
e2a69e6b8b8844e8a62cdb3465506304,False
3533e12ea4c942df9bafb4ae3b4bede4,False
de92ed3b1b6044e480ff51bfbde1b1c4,True
6d2a80104927427a8e12dc3f0dc79a61,False
8c0dc657daa54d4f924abb292f68c826,False
b109d1a799f84620a4ef870af7ea667d,False
37d1f18d7de244cbb37469ffcbbe4388,False
ee062a4b3f2640c792a7937d3df2ddcc,False
7ba646bf670c46788f0db813c3fa93e4,True
000950daf8d84ec3b1a46b66489c9461,False
eeadb45c067746b6a726ce7d4d5e7c3b,True
578425c97e014544816d6a877640e39b,False
c31f96316fe948df920190bee292f734,False
a8763097912542febbdc09c2ad0e89c2,False
0e150f3a9b374f358fb89da6050bfda6,False
9b22a7ecb0494d4598aad6680b01a6f2,False
33c95ecbf21a4b5abef1967f70b97837,False
b03deaa066eb4eb5b34a483f140f96da,False
8e855cc505574385a29dbf4a4c07cc62,True
e550ab99005b4ae7bc79b9cd5f34902c,False
17918df3aabb4c6f92f30350e526f200,True
8f0b7bc0dbdb48b982293b11cb15605c,False
2ac88a11196a43a4a171d17441cf1f54,True
00a06eb93cf64066aab2a1d0f4cdc78c,False
2bf5cc926f2b4872b5e168dc2d227357,False
e3de7a8b7ddb4717ab74d9d2da8da203,False
a87422e9618147e69335385458a11cb8,False
ec21928344fb4a1e92e7f1501094fcbe,False
c80db722b10247c68358851e9a20e5c2,False
e3e841b005d940008e032337f21e324b,False
e542f6c46fa24aca9c9d81a7010d7f2c,False
fcd5ecc35332462cafae8a2d97a7741c,True
1bb16a6d9a964fe39c6e4b48904ee177,False
ebdd20da921e49f1bab9d1ce18293b8b,True
05cb07c1596c4808a9e30ff2e6bdab12,False
b521003b9c104677b150b0f732362856,True
0a2a1ef470724c52b1d6d1f34bb605a1,True
3f6ac567e22a406a8434681b442ca3cb,True
a47645a5b7eb493a9a9fcf4ad37cf5c2,False
31b806ae15a445a2990c053e06d3b06c,True
f50ce04dbf3241b8a4d66d4975573ce9,True
4aaff5803ae445849c6d46b61a208dd0,False
da89971267ce45109f2150ca7ca91eaf,False
e555c633586141888894d6460030830d,False
2685a639631f4fa898d1072f2d83d604,True
36aa15e2f9cb4f54b023effab4bfb38c,False
8001affd63584eec8cd3fe91f4c016fc,False
f1847bf2123848fe99e64e6e5acd5e06,False
61aac16608444986a664132be21c8ed9,False
ec61520e8ea54f17b7cf1fe75ad067f6,False
5f11fa6b5dee4826b80ef11e9b1c99fc,False
ee7cb499bf7a4b55977e9eedf08f1aca,True
0e8bf0db165d4182ac2f5cac5cd8ff03,True
ae4f0782bc4644b180da197388f7aefa,True
8753a17ef8b64b7f91d02f302f364451,False
868038fc2a8d4c16bac682332ae1d0b6,False
d8abd14dfab04ab1a25f46c89fef160b,False
e45fdb291c58492888b17e8fbc0d4237,False
3dbda032782c4f48828912c603bc4efb,False
1febe0c118964ca7a1442387b450c18b,True
a3c6c4df9be04be9832fc3f3fbf94cf6,False
a9c055e6b8a84308a930b673aaf45389,False
ee8cfa59b9f44caab5f8af1077f17ca2,False
873536ba4b484b9bbcf4f6cb955438c2,False
366df4f1bab04b06b191e90a14fe5b06,False
03ce404c0faa4547963a2d37ba96b805,True
4c0ff0bab7674cd4a26cedcbe5416ad0,True
faacd4c43d444de598db9c04f19886be,False
68d392cdb37e4861b71052985f4632c6,False
3f132ae233e9441581e6992bc61925d0,False
fe2aa889b8fb4965a5dcddaac0d09685,False
3178e0ddef4044aeb6290e1fec890417,False
232bb90b23784c47a59d00bf6f014754,False
54d3bc3cf6a44f46b2a3f9f740093f32,False
5e6a38fccaea456aa9bc23284aaebe7b,False
81b7e07f6acc4e88b48be40105d0b2a4,False
243efc387c684023a2ac6f5eede292fa,False
93ac8be3bae642389618b2285c5fc1a8,False
0133105876324fdd831e3b5dfc9f0e74,False
2e241e222c0a4b329a5c76aa9a65c987,False
0d705bb01a1a4ed287b9b4743d30a6fb,True
1db2c75c55b74b9ea9678b1281579d79,False
a8b7917c93ab466485f4dcb6a44d8a6c,False
6a4d587f8e8a4518bdc142d7bd3cdcaf,False
27a06e6826c54183abaac97facd76ba1,False
353706d5891e455280e9274b416571bd,True
97f5e85336b64f81b7a1f260de8d48f4,True
f098af7ff999464f97dd3f495d815752,False
3ad7e4c0be154fa1a85958cdfc3c8a21,True
067fda96c7d24a16a9c0aa361b6baf65,False
0cc97b41d99e49df94f1499646d6b2f6,False
393bf7cca7314d4a9e87fe279f3a96c1,False
6f82b23bc34e426bac175c3824caf4a5,False
04d6d4d72eb64da6b1bd4fff0e702245,True
1678538c4a254a248e9a7dd81c4d701f,False
c42d48031f794578a70faf5abb7aa830,False
4612066949eb4712a4bebd341d5280af,False
6b5e01a362294dd1afcdfc1a8dad1fe3,False
43851ff5ba834954b85282041e806885,False
6fec29743188418c9b746e5485ff70d5,False
7a6c09ee99fa42969bb76101787d0657,False
63565774dfd34216aaaf286f5b355f5b,False
468a7694e1884b769dc011d09495d764,False
a95094718ad84b0abda031c86fc869c3,False
4069991f6e6547af9c195aca4df4eee5,True
9359a422494b426fb10f0a60c93ac350,False
957e2af339c2436aaec43a461088aa71,False
5fa59a52121145858441ecb802c0b97d,False
d249795331734d998a597f30f06981fd,False
1af583c0bd1649c98d31ef1e80baa445,True
b8e772773aa4473ab216f504c8afefa4,False
c536c2bce0214f92889d268065ce524e,False
cedcafc4f74c47ed9d67550c4b333eca,True
81f9ad3aca144527ae6db301264a5785,False
17dbd6f41b6d41e0bff8f9236a52ae0e,False
6e667383c0414100bce38b5e4b4c2d3b,True
e4537b9419dc49b5874fe24e4f7b443e,True
3c0f249fc6cd43feac7c63672f4cbafa,False
ec813eb843c54f0a9f2b0f3d57945049,True
cdd17cc14ef94aed881c59bdb943487a,False
ab5d57cec55d4ca5b0fa4a1aa4918bde,True
5095ba64fdd043979a5a4a3e796fd78a,False
926e0ce86d7e4a5ba40f41b94c2e0901,False
359347d5558348388200cded7f50c176,False
e7eb0231909f48999a9bbd1008125858,False
21e6e2b0660b4ebe9d0be95b3c3a2d15,False
1716a1c387ed426ea947ead610ad0fa1,False
c63985c843464fce9cd52818841720b3,False
c0258813d45e4a18b2b87f0f8db92d97,False
af43828cf8984936b983c6798d86181a,False
87dc6bd25f9c41da920f186fcce51740,False
346f8363c0f546959162b72767dd4bf0,False
1bd66776506d48f0af6dfa49f288d35d,False
dcef548140aa4dd58fd9a3e046d2e1d6,False
d7d9a4886d674a46bc777b9225f9a009,False
10fc9333755447aa94c01d2c31996443,False
0afa3edde17a491aa79a6e72a759524e,False
ca523f07f8b14ff3bdde390423603a1f,False
c286d0349d6f4c598b87dac07cb7fd60,False
44a27646b5354458a4505b00f0dc5f51,False
0f814183a16f41f8a6b23bc88355f2e8,False
33908b2e29cb4ef4b10005c7519589f5,True
bb39003cb835416f9e5ffc9ab4e1d7ca,False
dde42b62d3d9491d94426523a2be6827,False
286d32515d604c39a34c711b71d3139b,False
61e58c0c7c7141bd9585c1770e53b79b,False
733dc91420cb482ea10fdaaeb37fe62b,False
c9c82e8f03b64aa4bdbb78dcdc63e03f,False
2100d5828dd440c78e66cad3af9917cd,False
80f0d6b6f39347548d39e39a793d8027,False
229e458a3422484789df0f3ded0daca6,False
bff987eceaf3406e9b127f5ca056b702,False
14495fa94c0e4623a9cfd7fb3f19c6d9,True
ab8871c1fd1743d1adea16d7fafd6c48,False
d0d3326ba51f488584d6494112ddcf15,True
398814c624694d59ba3899abc95de2c4,True
398286d9e6b34874963d251a4a91124b,True
95ac506da1494f18b218f832f41ea4e1,False
87af0dd3d7724a68b56156565d0eb7e0,False
675c0c990d644e6db257841b5c792176,False
79dca29e9fa94c9d8ccbb100c2b02d8b,False
76654d12d83e473fb7f83a0fbd4e7c9a,False
cc56d90975af41a0b4c163e010432cf7,False
2ea0ecfd79da4fad81c31fb58adcc923,False
d85b5805919c422eaf8b90691f443391,False
17429b9f83064c79af4dd0dbb5ba1d44,False
330c9baa8939407394a06bc41024f8a2,False
edc74b95c53a4545867ecfb5a0efd9fa,True
7252d38e4ee94430981c3c685c181dc1,True
3acc13898df04249a7b2469ba986f7a4,False
9898eb448c8041cca7ae01e4b320d606,False
82ad30a5736e46919617fe8a21b5687c,False
beac9f07d6b04c53a237493ce76e7434,False
59bc1462f07847ecb1b21bfd5385976c,False
045a23ef31ca4a64a08b663dbf4fc84d,False
4fb28cf775fb4580804437df9f738420,False
5b3457c2726444ffa7beb4f83c6658cb,True
18d0d30cc3cf496d94c5132d8c9bc55c,False
61afec08aaf94138945ad600e810d055,False
934aadeb8f194745b79c4f53f028b8e6,False
64acf73781b3461bb1357de7edb5538e,False
b64df012818840799a6015b07cbc53ec,False
0a0a683952c34eb7b19baf1b351c16cf,False
28d85bbed19d4ab38bfcb95bb081778f,False
7187793446ae437e94ee95de40b00cd3,True
f5f06772989143bd9c85dae6ef07631b,False
bd081208008749f5878b12851c9af827,False
5c42979e4a154bd8933e64e71c615d47,False
2d9d16450bdb4bbaa4eee548ccff19fd,False
213793f415a8464ba4f3d0cafe4b0a59,False
8fb14167ff5a4ca09639cd0fbd0f3c5d,False
b8a9bedfabbe4226a524fd5b39673138,False
2e87b31a1b2848f8afe4051388090283,False
9c13c98de4ff43b1b45324bc7a748792,False
e0508e684ddd47dd85cb178e6c40b6d4,False
31a50941088946b5ba758dd74efa9e81,False
e6785ed02b0b4cc9a035344a3ad49a5e,False
946c7e1f567f45d2886b7603704dccb0,False
f47cb00159d84a93ac0340b70e4996d6,False
2a4ca0927f7447c39d10752bf53ace37,False
46e7f95270454120819901217ea1904a,False
85f1a4b90ade4791b41cc04fdd1c2899,True
48ab9f12b21a4e6992b3586e2fcac1cd,False
c4078b57f18d401eb458d7afff40f2b8,False
d7db767d1ed44afba0b279d317b2db40,False
ab9c898a8440484b82ddddaca61fd4cb,True
e7e4d7cbd9564a6890a5d70ed89e2f0b,False
7ec413978d9144b2a8163f5fc74683be,False
c11d52d9a8634ad0b42e6fafb01090a2,False
1377704788104ab097534f93f1703659,False
f6bbad8a745e4ad0aa9de075c8b207f8,False
aaa222f4f8514079bbe4821abce6e185,False
818c6303cef44fb08a46f0014f4aeac0,False
e524c2d10d274ce0be9d029f6c255c2d,False
6e61bb9151464a509112563c0fb66e4f,False
d3222f5d43d0444486433a38c3175d04,False
61a9253528344c5984a26955f04d5388,False
937f38a539324455bd24e9b8610ff239,False
e8af7757e6d04668b6543653f72ee279,False
b550bfb752af4ca48c2846148b5c092b,False
a51f73f6ec3c4718957b750ca4b3530a,False
96a9795db4764be68a43339303f58843,False
35d7c8f0e9c048ff8b72eed15114f21b,False
295bdcdb3ef146babf024858a3d68e9c,True
0d1d8cd0fd694082946d01326e60ecd5,False
3e0ccba5c9c44f71abf22211548bfaa8,False
fa00669fd2ca4de7bdff9c79fdd1200d,True
9bb92a5ab77f464cb27d682b3317420b,True
69c5817e45344b079fec8f2f29b6efb2,False
273d021763d547e2af036c529797495d,True
8443a8f79faf402f96cc8c7fbd1dc7f8,False
de6722de8ad94453b84602a7afc8a96b,True
e324236faabe4bcbaff9ff38b25bd906,False
55ba8892f1d048b4a93866158767c93e,True
46ed8bc81a804a259d0c012354ffbb8d,False
61bb7d6a54904d569e504b38a72a567d,False
87debae02a09489c96da292b00cebcf5,False
489ef674d45f45f6ab7cde0946d32deb,False
926ab78042854eb584d35e98f30b5a68,False
e6bcc8a05c7f476db6093fd0f08e56bb,False
402bca3f5e474ebeaa8756c4fc3a43b2,False
dadf380b9f0f40d99bf644990ea2213a,False
9ef858dd11504581a7b2009483ed99f1,False
74e0bcbe9b644c248a7bbe6ce915603e,False
acbe8283d2294b61a3e0ef2d0ada5c0b,False
6a66b6769fa6485ea411c138b39321e8,True
e839feef5d39428fb7b12b5d482ce831,False
5977a005b44a4cfdb7867439b2f85e15,False
dbb977b9faac4b3ab0490f06047e211c,True
4bedb58c6e414f109b3f6a656f776797,False
4f97483a670e4865a960ff646763f982,False
e8567c269fb545f6855549e39ab46a32,False
51cc9899a3c5425abf66014b5670f8bf,False
7fd87064e0dc476b8980afef63e2dbae,False
4a5a40b70aed4d76a0ca02d91dcd328c,False
04ec4c59a75646ccb001fbbe22ad5a9c,False
cda60856b51f4cc18060683112ee663b,True
3064179351614a989edce727d6aa219d,False
5b01e7a935804b52be898bcc1e5b7439,False
15945127728a4ffdba0a7555198c2cc2,True
d04b6d90ea9b4ab6b34a619e0bcf1b8c,False
3c6fbf84acd04538b1af873b22f9edc7,False
68848c1472514814b05d7d66cb24a507,False
ac6b222726b54bb29cb5668773781838,False
2e84a8344311433d8560b97074361da4,False
fee2ce90135f46dca45c39cf1b925d40,False
5ad02eeedd7243f58c06e141aa950625,False
bfbcf1969a71440890f4d9b3f7fc3227,False
c000ded9c999426ebceccd8921571640,False
19d87132d6264d6fa30fc6c31ab5dd5b,False
1fff66e95e094f449a27e0c14829f82f,False
4c8518e536034250a954899c1b331f03,False
d86154a8da064f5e9e3ad55fbeade8ec,False
8b9f6ea2f9774bf19b7451a42dfb04aa,False
62ecd4bd7f82494991a10e55a7db93f2,False
8b4f1ee4e5d244b691f3aa5fad093121,False
f7d8fa54143a4bd3b1dc7a48748fa7a0,False
86a731813a4b4be8968f5478b5d50515,True
654c65bff89340b684821f6c603ccc55,False
59db6b6a04794beaa92b7bd6b2e69c01,False
2de6e60038bd4cbd8b396ed59c7df991,False
fea1f0d3362c4d5c8812f892b0354f9c,False
1ebd55d30de44f78b51230d146f4d4fb,False
741a1239a6354dc2a0e19b588daeb5ff,False
842ab0b7da7343569e830228b8a8fd1f,False
32a03aa6b941425cb9c0284df0ffd575,False
b7aaf129fead4d929115187a0ab7db96,False
b40bda1166174c56bc9baf92c11c1907,True
64f8ab5f4d4b4fc48d3bb2473781cf24,False
c0652664640346418eddc0336c168bc3,False
102453ba5265484da3a1094b56887039,False
7dfc749fc9ca4677a9da503fada819fc,True
58c14bc93f8a43b992124487160f678f,False
0a810cb06988486c8a4bc4d322de6ece,False
d554ee2a48654683831e681d18957848,True
f6daf6cfba37461badd5adbdbd693b99,True
fa58ebdc39d745eeb0bfd4d8ca8f89fa,False
be7335b94fd747eda2b376b040aa3fd1,False
61d19ad8d3d94ac2ba923dacdf13f040,False
45601ee487df41469d99f6a9710e5c25,False
24352dc2b74b4dd0b6b1335bedc670cb,False
e0c8363260c74cbeb197d2094cdece8b,False
9710effe65df4faeaee59cab29180e91,True
61d19854d45345519902cbea559f8e96,False
ed60b6f887d341dfb4ad33d70e088f53,True
8bebac5d35e44866ae351506192646b1,True
4fab0aaca620434c855beb249640e6b1,False
9f5b4474a4254a18bde147125151ac68,False
aa08f5f6f1b646c8814380842ed4c9a8,False
523d10565c144e1382ebdf80f9877728,False
f35dbf4ef79c47acb0cb38453e305489,False
8520af1c0ed74d4c9729ed2802f4f15a,True
b742aa2d4c8345d5aa1220bbe3517b6e,False
f2a8eff915314fee8f599aea341658c9,False
fa9f37ce6f4546de99250e0100e8ac9d,False
9782c0987ac142958566df7569e82a11,False
4b607d6cea96401cb4089d0194f5dc22,False
4a1e4b29c79b4a89bee9a02dc0b159d2,False
ca35cb26713944019e3ec953c79b29fa,True
2c087e43273145acabc9c7a289332a32,True
d9923231e8ea45ddba60c267f484cdcf,True
f249ccd4100d4ab49531775af2930d93,False
ddd3979b759e4925bce7ace173b06a99,False
9b6d244c5b6645d6a2b85d4d63f9185b,False
89ab47eb895643d5b3da2b3d9c701b43,True
a602eed8647b4a78bbaf3c2d638ece8d,False
552ffa88d29d4f42ba827d83bbb2cfb5,False
d114fb955e5e4ba68cbbac65e07128aa,True
2889b2b39498421095df01ea90a34c12,False
3ee59321ddef436e87822fcf00d9d4ad,False
7b2be150d5f54e7f9cb6385ee11b95f7,False
d2e4d72ea9b04876a3a2407f8b34b13d,False
11c7e885f9da48baaac712015bd39ee9,True
f348909006e049d38879b64b46323977,False
8baa6931ef3a404e8be50db7d336dfb1,True
4891e060318a49af87632bdfcbdf8336,False
692df7fac83c4b2ba5a8cab266eba778,True
453bdc2f413d4bbdba07f8f9303585b3,False
a98ac7faad9742c8baf7ad283b3bb6a1,False
dbfad8e3624744d6bd8b0ececf30b0a5,True
ed5fc7f7aa5a41e68924a8dc826f9841,False
ddc2eaeccc814b61b08582ec198c0034,False
9591645654734ebe91a0c10a099fd64b,False
02727b046c2d493c8347c473bdcbf785,False
f2182ef990764da49e3c0cd05153c792,False
6cc6834713494fa88d0d999c69fc218b,False
02a0d57d4f024aaa9caaad74ec8fafcf,False
fc55e94e9f5545e49470957c9725fba3,False
ecede6a3f1a3486680e7508efae44839,False
9039edcb82ff4bae88a611f116ac8bdb,True
4f1e5d033f654978a807747d587ece42,False
569c8decd1014bd3a7de60044dc84db4,False
105d3ae4a71544fbbf1a63627c597bb8,False
e8f4873b8db94661b4f965d2d52a1ce8,True
e06e92e11ac441d78802c2b498e8df48,False
5949cbba6e2a41e99a6dec314c00723e,False
a6bb839b5a65448a9005efeaed7435e9,False
a16ba0eb8f1246d09d75f45de70b7418,True
d5873c4612ae4d58baa54d8cd1ffc5fc,False
a1d45f1c977b4ae18d2ca1aa25add650,True
891325511a4442cda0cc813e7912697c,False
3cbad157d1484f0eb48fc1dbd3a4e885,False
f46418e3f890493bafb0cd8839d4f09f,False
4d99bf22fa4f4f658762ee77954f828a,True
6befc9b0181348918f73b6644749c27a,False
4cf2a7e644914892b0df6062d0ca95ff,False
db060411e4e241f492169abe83ae6e21,False
33c3c41eecc544feb04cfeb7b7674ae0,False
74b77dcf77fa43aba9ba569ed7c7402b,False
471bc37b4cda472d98369fc864bf4f6e,False
76b9664dfcc44fd5ae1c4569f0feb776,False
0437a35134c74274b0506560f5ccfe77,False
bcff9b9622d74bf290777801c945b45b,False
dc7b3787aa374790808a03a54c2a53b9,False
6d9bbc28f0144529bc13cedcb566d847,False
ed4eadc923334ac788646449a6d6556c,False
17add7bf0aca4becb9bc93a49800db46,False
cc70f00f675f45d99eb0ac2a1268eed9,False
63e56f19c20649329d29853b9af68455,True
6d72f80968704fc69ec9f8d05f6773d1,True
f4f3d71260f54c528aa0d947188c0487,False
b45025253c574434a0814565bde43115,False
a37591d3bf2e4953bffb41f2a8eadf23,False
59509e60a34f431dbdb9724a494ee77b,False
242db931226744a9bcdbbb4375dcc44d,False
dff749dea59b4c4ca9dd49a2907056fe,False
c60fd5ff14944e74ac69ff9ec9529b5e,True
2ba3714245974440be36dc7e6a2f8c70,False
270d085c0ea444a38cd3a0cbf3b107ec,False
19c355c9858c4deeb3e54b100e66bab7,False
273b1ce90f2c450499303c15b198c332,False
00000aa06f2e4a3a8f9c1a530102d33f,False
d7b5909d294043d780f74ca597383e68,False
a96e2ffe5ac849e4bf764aa5ae69a312,False
1cb8f4bf0c9f4b1b9fa06bc64690dbb8,True
147d6eba87a5425d8482e9bdd0c04151,False
3623b61a251d40f995a1bc0873a26cfd,True
2ed2f2c554184c819c1c4fb0e253c5a8,False
a91ad520a44d49e1b7280677d4bc90fe,False
a287d29989a743eebd3b91bd3668bbee,True
20be60f46ca84556b706f9c8ec3bf0da,False
2013328c8b744526ab76a73e854995c8,False
6207c1ff7ca54c4f8c43b41c37bafa9c,True
64f6359d437442229ee4da64e4410030,False
86f6791048544a9893c60caed009b137,True
5addbbc00c8347e5b189a7ba6631f1eb,True
46c83bc3c8024ef0a665824699741682,False
5db1938070214779b5bb2893a02c68b2,False
c8fc81a5bf9f4cd489ef17f3b9be3eb4,False
b78eaff1f8ca4dde957c28bdddf40b44,False
e2e822ee19434b05b2784ad144e771b4,False
0d850de937bd49af9d1ed149f7ae6f13,False
059e48957acf4d8cb80226fa6146a9e2,False
ea41ea1179b64544b83f49c92270cd43,False
da866397887a4d3f92fd7dbca8550630,True
14949bacb3ba45b3827c7ee483eb22cf,False
c801749b1a824e639e88e0c2f78a2aaf,False
7748bb2013e143cba85155def5bf6783,False
6047e9b0310a44b6a10c97998591cfdd,False
1d67d23194494b57a6a604d1903b2712,True
23c563b96e55404fa828c119800ce9a2,False
be9c5de038214d2dadd93dfe8a187723,False
fbc301b2345e44e3aa7b4ef9c2a4c6fd,False
ea048d9acf8b4896a824b112a106d74b,True
daa5e109e40c44e096b3f80945ad6ac6,False
6f69d667d9ae42ed8ad5973fd3c110d9,False
1f2fd1f3520a4ecda993600d637f8bd9,True
682aa482568847afa6eead319202c1b8,False
4bb67715c99c4106814ffa8133c30735,False
c40c434d449c4f6c895f7a59bd79005a,False
c60b3c2b9b1c478fb620a0b6c80a940c,False
fa307f3c12284ccdae66753da64c22fe,True
951997bd8dc74c9189e8b1859d4523f1,False
4f7e47e1c0f44b60826daa28ef2cd736,False
51e6795089c34a93b0fcac09094dcee6,True
5ec2b0c672d14d90ac631a4735d8db4b,True
0bd66f1b8a1b4b1298c6249477df6902,False
ec2d92b8faa044bf9149bb9e20b6f7f2,False
69ccbb4f2eb84acc836245fb18370e82,False
4e145cad6c834e5abf3c31b6a59c36cf,False
ba7901a69bff4a3ebd36ab0b893aac59,False
aee637fd77b945da846b68160990f4d0,False
04c1e202a994456c9ffa138000a6f065,True
21e60d57d99c408b9ff48e12d2de1875,False
29d61e36f1624fedaacc714507284cfb,False
130ec027280243d8a71be7721cde4b48,False
a0cb553158bb43dbbce239b5143618a4,False
b29d63551aed422da6a444e965993501,False
d934d3ae1de74edf977075c0bc354509,False
6f8adec5b5c044ed8c3b8528da1117b1,False
e6f262575ea34fa9a63e57c49f4dc1a7,False
2fd8515eacdb4c47bc3a7bf23b96d593,False
40d5ad7c5d2147bb8bf38ee7a3951611,True
9164b25e05194ddab86ddf03ef4415ef,False
93aaa80ab8dc43018711522e3be60ef0,True
93134f7eb2c446e49608375a01d63460,True
6bbe9751c842469e987b4e154b6cb88d,False
9e63650a504445e995de1bc223b5ca45,False
67e55bb4f24248339f655196b7b46f03,False
6f335557ae6f404891165f92d0fe0930,False
1d921d3bdc434f239a6a1b6da4ec73e2,True
0ea6be0976d042c599998e613a19e88d,False
3347195cec5e49b5bd7ce56b12d91505,False
413093d2e05248a1b94ec0659c2cec8c,True
1794c5bd00334eabb91aa47da724e83f,False
4fe4f00cfe4e4cdba44b84bc08584ff5,False
416178a482d8402f9952188ba73cf730,False
1bc4628f7e364644a029112c68d5b67f,False
053f660eeaf745669f8d2d9713d84a99,False
544a3a6eb75844ceb201602d18dbe506,False
e8df562ed11b4502b3f19b329e8b6269,True
9a01a42621a248ff8430c34b4737ff1b,False
1b8358527a4440ed9705619cf659429b,False
c2982876ccad4ae2afad80088f00613f,False
4e48077b54b049e68bb8cbfb07c9d6c4,False
cb1c1fa673d24c53889588940a47f4ba,False
d6db4b8a86b64d32861ec4a4cc41cbdd,False
9bb869cd4b1c4facae15b0447131091d,False
b0ebe099027e469d8322f0d6b12813d2,False
e88f5e0151324c39b29a18772e8f6867,True
d54d2feab9b04bdc8afd6158c5764291,False
05cb29cdbf254ddf8dc835bad532706d,False
0595df2df0f74790967a4ed6e9845202,False
9f9bbc8dfd3047f2a85b883f5d5362ab,True
eb7d5fc1d4af47cb98fedfa9424579f5,False
02c68ad96bb64203a2163dd717fe02e4,False
112349df283d45fdb6e3c25420ffb318,False
29eb66f2f74a4fdc9ad3b05c91373a13,False
bb4ee7772db54f7badf135a15e2981a0,True
08332c4d79ad47b5927f702206fd9ea9,False
cbd52ce92a1a4d32bb91dfb49a2cf98b,False
f87433bf7dd64a1f84e0216ab201758d,False
5ba76fd05cfb46f49331472cb8fae6c2,False
3ef10b8919a74a01a5a3147aca878c58,True
9df3986fd5e14e0393960e47777d52ac,False
b0bec55714374656ac44c6c17e7a532b,False
02800e1aa2a94614a73bf3937a16bf71,True
f7426189f2234499b1a9f3826e1086c4,False
849cd89fa452408abf024d16ebe77ade,False
29917385518c475288e168be5bb05bb8,False
115d299de5914b698dff34dfeef7d996,False
f9be007efae74219ab8064aa2d965d9f,False
8bbaa5dda07d475c85275a159fdac80b,False
7e48263cffbc4c83a05dc21c6401f7c0,False
db5e98b5ba6740a79c3d35fbaaca2a0c,False
c978be4b0aae4778bc87e9929369ecd0,False
c3ad3f39f36d46dfbec7e51c4cba03c6,False
957c92cbc6214c35b26cd83a0653e265,False
1eca352cc41e4b4e80bdbe47ce87d121,False
ab8d8e1b139d4e18ac02982370999217,False
dd02b1a6a6ed4c3cb0b45c409d7a05f4,False
d47297bf98da494799c857e1d4d40930,False
50d4e32a9335481bbbe04ad8f4b8782f,False
9bbd7fba5033439289d579c908438c82,False
150a629eadfb4b4098ac1bcf7e882048,False
52053c397b924a919248758e98aeb319,False
7a212d1e5f1e490088887628866d248c,False
9fde7fe56fd04f718176bab8c523467c,False
a2e5dfd2bd5a4f48b385e6944f83a056,False
17e7b7302fa541a9a982e5f6ca1f1b7b,False
4ff6e5a0973c4a9f9f3eaa8c26fd106d,False
8989f97a479a4f8e89b1448a38a3fcc2,True
018a747f13df44a5bdd5ba0c01584890,False
b48a1ce830364ca6b05f14377c128eec,False
ff8b5c6dc9964bba8bf04331c1c65931,True
af2e0bc21b724bfb8248062b18a3eb76,False
03de8edbedc04ba6bf748671ca755141,False
b338e06e7a6341bd815a56a62e26a14f,True
5fa71e92e8a34b0ca9d9b39ee63800e1,False
8ce2c56dcadf4cf48f35e7426ccf537d,False
67d623ea3d514090a882fa47fd17b0a2,False
07e0d08efe334bd99958ea7e4d677d58,True
eb7389d7ce5841fab7c168fedb858235,False
396f3dd34e9d4d979537dd0f2962cebf,True
1a470523eb62491282f81a4672f45853,False
7931ff31d319452d887e8fffe31b3e00,False
ebcdc2589ef4416c867d4d59e3e48ca1,False
15e4271d83534e8286bfabdfe8696d09,True
954f59a5c81d48378bc29a1c8774b8c5,False
19b2862b78d84e82a65fe120932d0caf,False
0ba976b54c8f4999ad424464b80a17ab,True
442681353ccf432284e02ecea19a7369,False
ce2c684a31be4c97b6481a90b0542d48,False
620d9c2773784cb78c334648cacda49c,False
5338202b3ebd4aa287a634656950e058,False
581de86eb6aa4b5a8a11bb3ad1dfbf14,False
20775de572664bccb5379f2de3eb07fa,False
2dd23a2988ce48f4b053afb8a441cf24,False
47f8aa881fa74a21af126dd5afbfbce7,False
e4d229e6eb1a4caa8c647a9c7bee170c,False
4d6fe171623944d6a982ddca3f35c669,False
48116c8c5a694da7aa9dc3ecd8d96262,False
5a7473d415184b27bc6743637fd7c591,True
52eedcb7d1aa4905950f423b11503bee,True
f4d3f870002145b39b3e575b3e1140ff,False
4d5e05e287a44ed9b3760566955343c7,True
1ceb2349bab441bc89bad6ab1b5eb95c,True
fe8bc018ee5f4ef9878180b513c77423,False
145cb344256c476d9dd8fec700cf1ee2,False
914bc44b80b44ac6b13ae2ce58ce94b2,False
fc014dd0fb0b4f27bd9ba60b96441bdb,True
5ce8df094fe44cdb8a4796f000adaf16,False
f6a76c9ea028431cb0b1467be07684f5,False
c0330a1771e0426093eea4645531946b,False
5e41c75f7f334587b3192c8ed24793a7,False
d2b1657e4add42f2a1a0b59b534991d2,True
84d18e34116f49b4a26bd6a8dad63ff2,False
ad9a2bae66ea4a54a8593ecd1a3abfd6,False
55ef81e449444f7eaf89873335fb3e3c,False
349b97cf905647a58e7222afeea30515,False
3d384290f5c84a4580ca2312317796f2,False
f0a1606eaa3a41e1b01d43c8be8808f5,False
8369cf80f1d04f9684ceb4e237134038,False
6e9d3df0b5014facb43619be110151f5,True
062924cfa5814269b53ea37d2592d01e,False
160ade1bda8f4f1b806a81f2dd3b82f1,False
6cb1383c5304471e946f03fbb15074b8,True
1d2ee6c1f7214cb396c189fbb38277bf,False
e3f0d8ced39b4cfe97572c89851850bb,False
5f7f529cd1174e30a6c09418a6e8c148,False
d90ee61ef4bd43608d8ab3e45904a639,False
5f039e71abe741f0b2d6cd5dcc292a5c,True
06d20c79e0fd47f9a476f4c8fd226d50,True
7dba93741a4a4591b4dfa9a54a5bbbbc,False
38b03aeee11a4379aded302522c54f84,False
27e4f24009174664ae3b0bb58ccdcc7b,False
805cce38a5754eb1887a30bfd3d1511b,False
088c77d516b045abb524243041964137,False
089fb30c5d624ddb946cba5574f42fd9,False
97f275c133db4c7bb8edc27e932c1e97,False
721b4d206c9f444d91790b7de726d608,True
316fef6be7e04770b206167020fca457,False
ec0b8221adc84ecc97504a144cc7cb6b,True
80ee62047a244c1588ba1c389a075d43,False
fbae89d1e915484ba9474e23b6f2246c,False
cc09f8f96729480d8e01cea31afc9012,False
f2e6cdf2086340f2917c768d5c66d463,False
be03b92b5f544fe6b436eeff4fd5f4eb,False
c563a10bac834f27b27222b015c50669,False
d72f00164ba54d51b3d52dd2f3663cc7,False
ab320cf3214d4bfe9b6e07f6c0bace61,False
17ef7e3fb574496c8651a7d7c4358b6a,False
807a5287631f4a57b1c5afa608ead49b,False
0d86719d2d9446b89fedf8ef3963716d,False
4711ac1f391943a383419bf2c3d74e29,False
b084c8631a10422093835e31fc4edcb3,False
e2f34eb050d1413ea1b8586ed1d783fe,True
260f3f767c534d7eb22e71f622ae9596,False
5a569fb299e348d2b63befa525886f39,False
c08d092299404c73958bdde16d128148,False
23c0673dd8634ee6af42422ae3cdb94f,True
109ab8cfa0db467cac9e392e4e1831b9,False
2d368df688954445974e41beb8762347,False
ebb8754254ec49448f3bc43a7bdb897f,False
a635d4fdc0a642459b11ae509d5c9589,True
fa11f55137824f898c238f09d618d875,False
d65012ea6f98425394f5fcc9a1087edd,False
736f65e8797b44a997c1f5201c583f47,False
7b8b01e7ffd94c8d8cb6f71448c2e8e7,False
1d59756fd26943f294c075d82e7e488a,False
2d85605c03a14063a3b32ecdefaffe8d,True
8c1624a479164b30a9739477224d2448,False
ae1a20b9fbc44d41af1dbc14b81007da,False
4b1ec35504f0458796c986c66a83c4b7,False
33264678b52147c3814548ecc913c224,False
1dd7857baa984ec5a50f36aa864f0612,False
6286ed1f379b4ae88a028bee763b83ca,False
64c93e436e704980ba5de93eb2108e56,False
bc25d9db35df43f4870a6a92c1a57ef5,False
7ed11d0bedb847a3b16afe23c0b4a21b,False
a9498ece7ce745b5a99c5c7c48cfa16a,False
0fc875a492984d6abf26e3844c076538,False
55dc47a5667f4d1db0cd14ec452c31a9,False
78811b3596c34c3182179f01817e66b5,True
4ba1b7a24f9d46e689f5c09fcb466052,False
edd4cca834d541a7857a32330b07d116,False
d65eb7e34b82490f9e28d97f4a86ce18,False
2ac89672906b430aba01c08b4c956912,False
d20e2ccae8804d13994ee24d9b7ec9d6,False
788a2ab3dcca4d0bb7ca4f472330fc3e,False
212ecc668cb14a6492e67c67aacf3eea,True
692270e7c3e24c3eadaf53bb54f7b054,False
70179d58de8d42dca2bf747214b94461,False
2fb863b9455d406aa47bab4d92c2b940,False
a4a65b5dd67549cda1883246c4cd2a86,True
1027a87493e949a49bf241bb08a655ac,True
fff43ffe73b141978500dd7bafb65a0c,False
cbaace38a4b04be8804bbd0b322ea063,False
874238f23eea42b8bedca59f6892702a,False
7506b5701592493faf27b42436ac54b4,False
309e312bbd124d0b94dfd2cc41236a74,False
b35a6c6295114d9d96d48c8ae28cae11,True
cc573c61a0a14ca6b47fd3f8b986f7b8,False
070c91d18e5c48af8854daf3e41281cb,False
550ef16d42064e1284d07942b0c7b737,True
7f485ec195e84473a986a1ddba0a6377,False
17d5aa97803d41eebdb0e8f118c23bdf,False
f935979dad384da8a7b7623ac854c73e,False
d5ae3d537b8a4e2399a0bf1fd1f08d6e,False
ce0c8fcf769f4dc684e4570ee82ce47b,False
955492cc5e134db684c83d4bea76da53,False
dd32c64cc78245e98886720d5838c445,False
6cda2c9835df4995a05909aa4703a11d,False
a5a586c14ca446e08c55f18b9ebb0a18,False
b69ecbb0c399438185deaa6a3449da69,False
95a7fea46de346bea2931bb3d90f720a,False
82f318f6b2e043f1b72409b67445a3cc,True
07208da21dce4d3892e48cd7ddb0c451,False
3179e040941a41e9ad3c006179b19213,False
78874f4439494ae68c648272576a52e1,False
693e53e1783d48058442571500243d6d,False
18b6e59705c94e9db805bd4f67fdac22,False
68ccc907be044bd19650d0613d0ed768,False
fd65b6e5ec6c4c24b1625efc4f229b43,False
3d9466d135f1460f94bf672c34c22ee6,False
e0c0f050639c4e749d893c153afadfcb,False
0789b7da2610497faedfa2b5e0af1bf4,False
9189dff21d7c4d73b55ff74f521892af,False
71dd3971809f4a5da3055b9fa6b48f32,False
8bf6c5291a8b4cf2982f656a6179cd85,True
31c7163818e24c768ba35aaf13070f06,False
e0bea672d52340548eaf845cb029c302,False
1563c05c2a284757af1a2ee3642c7d38,True
5850b79225e14ecab009538adbfdb083,False
5914221b8db5406d9dc97a158d625ef1,False
0fd77f4c9cd64688a6d853cf028b5d10,False
35b1b066b09749b9b8e2b5bb2f9a5fee,False
7d974f400bae4fe799dd8547c050670f,False
5191bf465083480f9cf334ad6d54f697,False
921b1bb4ada84b94bb4195b44b27046b,False
e69d88e1fa7e4d50afcaf32c18aea38a,False
01c503c13fac41f69515b907f300bcdf,False
4b1f93302e2b4a278034c80f1bb4d450,False
a17dad857cb240e8896d4bdaa407fe40,False
79ff4476b53243d687ae2b8620c9938e,False
7c35bcb084f04522a9fa4010c7d26a60,False
3fa5e22cec2f4d71964e9ba053adf4d0,False
f81f01c047a34488951908996537654a,False
015c9790bfc24566be382312b80dd94c,False
03d66cdfeec644a5844ce3515a1c74b5,False
57514eb8c9f84843849828689c20cf49,False
fd99a065b5024764b3fddcde7918444f,False
bb09dbcd94c845f1a68e2258535529fa,False
878c196d45b54df79835d9ed6b88b931,False
7245c52ca9dd4a63ab84e177e9627235,False
1758bc06d5ff4a41af8f61175c9b7e0a,False
e6ab851fcc6644c1a4938423c79f00b1,False
beab33e3793d41ea83b48d8876992842,False
8dbb5cdb590b4601932d43e88d71239f,False
d1630c80359a4a9286c8de1ad94a89c1,True
7c8ab9b05266433683877f1da6b3476a,False
22f063d3d1934bf6a15036b95aa030b4,False
74b3b70db1274a4b9a5751ca768f3c94,False
146dcf033c3c4b048e425f8cf913c51c,False
9afcec602c334ab2a9d1ffdc87803e62,False
3722620f2c344f628ea5ba18d8ce45fc,False
f06ad466e0d34644be7fb3456a280276,True
ffe714fccaf648f1a6a3e5ccc5cbb767,True
c329aed64c964d3181e447d45405dbf4,False
6c740b33beb74e949be0d68e9e182481,False
11307ef098f94d42b4149f360fa404c9,False
3a0fa1372a1241b293653c7ed2f57d14,False
522c832a089b427aa8206fdfc44eebb7,False
cb00d6422100483cb91aa5d0cca175b5,False
93ae7c8c7c6a476b857df73159028783,True
aa45bd89802f40ae9eb835a222956967,False
1953b05e105e42d6b52a50efe0fe8a9c,False
9e6fee87ec704106b9560ca63faa8d11,True
cb79c4bbb17a48da9341019b7a85f161,False
cf3cc834da0344648736fa80a0323110,False
78d12a5c16814c06a4571177683b4226,False
ad4399618dfd4bee8a505b2e4f9df8b0,False
cfe230aad79b43a381512f19fd2977d9,False
89cab410cabb4393a0e1eaefad4274b9,False
618c1f1668104c029dd65cd35f809f81,False
a3282b2ce0bc4ba6b65f68ed4eaad1a9,False
c5481187b43b41eab5406329510bc890,False
2c04d4ecfff84f1e9f8444d1b03d931b,False
11a6de66330b474ab3ad8dad057705a6,False
091625f5b28b430fb5b5a4770f41b428,False
8670420d69d2403aba6e0250076ce489,False
9993f73c92ed44c98abdb1a1d3c60e04,False
acc04758fadd47a5819564aef6769c77,False
30c70ca2e4c547288dd52b2745dbc377,False
bc5f7064db054d8f928cd8f40f68ee8d,True
f9f78c89ac4a4a96b10fbebf971bf76b,False
1890761a560449e38087633e0cba8893,False
e38455fc2d014621b0ec7dbd4562cdb3,False
2fe099682291464d94e2d73262bebbc1,False
7c479cbfe7f342d882abe1c8c46dff4c,False
af6a8643453946fb93eb9a17c48f7d10,False
c88faaa94d7a429fbba5a0b00ce5a66f,False
533520e084764b0f9203dd9802616afb,False
b2825345ba9341889a7efcdb34687507,False
71f8a73dc3e24ea79841afd760888c60,False
8d6610b5ec934832b6cc83846a44be23,False
55c94d1bec614169a2bf7dcced95cc97,False
4414dd0cfc4944068e6ae862ca628c1b,False
357d6c2684ea49138b3ddabe3ce2818a,False
9998b8ced9df465cbaa01fee08ddab56,False
7955c8535cc74e5284c5669619fd9e33,False
8793bf508e20484fbcbc7a89952555b2,False
1a15fbaaee5842419a9859374fe39870,True
855a26264420474b9abbd5c495ba0d9c,False
88eb1d0ca9be42629ddb7e667c247820,False
4f3b157cbdc0426795a4481e0e166005,True
779b9b6468dc4157adb6d4fe35a3f2dd,False
9bfff9e2ed994edba406f1f7ef5babe3,False
43fe03129a8a41ea99f858d8832585c2,False
d2bb33bf55c0441ca70ecb633aa6fa76,False
9e3ccf337acc414d8242b710a3abe158,False
dc7c8055f6924f88bde21889e5242f97,False
2b77d17080af4d3e9a4b5bfc25374879,False
b072df1e31a446c78f08fd4ba55ee4c1,False
59ae91b27680400eaf6573db7ed27c24,False
a08f679b0bde40818257e3a0b678baa1,False
362e66a9360341c9b425ab704e295bad,False
d93846401ebe4dc1aa9ae225995eb1cd,False
f34d94f53ae84145802b55e88a1ed6b3,False
0449e16f8a174e0c96595cb850abd5f1,True
a6118e2d51ff42d49bf02f75253df20d,True
db996b7a447448969d3daf568601c6fe,False
dea72f9e898c482aaac4a08a4f2b4a61,False
f45516d8d16848019b2741572b3d03c1,False
b007f802f6e54939a79aa6b8f01f74f8,False
8dc666dbf0e84ae4a8237cd5b54529cb,True
ec4b4025aefd4e0c9e703b787952cc69,False
ae9e1307d17341778611b3ccab4a0fe6,False
dbd145e0ec9d49639ca078c9cb25f864,False
fd6643af4ae0472c8e499e38fcf392ad,False
7437b9f6f67c4c46b52887b45ab5ecf5,True
7ac1b142ac684eb2a6ef683de7c48cea,False
43774f0f2f1743c19bd3755324db2b06,False
d0f2fe3a67d74297b75e5fabdf11a815,False
9bcc2b805d1d4be48f0fd2d9d98b589a,False
c9b7159a6aa74fb08dcc253193aa11cd,False
3f60749e5916476f90358933d9828ec2,False
fc85b4645565485e8742f95b24417f5b,False
0d0088da569e4d479f7f17d72d12d557,False
b2ef576b1e5f4b44a757b67a9697d6cd,True
a8e49ca2c1a54a53bc3f2a14d58c5bf6,True
cbc523e1cc554b60becd5e8f935e16b7,False
9ccb267d474f4a2a84b451b356b6ad02,True
13594fa2a99b4693a707548bde0324b0,True
5f3d0fb1154b4344a3016c273be46bc9,False
8f8c5863c6cb44b8b574d17b3206976c,False
e13dd5cec6f04a55b38fc8e72f81cc3b,True
16a47d03f460468f8ed69d810ba493eb,False
89405176f18d4c16920fb3fe780f8d15,False
87fe28ae7b394783b5ed9e2271ad2036,False
00929dcd4a5546d9b2b17542ea5a8483,False
49fa4fc542dc4c1abe6baa42551ef8f6,True
9864ef9c1c6c4606a33c9579dae04e4d,False
6434acac4cee4d4cba2e3c93a749cd68,False
30fa650864184f8cb7afc7e2e49f2dcc,False
e15d33c23f764f7bb1dc8861e6426d82,False
533596c6819241ea931187cc24b545b0,False
5e1fef345a734b639f326ee78843e7e9,False
7470057f07764d27808ca4a7f901faf7,False
0f700ba6b340498d8cc8f1ddfa78dc4a,False
bd2c55a1753c4fa6867a143425e32768,False
603a525f9bc44789a2083683218f1a1a,False
6ac3f18707c949c19bce2064eb7d025c,False
ecf642c21f054e7eafaea82dbf9bb93b,False
e158c94a7b2a42e6bcac62ff53578d2f,False
61c0aaa857984640b530f8bbdfd8ba87,False
4417e3b5a3854809990c04bc78bcb0d3,False
3af7085acdbe4c20a622067fe289053a,False
d8fc1c32cc7b4438a824f1403e57b02e,False
da5ae235543841d5a4add41b5c1f129e,False
8ae45673849e40b9bb9ebd6e6b4b895a,False
939022a721144c4897dbc3b7bc21e2fa,False
820669ba37644618b4e67605b6b94c10,False
44dc2d86d1684124a42658927c7e4275,True
fe82f6b3416b44c6b86e72e04a15d7f0,False
7d4e6c8df8d54356979ad51bf7ce42e4,False
e3e67d91837c44eb8a8c119d2e5de30b,False
e9a88b3bd89148789af5a3fe144c3ad5,False
56089fa57c1642a59aac1e0d83b48236,True
011acdc471574349be72e2f24605e6a0,False
837bc27389ab483f8dbe8bddab83e624,False
7f3b6f89cabf492f8353e2be6186e7c0,False
a13978ed2eb747f2bf74d03fa53cfbce,False
c5b034be2a284c58acd1f1a595877e47,False
4ae5e231fda740c6ac0ea30e9b4f5276,False
e788f7d9fdd0493a808f39b70fcc8e0a,False
b5248894de544861bd832089df236569,False
f94d3cc4725449b984d3f84ac60a4ec4,False
e5fb67804be5454aba344d69b1312613,False
8ff14d1b5b3341e4ad6e56197342e202,False
2652ce3ddfdb422db048c282c4f6f303,True
b1718e9a611340ddacf1f21162105533,False
d4886526bbd24c73b1c4efe4a9ebdd58,True
5e2dde04c08444649c92bee493cbc0d6,False
9dabdbf4c18346489e023a8f9c21b26d,False
c42d46e312d94a4284647d3ab11a6d71,False
466424009b26419889cdf59849e5d01b,False
cf8d7bc678b645358cdf9deb0845bf01,False
249d19e08cd54836a3baad7ff35ca792,True
e1e93c049e8843af888c092d1899317e,True
6d883a292f3c43958ba3d1b503e12a0a,False
3f10fd86828c4e48af91d9634121cde7,False
325099ad22e6438684315c8476f290ea,False
7c0e1bb803af49e2a1470483d106ceb8,False
1df997f646514a04b9cdc36a8ba0ced1,False
dc08846c2dc8447798957516c3d0d4f5,True
59811766203c496aa7a37415f677a199,False
628f7e9fe65e478ebb6f04bfd4086017,False
d956d8f96e344a139d510316ab91a245,True
afe72bb11ba94f43ab5425ddc381da29,False
3782c9e8885f46a58c229b42d625fe53,False
c397fe39676e413c81a4b11e17909d3b,False
71b28326fbe94683b50069396871ae84,False
a6d09687c9bf4048b1b2a5f89177f2b1,False
11c953cf3a8b4d48a5b17f176e9b7efc,False
d0b59449e1b24fb5b47a18fe316fcea6,False
17a31c3919c8402ea7a9f43cb62c9e26,False
1eba72d2e31242eca05e587a98d5975b,False
635464699fe941d08b5bee8a4db4b4f8,False
4441deff8acb4798a9e04b2d0c9860b3,False
6d03a471bdd74bb18224c9dddfbab890,False
5e16b8818958481f9950f675d6c5b9d9,False
56c58e2b70ce48fd84467d6868132ff4,False
7ed1a27d0cda42868f8a76236308bb22,False
c92e1c1efae1499aa834050581834c36,True
3bf86bda4e5146e29afa2cc7c063a391,True
640b0a5250c745bb80f4c54d022352de,False
3e4c2f0c429e4bc081741d857bccbb59,False
ec36cce03b3d43dba859ac92485e3145,False
434534a3423b48e6ac94a68b6ec89d4c,False
7f09318952204f76a8a82adc96b1e19b,True
aca25f0728a545eb86ec0c493ab0b89d,False
be9fb94c15b84c87936a30c78987d156,False
23a3095ef9164e7182a1a0fd3e8ac5f2,False
2b6328b8fc9a4cfe82411476c1a97779,True
4e079f98cbff4b05b26de746851b5b62,False
417b27c370cf41cd8b08d80a27cf50f0,True
1cc747934ee843868fde011f678f661a,False
87d631a8be284852b40b59b3a787c8ad,False
5d4bee141e66446e8d3b96c7b56774aa,False
b6befd0e6300492b8a4055988312b5f7,False
b9f678cd88484613a50f911f84425a29,False
c6f8500338754281af631814532ff0f9,False
875c228b45854cf58594b93187615435,False
5c7c81fe5f0c49f3b852435faa690c7a,True
d012d2678ff04ce59a892ac08b2855fb,False
4de994946adb4dc3b27bdc85f528d8f8,False
12daad2fdaa745d6a6bb5184a2ffbe5a,False
201078ec42fa4f1b9f8dd8354c721e98,False
f28dc62607864824b66206cde318dd40,False
59be24810f23443981891795b487305a,True
8b96e235ccbe4576b9aaf5e1d05686c5,False
a3e20c4ec2a24beb98d379d235d971dd,False
3c358ce9a69242cca2a5a5627b13199a,False
fb20a0608e4f43a8ae38eb78e5ccff33,False
fc2e2da8b0354d7788552e3b9d9f74dd,False
6d68efc2ac1b4f3ea5cdedc3be0f0990,False
01d03fb95d3b47ecbdd3111494a65c2d,False
dd1437fe4c23436aaa871e899a53aeba,False
05c76e420a3642b1a99ba5c0a7f6eab4,False
449ae2d099fe49bba002ba80bfe4c31a,False
63f0a83dec044171bc05f27f267bf3cc,False
37b05af753274c3abec62a2d48c33de7,False
7c7e66f1cb4a4d6ea94f4a4dc4b43207,True
1b8b3a0975d345a78bce951795fa35b3,True
2faea257e2ea4dce894791b8af695fdf,False
d4f0752d1a4f498c872dfcf210323e69,False
d820d5dd1d4a46489832c4aea0192eb0,False
a36534799fe047ea87e5f26ce3afcbd6,True
65f60165f4e143bba2f7fb01bde3fd05,False
dd285d22945d42319d32fadc04f89965,False
6505d9c279a84f71bb39925ad6585fe9,True
f2ec9a47f7944d71b90ce1871d851856,False
688c9bad1be946b1bbe27dcc4ce19c1f,False
961cf081411f4e0cbf7411d50c0b2e6e,False
5145d6bbd9b344cb9e290cc7feff9fe2,True
20dca1923c804b69b3af359d4f19b0f5,False
e6ddc37afa474df4914bc1fdf9ba2d1f,False
b6309d4ccdc04cf586a1ab488ab21a12,False
739c1f10ecf544d684b30ad9632784e4,False
08ee0d1e01aa4c48900bcc0d5e2141d3,False
041c687cc7c84bbfaa0878721ea6d03e,False
d059bb33e4b249f98c43a1dbf05cb403,False
5bbea1d838d9425991724fbd3e03d63b,False
d4eec0923f644a53955b029d7d315661,False
8a72d27647a046e099dba334811e1d30,False
81a9c29be3c6497889357f1bec80592c,False
ea25a48ceb4241e5ae39e111a5c70b30,False
dcf3694ee9134347b750685b26a0f3a5,False
59a4fef866a6483ca4665654dbe763ea,True
c701d88362964f629b60be5ead0a37cc,False
9e612656023140f9b9ec6d9b58e7f9a5,False
5414e0349fc242999216fc4a60379ac6,False
6caba9f124394a26ab35d7f6d1d95afe,False
23718cdf619342ae8d2b2721d3ead56a,False
8148977928ae42a38912696f869b4845,False
a386f96637b949d69f86f04c94649ded,False
48c7b5dcd5144dcab82b8ee5f41e5a0d,True
45cb4d3150164dfb884b7b17e489a1a8,False
dc8207c0469447048bb08b53bc42238e,False
f612b1d5fe4341b28c7cf98a07354cae,False
08f790a4e46942f88f9693bbeed214d0,False
d6c3f9e1058d4e70b578387d76c27485,True
1dbee40acaea4f498ee84291c4ff6287,False
00e8967c23c64a38b5794f95e44b68db,False
5c8f945d9d3141deb7dfa249cbecb199,True
b709056c3f4d46068ac3363ba2bf6c6d,False
62d3cd0023694718a9fac482c13fb591,False
3ba0b31d85da4695982cc347c17da0e2,False
82ff2fa45e094e1b89abbf774f9ae93e,False
5ba4e48d9d3e45c7bf7055d0376288b2,False
161a3253b1ad4a9aba4f32578e87b249,False
7b8ac676a9ce45d3a9b5f2ae2315439f,False
d562f1c1379940ce8566a6f720fa1087,False
5755abea2c0f492b94df34cc074c1e56,False
758dc1e78a11498d90ed1cb413660a88,False
eb2e1ddf9f5c4e249657b401583eabd8,False
c4458833caae418f921bde479548479d,False
4849e297cea548bca38709e0bc7add9b,True
25d1502e0dcf467391e5b425f41b03d7,False
84827d732cd44f30a622c6c9ccf64ed0,False
817b450d4c754888ac2474b4ba47d2e3,False
e090f0462a924f9e98b96785086330aa,False
dcbaf5094c1a4d8d9467195775b175c9,True
454c587e4ebf43f1a75717fbf3dbfc24,False
d65a5c28ac804109a15cadcd4f939fa0,True
6351a76ea76842b39e2ed6acd490e3fb,False
df35668e332c461389acaea1944152ae,False
6aff305176f945d0829e83493556b81f,False
6a7a01d5e2ab4bcf8f7b4996bb42538f,True
aaddd8e0dda34704a8ee7219d63c6ca2,True
2d07ad8a3d9342cb8aaf2e7c6b89aa0e,True
c7877726260c4486bfd1b13f2632829d,False
fa85535e90a04594a65826ab41aaa654,False
91df9d968de94752b3b621f59d22a886,False
7ebec7f54d2845de8ebdc700a5215db4,False
0c5a045409614b0e9f66ad080c7ce52a,False
21b3a660da6d4965854b6eb83c32db33,False
adb1385b1d3f4791a5535edd4923ff37,False
60e8ca4f65aa4ba098de5f59bb824728,False
9630e57a6bcd4e83bba98a4ca3b6349b,True
7710eb1561a74804956be15ead78b3d1,False
5820caebd7714817be8f11def2b3c274,True
84744c9e82fd437eb1fe25c39bf8dab4,False
9a46b84a3e864b119162f2331498fc93,False
c26a1123780a418fad9cb2fcb602e7b8,False
c4ae45f41bff4d76ad8d4f2cf7af0205,False
02d9624e209649efbbe2bcabec89a7d6,False
8e2e513371a546d49bce477e52bde891,True
f33507c265644464bbec18905c1aaab3,False
ccfbb61cef614bbfa39c1db5028479fc,False
3bdd4eaabed44d8a8d89fe8b12cbaa6b,False
44da4eafe1a24fbda23489c92e48b00b,False
4dc13c983f7647f18885976bd7ffa80d,False
8fdc9ab7cb0647fbabfa21705288e317,False
09d6682db42d41f4b665648fd7f7b064,True
a384a3c9386344a88204d68784d50577,False
5f1358927bbf47fe8f2a4316ec86c371,True
e06b7cd0687f46c2ac55579b91a43092,False
f83f33396693408da7d0e5f41723b4b8,True
945d624aa2e94199a979335cfe045c91,False
6f9a0f4da0e04fef919cdd599f154c05,False
06933a516f294713aad6fbc5c823b7c6,False
d624c558d0bb41bdaf8a742469c603ed,False
59aa2b2e82b74609abfe0a62e6b45785,False
76363ed5ce7e4388901fca4b5fb6c2da,False
c7effc70e6ac413cbddf71471f7b3ad1,False
392c4db0898d49a49efe43f213fa632e,False
e552ef0944f345b3a0bfb65706ea7e8a,False
ceb52c5b8a8f43cbbb83a07e48920be3,False
1e4773d8977946daac501b8697d64b69,False
a68dcfb0e89e4848a81b6380dcdf16e5,True
8d69acc407ce48a7af28a926d1f8f123,True
60167ee475d34aeebd989fa6d1c01e4f,False
5c4ad350feb94823a9b3921be3c46f96,True
eecdd733a8654747b89b95cc78a753a7,False
a970a5fa5e824a51b5dbcdc131489fd5,False
c8ba778c439b49fbb557a3519bef1985,False
0dcab7512af341a5966a83d972f9231e,False
53394f31431c43eba9711a245a975243,True
b5a81d8dc28e452aa7d4c159fffbd249,False
97e5804b5cc64f90bdfc9862075db9e0,True
59c0c7229ce84015ad20da63fdcc081c,False
e7a7235b814649be97ba10e835291bec,False
c2ceca9b2d0f4b2d8f391472ae25e8ff,False
6776ec129b87477aa99817af7798ac5f,False
fa71d8202e0f4ffdb56dd7c51738fb63,True
a3d73a65e51744c2a49603c9c80718b1,True
d9b0b2a6f5c24c9f90dae5726458ae7e,False
68cf9aa022ff4958b63fb32b2df3a718,False
9e526b3704344fc2887c325e9eef0141,False
979148e075734387bfebcb522519a096,True
b38e13c23a33444a96963e8d2ab028c3,False
295bbd46d4d84ad99b848d9d7dc965df,False
ce471650223447e3b95a7ec973946025,True
c8a0491d93714966973e245dd903f3ff,False
1b4ee1f23e314c138b572ac6266867bb,True
52fb00fef2f24f24b67e3a8c3625baae,False
7b7c8842fb2c4712bb5fd291bdccf162,False
b9801a736faa46cca0237726f8fa1570,False
ff904292d13c4ae88cce3202770a6b99,False
86367d80e135487b8e9b98f966349c6a,False
3d401d0777d540709e2b3297a6b30ff2,False
2b46f146973b4d42b44202231875c1e5,True
c749b558d2074d72a7a805ce529aa13b,False
00f7c8a2928f441a922377038abc404c,False
3a19bb7acdc24354bcf5da87be85022c,False
35991562309b455d9d8f6d129a87f2b4,False
9a4845220c6b422b8c07033b5e8e6bb5,False
b77a1a2bc6b148bbb2d2037511c7a0ae,False
8f26cef92f3346bd8b367b04628797de,False
9e231b7309834f29b8ede13c90771333,False
9b577184ffa14ad3b30eead07e0ef493,False
7de6617d2d5a4fad8252b1813e4ee98a,False
a54feff78f4e486d9b308e256d284582,False
972529eccfac44d791a62dc95ae132f0,True
b8895220abe5456f89328ed371dc547e,False
5c51cf3a33d94a129e1231a1a5982420,False
b2555b39ec774d03b52f24af8ea1874a,False
a83f788dcd4145fda48ea508c97f8d48,False
a5af3c0d9aa84dc08ebf41fb3e7bf9fc,True
e3dc21dfa756423dbe9dab1ec867d7e3,False
a660f0fb06eb46c99988444a32bdd1cd,False
c0ae5711fc6d4ef69c762da6ada52e78,False
11112552b8504bab92148ba8e57b944b,False
326db2a4f93d45d692b426ed86ccdf79,False
5d6fca346508474ab4abea28c2610844,False
e23fb57a07514d22a82f7ebb5c9141d4,False
9d0b37cb91fe46188f65b5c4c5e40fc2,False
64998683d8f84181b2a8c6566640dc56,True
d7c2224b2bfc41b6b2b38a62922c0cd5,False
77ad1cd8befe47e38d2a527f89f12f26,False
b0f0a65a3d194ec39b0afc17d8157406,False
0c34e785b2d54093b9cfa4a785461e16,False
3679a8bd6e5c4fc484885655abd7d6ec,True
7bef97d049a140e0a4ec530b8a411af3,True
ba9259d48eee48e6aecfbdc4f6c42cf3,False
eb94e34dd0c34a588fed22e96c3bd8ef,False
46bacbea3cb54865b417d62d78be66a3,False
18e2ff0a57674c78a883c6f7d0e0cf83,False
c26d0dad991a4187b01469f11ae8a658,True
c4c6f36aabd84d139cd195fccc615399,False
a706125f77ef450abfab8faf93ebd7a9,False
5c7bb27238c24db4a9bfc76750158bf3,False
a0653da1f99e46b09fa4b64073848332,False
a90cbf5f0f1c448a9cc60aef938e6e00,False
643fb1fb46a742bb82c4604dfce73706,True
f83ca4f6be3b43b1b08b12b1dedc68fd,False
610429e7596f43a18b98d6abddbf6a7f,False
8914c21642f94d1b8f2990e3bb26ffc6,True
125a8999752b41c49f22ac2c1b03d890,False
b7ab2a5c205b47c396590217f44a3521,False
484816498290420d84e7db829c233320,False
d2a5163f9bb14193ae62106fdf8d72da,False
63681a11267b4db3a32643cec6f48605,False
b6acfefb56e6485e9ed6f12d355d4624,False
2a5f41731ccb4d1aaf7b2a177b743a1c,False
26bf9ae9c3b64c4c95a0e31d1c0b36fa,False
faf88988afcd48cd8ff823cf594950d4,False
5a7c414d7325441985aa5ac48e11190f,True
468c0ffc8c1441a5abc73703bb998fd4,False
81a2c48963024e6fb11b9564d4e053a4,False
0335da5faa61468b825c539093f6c975,False
35eac92ce6b4498390b4f141c3e1580a,False
45ab8202a1f148cc9cc251ebae5ecbe0,False
c3e7929af8d24f6b947d74e1ab00efff,False
98f53c519d544a10afdce5be21f66d26,True
6787ab945bbd4aeda655e469c9c1dbba,True
11248341730f4f87a1dde57dc4927a01,False
05112a1ba1194c96bd362a4ccb6d9d59,False
f94b1bda83f543bf8bf30ab9b401e053,False
4e19b57995c640a1bcdeec21240b2232,False
e48e50fbe7e94695bbc91e2ba92e24ae,False
09100844454f481f9690231bf8428d96,False
fd606f2afcea4615afc1f90927825088,False
4719596cc819485fbe86e4c979878e9f,False
ba0f8fe5ebdd435f908407ad361aa5cf,False
6c9e420a0c404976a9e0da46f86d4838,False
56a7c91ed34a43fcb70505e841d79245,False
cdc2420a5c544d948ec1a9bdfab5da23,False
0048f4efbdd84484ab3de30fc1daaac7,False
5f54af92e1894d54bffb8756acc7412c,False
bcf1a432ac80404aa3084d8a69a3589f,False
a774a26e1b2d49908aadd9822e52ef24,False
1b04c7e7dcb24378a85a396b1729f129,False
ac64d60ae11e4b70b89ca42bdaf5c72e,False
d49526a5390b493eb8fca26f9049d595,False
65cfe277db4e4427b5da1dd87d5de333,False
c787234c9f3f4dcf98ce2e7a6620c92d,False
3c52b7dc69be4fb4b8c1025393be1062,False
b90ee1059d8a40498dd0e96d62367181,False
d72de72e783844538fe3de37518cc82a,False
ec41b584767548f8b4d0d78551f26c0d,False
087252e174bb409a88980ce1d27b8c7b,False
72bbd90848974c41bb7e17916d408d70,False
29348e2a3a244acc95a9295da4db91bf,False
4ca84f3300fc4e60ba90d7cf11b44596,True
a1a472b45c9042be9a707b440aa0dcd3,False
2c0904690a274427935e3d4303ddc52b,False
5bed2a985b0e45d08e6db8f87bc34fb7,False
727b3e02707e45739dc79b143c674ed3,False
13c16ed5c456416aa0adfede0175b5e3,True
95757d0700064fd69181ac8db4467986,False
27a1a906e08843a1b8f83f3c3b2306cf,False
23b699ef1c954bd39c163fee5d57c28b,False
419b8c334b0a4d67ba6abd4a7a8c9e41,False
2bc2700abe4947fba8eacc2b3eab2539,False
2fa07b72ca984c268e2e67e88ce76034,False
a088529abbe7470b99a66a4fbb3a67f6,False
b49544e28dc843dd9c53766804eef745,False
84aab0d705664713a68b36a9fc62ec6a,True
e69452de02d44a1c9000b3bf8231ecc5,False
47e19e71ebd64d23bf014779753893f6,False
9a3cb4bec5b4480abc0da724b9ef5ac2,False
63114e092c8d484a9c38308f54d56ba3,True
415e8618ab184eaeaa60bb1f20bb6de0,False
1b6305c190844820a539811d612bdc5e,False
66426814139c435dadb8787d9538f181,True
fc6fc3176a4349b194463cdd3145ad12,False
7a81ffb50514445e9c90f705ac972d4a,False
ebd6253823ac438ca4aa2df9f2bcebc8,False
2e4527f74ef642cf93a0870c8a642d88,False
57ba14dd87264576a0ff41118aefeeb8,False
436e8598a95947d6999ce6efa87dd2a3,False
71eb9afbc16d4278950af1c102da7f07,False
95e67c84389b4f558d5601f8d70b2e19,False
9404018c48c64c0489432f0815355357,True
4008e7b2e43f4d0ba3a4b2c9da769458,False
bda099a8dc9b4ed8abe06dc32c7c646e,False
5e0347400b284d25b0ad8ca16b58bb9e,False
934ce4e050e34e5cbde2fe96560eda83,False
2dc7765b1e9b4c7eac41044adb44854c,False
6935ff6cc4084beeac6dc5277ce5dace,False
0994e2c9641e4980b3cf8981b1bd824c,True
eba1d95bce9d4d0985248884daf0cc9e,False
f2e531895770456ebdf161471675dcb2,False
eb41e5a7e2a644279b832530f8043105,False
c22ec7138a9140ed85182218a6915536,False
a1bb17f3ecee44979edf2579406e50f3,False
6317e9ea6435481d8e333627f4ed5873,False
cd47e82f4c874380b1f7c9b605b43ad4,False
a897777e256045ab9f0e4f4ca5cb8283,False
fcd2b3562a134f198796155d320554c9,False
f6ed006e21d94ec39d31ece146c38c58,False
71fcb5a6cc734b0e99557e6ec8ec4471,True
66dc5ee38a1c41a88866a04d63dd9007,False
f3b23736497a4b76b9af5b88f42d097d,True
ff7a406b4ab5481c99cc571f5247cc0e,True
2d7b98506c06442d8b7a3668801ce177,False
06f77f8874b94541ba577b1d010b3dd1,False
e40ed918e11142a2b447733587392172,False
95d97a1df9e24dab93e1f251a4c19fe3,False
c994e9dc568945e1bd3495dd417ff357,False
a8d9ec7231e94598b5288a7e4511dfeb,False
916163a6b3994417b86caa39ed613799,False
e95fc013ab094ac1875a55e2303aa22b,False
d2e04054de3949408e09421d2d7e46b8,False
9b8a3bf5c7d14b468481caf16c154157,False
f5a25c37f31f44f88793fc0c7bbe2028,False
9deb79e09a954b85a46fc63e3cec4305,False
9415b28c20fe4b419bf3436b6299c8cd,False
d08d3b8309044af2a97fd8e15d999b40,False
82444d0e1c9c4a3eacd5bcd03fd08745,False
5cd9cc8ab0ba4afea97b6da96c869b4e,False
656e5affd6594e719a814a820bb6e54c,True
2367ef112e96447e8f54d649fb84eab5,True
1b7297b724db4e799a789cef4fef426b,False
e2566eaaaf434e5fbef3aa3dc66d9fc5,False
336f9e55ebb4431faaba27d0c827b5e8,False
9c9fb4a28fd14b6f978b44aa429fc2ea,False
fdf42c9e48504f0bb1cba7936c11b779,False
f1aaf2d0c9504f258a962de074e9fed7,True
26080318cf3f47949d5382b5fd8bf280,False
c244fb1a7ea14164a54a9bb70c7fa535,False
1ae94c42b25242928a727ad6b46b8046,False
1c79a9bf446a402ba2090283b8405d9f,False
55df26997149464aa4f64645f90ac193,False
83c038cf786543dd87d537a237c6b216,True
e32a99291c0849e087195f2b7e657d32,True
e573be5506f241de8232f4dbaeca8a0e,False
c008aa6cbbc94f5a9ceaf18d58a87b7c,False
95e3074fda104bdfa5842e0546548b82,False
fe40303f1ecb4fc3a0d342191736032a,False
f7c28e573abb4496b476c4125572f59c,False
838c26bf604a407b96dcf44e2aa64fed,False
53f7c628324b421687988c9132f6d152,False
f83bd325b10849f895429ea06102e74b,False
ca4ba3cc8511490f9e8361bed24dbe6c,True
75e7a612684b4f24a5ece2b6dc2be705,False
2c8e4430ea924c1b8454d7b089e48c06,False
97a10a40c8864a51aa407619bf4d2743,False
f3001135c2bf46bcb45f3c9dd320a94e,False
7b1edacac330412988fd753184887bbc,False
bc15e0c5262344108c26557009901ab0,False
8db6146e8d5f443cbe4d53a0871c4059,False
0a0e9da7581e4c1fae3b288d377f6a9c,False
d7821eed0d1c443399421dd872f5767b,False
7e7673a49c3a445182d3f6cc328165f4,False
5e0fd47f546643f7947288dacbf032e2,False
fa8c6df4531b4f88a4ae324e4303647f,False
1262eaa61a914435a9f01ff78da984a8,True
7966dc9288a64a3ca668f51c1abdf965,True
ec402cc9eb2f403999a6a82a7ddcc3d3,False
ebed172b110d4294bb3c0c6539708924,False
0af5e5d8be6e45128d899a301dd3c3e1,False
285b1e957f1a4a0cab365c68fdcce941,False
889e45862a45412f9bc76d89a25163e8,False
b7f3f97f7a964502876d7032d7c21c52,False
e9277a56c54d49db955aac801ba1eb66,False
67afcbb4e99b402f94b47b7493d50b6f,False
5a96201cbd104b959d6db1acd8e76d6e,False
b0a1e33f1aa44d55826a74a19d67d3c9,False
098afa9d84ed4ef6832cd8a93f37e828,False
0be0abdd36624b3abc5b858401b3dfc1,False
6221abe19df144f081e91a72b4de3734,False
24fd4acfb14c4790a36d528502724aa6,False
96f6a6f0934d455b983dc685e2b86f00,False
dcd43596c3bc4857b8b2f1d768a412d3,False
9f698ee934184d4088d87cd657aaf567,False
e2f285e72cbd467e88f35be117fa588a,False
7a8bc2e05f4048b8b4a845b700c572e4,False
aa94e8a40b6c4089ac7646179183b02c,False
74f27e28751a40189bc715a9abd9401e,False
5a9a078fe73d43e1995285e55de38e19,True
b96cc2f2567a404dbf9560620fa132a3,True
47b397b716524b8b884e26459530a844,False
6683bfbade864289b112128b9165029c,False
26ed839fee56455ebae12a76838840b8,False
f8d0baa0d51342b29116e239ead75349,True
e279f03505e341eba485d3c860e2f2e0,False
46203a9260734f988d341fe2486dc72c,False
baeda0fb26d441d6abad325589c554d5,False
57214f206b264064bb58ce71e6f1baeb,False
08d600ad48784aa6b2764381b2a250c7,False
7c838e76402848748097205df3ed08bf,False
d883efad12a04ceeaf3802026d5e2c63,False
3f454d42b4f541f6b7c12fb5c5ca57b9,True
f84a4e329ca6410f92d6289bc7d28f82,False
221d4e30457e4d3e82ba06d2005de9ac,False
1a931e927d62453cb8af338b984f7f80,True
45a1abcae7d942c8a67dcb2dfb117f96,False
a3129595058b4883bcb757b07624e932,False
de05c498bf164a96a1b56cac6405ec5d,False
e60bdd432f1d46b0ba13350512718a6a,False
55dd1dbb616442139025bda2a3ca73fd,False
4fbedc6e08ca4cba9ad1cab72318bff4,False
c37e878ce84f430e85859daf057dc1ed,False
7a330c103b2144f783654ad73ccdfd7c,False
392c18f583514577899ef12b5b1aa535,True
a8a5f0504c4044a8b8d66f91a3cc9a92,False
73afcc3d39144e69a6eab634a5100ac0,False
7e97217ccf2c4f92ada38951af6ebb3e,False
ed9a036897804e82b14328883335efcb,False
d640acaa75a84f5a8aaaf80b7152caef,True
33ed785ff90a4c2aab3459fc25f41945,False
609848c697934f40bdc443fbacfd07bb,False
656b1b350f624ed19ab6bffceef28643,False
2c3a61ea2f3643ada37079194f47c03e,False
b47014ceb4154c73bcd800d73451ec7c,False
e5c4722d428f4c108ae3172247d7da61,False
4319749e5f1041bfb6f4efd0bf215e78,False
a175b599f04f4954922c6762f3ded357,False
d9b7473089a8463da3f2ea6999a83889,False
0a71bc232f114268a1a21fa518bbb68b,False
f936d3cfc99441e786e141538587a1b4,False
1b967687c6ae4205b0b36b4d726add5b,False
bcd81043ccab4235964f8866d32fca9f,False
71b4148560f545debcea36c56973c668,False
cb210078a7084b87b6e70fd179b76897,False
93e7be7b69a14779ba270920490b4129,False
d1549287b2ad4c2f8d4c5a45b7ad5859,False
211738165f154986be5bed20c9cc7922,False
d202d5cb9b55454f8ca260bc657c0fa9,False
9aeed9da8c4f46cfb87d179d2b0d704f,False
ebfbae28a7e444b48c8ce7212bee4067,False
b25228cc010648f48ce728d2f59340e6,True
b1c8e2b9f7ea4ff1a03cf35eb2a4def5,False
5d01c735bb1d4d5cadb1678e3028f257,False
f0cc7d17bfd7454e92ac06cc94a6620a,False
0c54c0188a414d4dadfca50bc04f8d13,False
419d6e7f5a674c7da7b46bf93649429a,False
36bbe25f16cf4973b2cadb662e47b610,False
0094b2541a184b9280404cab7127bb8d,False
5c098321493543e18f6275a25908f3d3,False
fb2d2bcc8db44b079137555f8a3a067f,False
6e190700e8be43a5ab183cb74e79c055,False
c2d1b580c1694ca9a4a62f69ba423409,False
458c9d6b896f4481b3e774f6f144ec69,False
d500890e5d67433eb412b146e2184e75,False
1c4ccee41628482fab074f6dcf32f6a3,True
f7fc57061dba4913b4f1e215a951e6ef,False
c021e1b9eee846f5bf18983d00e2b302,False
339e497885cc40c983be2a0a37d60ab9,False
e164bf45806b4f69b579030384647d87,False
7ca3a2aa6eef4f1a87332509f654ce19,False
aa0a0bff55fd4ead9eb6a14109e563d1,False
5455bfda51674512898db5d30cf52020,False
d457e104481e4ad5b5d82cf8822d1f0f,False
8b1ba74865b240e08175727568b13243,True
34c5b3e32dcb4ca78927f7e4faa14efe,False
ad1a02c195264475ae705a8f82b23e04,True
eb86ad5b1ec841babafe545a3bca7874,False
c3b4f71f25524e17b127a70666dd4613,False
8ff6f63c6189424bbaf71476d23965a7,False
d1bf88f19f244071943350866c3fba87,False
ddf9c7506117443991eef4cb09b33855,True
add4b74cb450482391556af164027f4f,False
c0d8ca2e778749b5a94f8f7f91ccfed1,False
82587ea8ceec4d609a60bba4fa8b5576,True
b889bf81641f46169f3ad8e1cb625388,False
ee4ca7cfbab341ea827c33528f7cd851,False
0d567408d05e43789f0ce2d8650d7a4b,False
28a1627c386444199db48af39f62971a,True
433c726d076e4b7281d34140a60b7f20,False
206228a744544cc4904da6811fcd624b,True
6a5e46d4e36c4962a0b321f031c1f96f,False
dec07968869e429ea0b07c3992cbfc81,False
51ab9dce964d4ba0a58415275df7eff6,False
6dab9d27b4a64c8eac050258490abb75,False
01ebfad930e24310b234b8d009c7b4af,False
1a57e7fc5d1341349cc74298a937d7a5,False
2b6c41dae0804996ab521a5e43432c1b,False
2fe0aea06b22469d9e9a3ac56b2cba05,False
ad50d8406a364c7d815f7ce0f19f683a,True
4811e0adda3c425ba7364f7636b3a351,False
c3c5944d62a24b6fb05c234062db5b4c,False
79be4a1d740d48fe9376f4b97f4e8346,False
8df6b384b04f4a59bf43368615c48311,False
8a45c4add8104d789870882a1326b0fa,False
aeab82cfb88345779aa9459e501f598d,False
99616e5e9c1341ff8ee64a729a00e3fe,True
66ddc7eb39e14fd6804562a3d99b7267,False
5fdef0d267ec4baba3b088f620eaed41,False
3557583781a2483d99f2a745872089d5,False
8481d7ba1f804b7e9957caba3b82565f,False
028c9ab338aa4061ab05e85972ffbe78,True
2d9d1b7857c14081bb62fffba5cc861c,True
56f7ed918ff749f6acbc694decffd982,False
400d862968e94c8a97d19af3c0af4a63,True
a057815b99be4047be3235566be78ef9,False
1cacb81c811648c49108b0723af1454a,False
010fb8d7bfcc486d8fc56e6fbee7b137,False
1fcfc58efb264cfa9478068b31cfd549,False
1c6bb4af36d249bfb58c277cb77898eb,False
a5010f2e7a03447690a0fa26cd43b5a5,False
65b6a239af554222967e63e891dfd94d,False
87baf4bbe6fe4eaebdd252d34ce272e1,False
bdb205c9d9a146af94331d06c893ae23,False
092f3b6a725447628aa1795361435e98,False
95ab1ef6b0914e34b524d5099ca383d2,True
1e61d5ead57c4489bdb41ea7362a3f7a,False
806435eda22f43138736545eb73b1c14,False
b223cc0f6fb745029c98421cd4f0ae3d,False
3a698a49551e4c82b9db729ced80afe4,False
528797ca04f14bb3bd5ddd2f3e69afda,False
245425798459424388857b2d6658d3c4,False
6597f2577da540388ab6c90f6159cf18,True
efa5d885413a4c0a81d9207a5f614b9e,False
b63c47dbfa2d4602b68a7aaf5cf1fcfc,False
a5d41f0f277244d39d60ab934e66c98e,False
ddbba0ea11da4f8a8bc8eda24b7e7701,False
57b545b2e2fa44abba5b8f63b4a10abe,False
cb0dfa3400334e58935e1d95f2167d79,True
c0fe27527ecb4635b194efcadcfcfcef,False
d9bb1170f2214aea85048a095412b10c,False
a8fa183fbb2c4aca98b591c393ee02d3,False
c8396f045f2a49989ca2eb4fba039fc2,True
0d86e9c41159422cb230cf647492bef1,False
f55d695765bf4f5683effc67fc04c12e,False
98c083938f1244ab928ba8cb36ab0b62,False
8c9957a219f947e490fe81b919acdee7,True
92710359f5504332bd2904a1c178a00e,False
af93cf95ed2e4c40aa6b1e11e4affa8a,False
bcce780d18824987bee7d4032da965e0,False
78f9dcdf590240d4961b3ebb9a20739a,True
89ff1c16cc3f4be4a4420bd60905d65a,False
4dad77c00f564aea87b7b2c7783c3f68,False
5e49f7c9501349a7949f06936bf108ae,False
ec55d2a14e784da7b51a95cf99685a23,False
6165b99a30014aa093c23ed3bd3dd383,True
ab7fe737a8ca4161a2a63042c0ae830e,False
b2548b684fb544afbb277488b7feea6b,False
b6dfcda3090141568d5b1e93e3111111,False
f6dc4fbe1bdd4944b05827c6571fdcdc,False
8b3d5d3c4df9440d9794f5139cebc6c9,False
0aa4e9d8ac42499fa1b6be294fb02803,True
c089573478b0430e9d867f99f238b69c,False
81e53790447d4be4ac37df738f241f4f,False
520dfd41c7ce414184cac39c95768d8f,False
5f885b6cbf2c4487b6b082f5a081a1e9,False
1143f7e4999949e9a04ebf9da8460c78,False
359facb64ddb46629a14383b00620d85,False
28a195da1fee48db8aedc2ab58802d35,False
93d4fa458c934339acbc22a6af2307d4,True
fd10faa0119d46a8a3d580bd2962cd08,False
5545488a7d454655a1e6b0570401ae39,False
45569d13a896424f8d4892fbe7eb1c88,False
6f2afa6c25c544369d64bb23a74f66e8,False
9576d0c0eada43338160df1777f66739,False
4b0433a0614d4d168e6406a93b2ecb56,False
27d87171375e4ccd90c6807f94b2e5ab,True
22dfb77aff0a47798ff7b8f53088595c,False
b8313d4531c94ef690ee10069ac61504,False
4053759659904b74938fb5d3afe2c5af,False
cfac5faa6b004c3fac29bf10e18fafa1,False
04135b368f654665baaf9e3a61bff892,False
4674418d2cbd4839b5b76a363d4412d4,False
17d7605093b8431f8d0a05b1d5fa13fb,False
0a9981fb296249a1b16a2b8b1978be0d,False
e735115e9a7f4918b5cec42053f06bfd,False
0d631ccdb04144a594cddbc33548c4b2,False
bcf2014cad974566a3c8219c4da12e37,False
c1a6519f5f7c4c9e8ceca4c2dda16140,False
a0e3f799ce7a4ddaa65d72f9cde3f1d1,False
8103535f68b64366b3c83413d364d0d4,True
fa60a494711743d69d28055c4f23b868,False
313f93dab4fe4ac8a8642836935123f6,False
0a150ee407de43eca806e8d2e89f13c9,False
23c9193120dd44bbbfc496cb64783f7d,False
6e00b68164b84f828eaf690cbd0dbcd7,True
3ca8fd41c21f4b0fb1e2bd6ff26ebae7,False
279daa78eb25451abb99df8008a35ee6,False
d42c4c41c16840e0bc20af283ac76e90,False
bdbf6505c98046a0b1d6c1143e27c90f,True
d6312368fd2146679ca71ec2e72636c0,False
9ef58727bad645fd83e763dac36e8dea,False
1db973f68d2d4680a8914a0dd1298535,False
f8df1b1930d64023b22f09c6682a7688,False
0a2b1a8512fe4424a63a014b3159b2a1,False
eb630a70b6184ae1bdaab61034734cba,False
f99e4217d3de484194fbdbf73973f220,False
42c20e918f2b4202a15b0ea9934510db,True
98fd3b5e6bd94843b8fa48ee2741b18f,False
74e4018f6ffd433fa2c82d8a7dda9ce1,True
169bbc20e82a4e598413a38f758592d5,False
d59c145fe5644b019683e4ada1c9bd46,False
6bc6761a4b054e8899c542479611ace9,False
75ddc1af95bb4df091454a719cba063a,False
9f5a9bfe5ab34c849ad1a61a2677381f,False
43fd00b2d8b240baa327213e8588aa04,True
78e766ebf2294175ad9a7ebcac6f0b38,False
72d694aa72cf4c75889e3898511f068e,False
554b28ae945946188d6e7f4871217fe7,False
a3b9a3ad620b49c9b304536a55971535,True
9ec0ffcba67248edbc0bb9ab6c2209ad,False
0e5fb45d65a94898ae0115c150cdaa3a,False
97d4b370e93b4d3690b42eb68b471046,False
a4e805e9a9e844e78d4321ecfc32b10a,True
8c13dc729dff45e19fa8b8e43438c4b0,False
948743b2827e473789f2e4b3c44c7c01,True
e4a6e84291464c8ab048a3e53c59e436,False
566c251212ad41549125903e56e439b6,False
ec76ed53d1954b24ace499c7bc3c938b,False
1d001a1c5628422e8058d09332831416,False
ddbaa98f08cc46e9a28dd0c6d836f5ea,False
501c8b0629f1486c9549a2ad832ada33,False
11c86f961dc340cfa61e430f28b9dbf0,False
fde7be17aa214fe3a9281923307e391d,True
214ba03b14ea42c1a8d77e5a983c1dee,False
4fb60a7b1e5c42349c17da41a377ee7d,False
95b9672d35a243f199298eb613efff6b,True
911040a458ab43f5af629001947cdb7d,False
538f3e7d4bef437dab3defe33259a334,True
14c5d3f81da54b609bfa549217abd903,True
ba5d81bde9984273809a156bb189606e,True
b632e8271ca34364828ff230df3d5ba4,False
cc06f99e9d1d4c1fb1538d9eb757c98d,False
5219cd7da9474134a97d0dcdbf0a5f8c,False
26d94c2339614709b5d6cfb1736994d7,True
064157edc9354a62b4f9ccbc434d7e86,True
ab6b8ac2f13c49939b1277412d526b58,False
a49db4dc7adc4c0d85c6196d43bc576b,False
936701b27636477d84870758b6c43c7f,False
66445be398c342bf96a2e21e3c032bdf,False
79ad4d1710a24def9a95ba2409f83554,False
34534bb3420b4b7781e460452a49079e,False
ebe1247a388941bd8cd467705da87ea4,False
6a2b4b27da02417da4c668ba2f7416a7,False
f574cdc85cbe402c9675c14bee88e8aa,True
213e2f3deabe4484bfd5ecc7ba96bd01,False
2f69497a74de44629210cca4488e5386,False
3b8a26f56e2647a6a1a6f7d1775f36fc,False
18801e8a280947a4968d64999c2669b9,False
0f33c0faeb2440f1a260c36c2eee4711,False
cf390eb1268d4c9ab244b160ba14a1a7,False
99b787b94d734d3997759f66a4a784d6,False
fc31dabc51d1495586d22227e7f4165a,False
bcea1a527b064508be4cbc053399a60d,False
7f2f7d1b34a045ec99b74e5393a9776a,False
e2581866c2184a3b889187185063dc8e,False
18335af206084ed59aeaa4a74ffd1e70,False
136c5d60a7b34bfe9c5d708df8cc9f00,False
f7a52d25646b40388e0440b9b96c8397,False
6e8f94a1dfc2494683b12628af901e8d,False
3ba6d5bc7f1f421a86ea56f8368a3057,False
963c1a84d02742758686fd3f8d5afc56,False
6d37bdb06ad4462d89402533ffe177c4,False
01d97d619fa044c3959037f887d8db2f,False
42d2b20f90244fa9b5b22188ea143fe8,False
93466cd7046b41f9a535a49a6cc41a1e,False
379c9946cb9f4f439fde8cd68ab45ebd,False
01e0ed15ca004afea31c5daeb26d0fee,False
c3bf815c01644a3b94c2a39fee1035ac,False
435e49621e394b889211901972d23c4c,False
97094a89d8b64b05a6d5481c00924de0,False
c599b594b04248759dd74652e5120fea,False
ef08f81b2a5a4f258fd08e5eed1c10f1,False
8f37b71b58264bad9a7c8000b9bbf956,False
80c619878c494bee91b5dca1a89d3049,True
dce33c423d7d49b68931fa2b0129dc9d,False
a632d57bec5e48afbb1eda466a89ffaf,False
a421464c1bba43de8992399b9bc449a5,False
06676b0c74cd4d40bb47e5699714a63f,False
bf923f9a86c64b6bb0bc2e0a1a717fdd,False
fca358996d084e7b959dd49f2168c3c0,False
fe76df7b73804c7d80cf8cf10f1488d4,False
ff448e2796914be592761678c57d8e9f,False
e0be4e1bb5f6426caa748be0256859a7,False
668739512a4f4443b0e5084eee06411f,False
b25e3d4c1e5842aabec5d5dd619b3fb0,False
3aa8683fbf3246d287ad06677449391f,False
744ca23de5cb43188dca730ae82741e3,False
8337e6f1801c48249d1b131994a55a5b,True
a1dd8542f29648a1b666c67d71d9eca3,False
f6ce158b922c4d5b9055138af27370e7,True
35516807512241daa82f1e184cc55805,False
e951ca940692431593cbe18549b69d15,False
c4cc7b034ca845f9bd044a5f65a55625,False
d23009352f4a40858e49670e660bb64e,False
078a84390920409d84ee8d963c69c0e2,False
825c2b6793c947e8af2a15f5912992d9,False
0727928056244eaab65d2c6dcd93d2bb,False
3391eb4d0fc841d3825ed540d9f74950,False
10a2fddd0ede488fadba157b13225e6d,False
6d55aa56fd2243fc8756a946b7faa765,False
4edd51cd4b9840bea0e0dc9c4be04cd1,False
8f56cf83bdcd4d97abb84119810436a3,True
b953531c02d0488aa6e040c599ef8513,False
da23db5de6744715972fdba3a07564f4,True
1f12bbda6b4341d59467081fce48db69,False
f38b07e5efb845bcb5ee4fefb150c46f,True
df095f741b034c6ea2e319bf878470fd,False
32e37012709f4d7bb21434a990950819,False
ce86918ea43f4dd3a39f197cf2a9d312,False
b0d3cae95b0844cf81b040b916b3b819,False
7a3f06648a594edca736e2163b2c2376,False
4ac2662d7d2347ce87590455ef09e34c,False
2ca4e54c0e0a44edbb52f07bb9b256bb,False
f527595847ed4feab61bd9164cf0791d,False
f0db6f7f14694615bfb931497aa155c5,False
7157745d94874d9ba9ff2ad50e065449,False
ea94e24c47f54d4eb205abeab666c5f9,False
d1fd9a94a0fb4bbfa82b5374a4f373c3,False
c8234d6fda6b40c5babf9c47f48f2d81,False
3cb583e96d5945148c64b03545f22d53,False
31cf16225a664567a92bfa40ebaae2ae,False
a7160dcf28b14c16b9376ad711902fe3,False
bd80bca6505a46e8a7013e2cd19ef3ce,False
0597b07d2c864b64ac858d62f3b82351,False
282feac600914f3593e25f9920b99e7c,False
7293c0ad5afd4748984e2e6577c5b5b2,False
a3b1c13b33d749a8a1884fc79cd53266,True
ad81a6a0e28d47128b19c863bcec2fd1,False
98c23e4601e44038bbee3bd28286633d,False
35ccb819ed6f4c2a90b975a1cd0552f5,False
970d92ada8e346c3bd8af413c729d047,False
c91eccffea5b48a4871cd974108d181e,True
11a6dcce1dfe438ab66614db6d01240a,True
a18f7305052842b2888d47ded26a8833,False
2ce55893843c44c2906815209b02eebb,False
8bc4031cbcee41029663530a56e9ed12,True
44122940b1cd427e9586d0074bbb1825,False
79abaea25cc14e7891a503b1d12b5ed5,True
30b78a1468a44e219c918e19bda295fe,False
f33816a69b4244e9a6fd82d0d0bfa51d,True
a1afbe2f2afc489a862d89e8f4d1c0a9,False
a497830ceaef47e3b4c24e355a5dacd9,False
e5e1d1953b4040a3b7883a52c0efac55,False
2eb7413b5c0543e5857e81dd3b8c6cf0,False
0d003180ab9e4fe78c2bb4564665adf2,False
883ac1f460da443581cc38083fd8fcfb,False
d7ba5ad580ef4bbbbdc7d1328294b76d,False
bbf99fc1fbb144e2886468c854e17f62,True
62927f2411894d659e2a56bfb1081e69,False
517a347424e84812b9d70c02b98430b2,False
db28f10a6a0a487f8f671d01fd68c4bd,False
83baa4f458df43bca0416d3e65adcc4f,False
03559cb8178c485c9f0fafc4ddcc65e8,False
8b2b27332727400fae239dd35a2e399f,False
a0b9a96d22344e52ae819a9276efe319,False
24d0330a6614411f9e9cf95fbc8b6140,False
06af593378b0486d9504e00a0fb8701f,False
0f726ae4f51d4b4aa5b6190774392606,False
074f3cb4431b4394a0a3c9f2c4996f90,False
5f3db19e0bec4d1fb2e8d33d3954e5dd,True
e52c2ac3320944be8b35ab521259e76c,False
91879d35ec0c4b1c9a0d2a7ff5c5ad06,False
a4579e563b5a4cd5a7a8e4cc076da670,False
8586d602285d45deb7c79983a0adf51c,True
da9560acc31e4cb4b810d507efa27ea5,False
79740ba090a945ec8b069762f3a1ded3,False
50368d50eafc485399af188010fed33a,False
b104b97dc3a745389b3b89561b1b97c9,False
fce41495c68e485e88b5caec1c59d80d,False
9044e7724dff4469af685b1895a7efe9,False
5db3026b9443487393d06c1479304c49,True
366259fe970b41d2b49cd5a1e1af1cd0,False
32f4870ad7994f54b22e344a9ee995f8,False
442166a6bbf6457faf8c692842b0716b,False
a3a46a67f4a641cdb387d1cd39d31842,False
183403ba7dca43a084648e3c638f25a3,False
061715989b6b4c26aa9473d2eda73643,False
927ebe86ca1d4e328bd0cae6be8db480,False
2f97d9bd90e4451b9fd1db56d68d3bd5,False
46ca4111087d419ab1cc1fd6949c06ec,False
613e5ddb2b654243bed09c7663638e60,False
0ba278ab95d4437daea2e68bbd00e0f3,True
71a1122ead8e4dbd9d9edc78663a36ad,False
34ceccd474944273ade514530232c87d,False
4d2196d6b8754889b2db55a5b1d863b2,True
35f93ca196e14d8d9afde7dd96c622b3,True
b73dead98a9c4db8b51ffbfa773d6028,False
838eb128592f4df394ca136d2a1d6972,False
ccd51cafd0f844a884e54b02a9a4c3da,False
77a61ce5c397495383530a50930498d9,False
d8449655a3e54211be7c49318f870e98,False
a741b03a56e1476890bb785c0ced7122,True
0243b85302984c908ec108346c0f12e1,False
500de97f0f0d48cdaa5fe30e5502c465,False
0f1a2fae29f548e6aeabe6e3b53f1a4a,False
136e68a9ef134f189a7c74ccbfebf7fe,False
f8474f2e5d784f798f6166959450d56d,False
e66387db9a6c4ff1871c77594d5d7871,False
dcb4158336ec47c686b68b698ef9f69b,False
42f20f274b244e1ab5309dd4408c7e39,True
e30d47ea50e74bd98617441d944236d7,True
e3e75d21bec84868b185b4fa46dda4cf,False
4877c16a1c8e4715893891d4b180284c,False
5b123782c5c5489291b9a27932dc2b62,False
c3e31d9b226249f5830e1d1296d29b31,False
7baef0416961470982fc7ee4bdc4b797,False
f40ce9ba219c462386cc110026615b53,True
639d2cea436447599e185fc5972ed06f,False
1009c395c1b5416cbd2c81c89688b361,False
83005d6c2743405db83f96cd9f4990c3,True
c49a83382eef417da964c589e177204d,False
edc9e02c447943fea1e0671d9e167060,False
bb27c5978c8341d7aa87bddd08d35a4f,False
79e99f3d13bf4e1b82d8308819312c21,True
0ae718023fa748a99e1775b9779a82f5,False
f3533d55172f4beeac0078a2fbdf73b6,False
90f403efc2364d91927e8ed7be6ddf0e,False
9461e1e7cbd949cda5623be3a4a486e3,False
73e505bc9f5f4fe48073f120e270b37a,False
4b50d54a504a42fbac6a8b37a4e1af61,False
28a0462d838e42a1b5dab415f8082973,True
75fe02eab6184b6ea8479cdba3e2a7d5,False
683821cc4eac40c2ba544d902f71e0e4,False
a4d7e81031f34e52be271b05067d7afb,False
52ad20664cc849fd9251e5a730131d0f,False
9983dd1641474572bd42b43d187a8ce9,False
30f60bc868f24a149acef29bb52018e2,False
c2f4c210189b4bf2a30426080b278127,True
35e668685fa848cba4d0adefd5c7482f,False
5a58c40164f148678ce980bfc045b3e6,False
3d15d2077f074e4a85e4f356b1d62df0,True
98e64d047c534d7abd72a654098cfbcc,False
c80c4472f31147a79cd0b422cd28c442,False
0b17766fa4c74618ab227187ed5a3366,False
03d76f4cdeeb40de82e18d09417ebe02,False
06e7f6b37d4c428985b44738894484d7,True
6a34462b183546fa9ec4f5f67eaf4a76,False
f8f256088421493eb4ce16196795d764,True
5b0dd731389846998ce4a1d8044927fd,False
ccaff43ca4c14d8fa8ef6485ba295def,False
b291954723ba4f1894ea7a7897ce0f69,False
fd47ca3d13c94434917041a44c9e57f0,False
2e457bf0ab5a417d88d3399d98979ee5,False
ceb796e4669b421d89ee3d6387f30b16,False
4d8f7c8772874377979e0c5cfa177a96,False
4281410b2bf5437fade622fdd6b4e4c0,False
cd0d4fc9f2b043868ccdc1992ec18d1b,False
ebb9483fe1f44bae8e3b87b5d1632350,False
e7415470843b405282dc0ca1efedc4d9,False
9208525685744c3e85c0e04e82ee1bae,False
316bf152bb7c4673850260847653cf68,True
16e69064370843109b42a024a7b5a37b,False
52084ee2d4484daea9f7c6ada7e84b04,False
39e3dc9e71544c6e85f165ffed3b668e,True
eb9f23c7014c4fa082e90feb5777a0f1,False
3989f215259143a3984d985d35b26b72,False
ace69f3578b644d5b44157f08bb5a22d,False
c356eff5b8484fb590230c0e3205e633,False
35c6619fd36243da800bec94403432c3,False
0c97af324c5a42a5af44f6748e2bf47e,False
8ce5dbffa10a4e58a9eaef7d1c64fa5e,False
dbd51486b5eb45cebad9b53452f73d28,False
04e08b2988374d02846505e825ca3c83,False
88f071b5772b432e94b417f7b41ca695,False
5546f1b7b0a34d8dae9d4cdec596b1cb,False
1c384a93aaae4ed99c8acc76be81726a,False
bf7dcb763d144ea4b528ae1c7b19f98b,False
17ccdce413d14f72b72d4d3f8b252dc1,False
2337d4da9bbc404d920f8c763e7c648f,False
a89baf7918fc44248acad9cf4b855517,False
547584b2b1e54c4f9c4887bf182dcc60,False
86e53e6896a24983a73ee904e2544873,False
bea9cf9cf04d4fac8b715499ffc245fe,False
4f65f83c26be43e697717756809ceff4,False
5b66013df8b74c218becca495abc5869,False
239a5b2985b74000839d27b8b702c903,False
4d68dc62823046eda2db01815a36a3ed,False
e703b88fd983411d801ff354c1db886e,True
84a7ca7a387a4e2ab0b8af42fb87365e,True
eeeb6e11f7aa442d99064b38a6ca3a55,False
26c3e6716098457a954541e6e94315ac,False
58ab6beacb9a4998bda84ae1e6e6c8cc,False
e5e13e015a95421c81a9e4f364cba175,False
faba636ca4e44d7799d7a7286ebe86a9,False
0d938e902ad547e4b4265c10e10c16ca,False
354e998e795b4f4a8369a0ef2311e331,True
17be265c5c654e8ebbb76d2d024d3701,False
862fd72015f84254b9ed2f400a8d05dc,False
0f79d3019bd74e60af645894ab329307,False
5f5e8fdb56654a8a99c1665d4d937a84,True
c522919c34794773afa69617d3843333,False
767b71a867e740fb93ca1500253139e8,True
3908e44880924675b79ecf4c720f0b54,False
aaa0b7f1b04f41c6bad76c06edf430e3,False
9e2f107415854148aa450e49b709334c,False
9f0186a47bd74611bc5c582b2292ea02,False
c0c7306712dc454fab4478395e40f3b6,False
796d44a37e07447eaa45c2ba94e748da,False
594c87c001074777a2d82e0f70ad2a86,False
08ba2452f25d47508ac9bdadfdd5e5ed,True
0805d9d1af4e402a83b2a4bf771779bf,True
4a34345b3740406ba27852876d06479d,False
72fbe9e737a04d779a7925bdce0c1b33,False
fb3b1a76a1064ba5beffa3355d9f7d02,False
60d9d8865d4d4ba484125dc5703f5ae8,False
2950681a102e4effb07846336ebfd1f4,False
1bc685731cbf45019a2bbb62fc051bba,False
071b650731574b1294ab8a0899acf366,True
b3fae1cac6594347a03f45040d9b7e75,False
0e2b2670e7744524907afa58149b872a,False
c518b546398c4a4f84506834c51326c9,True
531e190bdb0e48869d433c1f55007b6f,False
f22bf4ba2de248b78f5e6ce008ce4c65,True
86eec158cd0049d69815025c200fedd9,False
76e2f6fb4a6e44d3be7e03964602fb45,False
50cb8c564c854ced9acce9e1978196ca,True
7a9ee9e3555146b2ac2b7b1c823ea5f1,False
4eee2055cc2b4879b0f626b3a4c27f28,False
870cb1886b79498e90efd10bd872587c,False
3c69b25502394f1eb73496a043711cde,False
492ff217905c44b9b35f0509c55a6749,False
75773aef3ae74907abd476ff2e25c15f,False
cb8c59c07cae4134a446149caf2d8f31,False
7bab584115ba48408136fcaa21848767,False
1fc20e76681744ba8179133f0fa721af,False
c7538353c1464259927fe8903ce5f254,False
98c262f5346a45d4b5449ef80f0ef80b,False
6b8482027ea0436fbd96e41856517155,True
63a6d4411cbc43b6b7dd0be6b3205230,False
32487a79376a4e9cbbbcd356e76b1a88,False
063a892c7848422f9b48a0ecb3a3babd,False
67f427cd6ac74910b68ee5d467e47bfb,False
f696ba9cebed46f4ae0a18f61b3f3dce,False
1606c90bbb7d45c6a831a432c31a32c7,False
e94d8239e3f74aaa831ad94d7d9e892a,False
b07ff1c434b94a9e9a9ca208481033e2,False
6fa85612172f49a0b65a979b8a9c7a35,True
5566fca55bc84e6daa2ec770b4f62d85,False
0547cb5779eb416a9823bdb299152a79,False
8df56481978943ab89f7c8e8b5f6e063,False
193c73559578493fa2b93088e38da0b2,False
d40732e29f4946c6aed50f905e687fe7,True
5291839c5a8548e8b102693f1aa6653b,False
06d08d6fdbea4442bd65b28a67fd7557,False
bf5075dffae44fc181f877b049ac9768,False
67d647d22cb7445eacecc4578f6754b3,False
799bf790919b4c36b1e2982e2a8056e1,False
d1abd7c1335040ffbf3470f7d75b6c3a,True
4d8a6dc3578a4191bae0a77dc68fe7e0,False
94b25845a1d94786b201f01fbca73319,False
604fc3fc59dd414a81b82144598b199f,False
1d9f758660d544ad88c73d014720f9fd,True
c30d236d448248adb904e87ad9350b2b,True
555cbee26c0443258a6ccaaa393c76c1,True
159ef150ae1948749a200dfe95cf60fe,False
2cd3267204974654bba7442d51917ca1,False
f46542c65e094978912cc99ccd72751c,False
0674efe7592c4fe6a6e49ce977dacea7,False
2fda27da1026479982ecfa0889f3a6d8,False
abf404a7fde64b649e747cdc07d63e7f,False
4cc650cefb2a4d70ab5fbd75a8b6ad8d,False
adbcca8c1ac74fe1b9eac56f90142409,False
df469ec996124dcbb89b17208b43ea6b,False
f1ea5ce6c4fc46e5ba9651d2d80e82bf,False
5c1f2089f8e3444ca0fd1ce2a1aac312,True
e076a035d324448c96ae50103276ca4e,False
6242c91972224a11a77746f5af940f55,False
32696027b230439fb1835181c65b9420,False
83376c05e2c14c3e822decd7090a1b1d,False
dc7147e77a3d4efca03cc881676d9eab,False
94afe2c97bd64f23bdf4a6667c85006e,False
47d995df1e80454489e9fcbc0ee36bec,False
cd74ee88b0e04d3da5a7a4718534724b,False
aa92dde69d484f82b962509998304888,True
8ce00d20b3db4309b38b81f43c1e8326,False
5f419195eede41bdac3d8291c09d2190,False
4e253cfc7ec740cf970f2b1632397ab3,False
a763d758dabf4bcb80944e86d7de02c0,False
0add0c5742b04aaaac1407e413398ccb,False
e07a1af4cacb4e7b9e2f96633cbef883,False
d2ff89a01beb416f9669c4bf1db7f693,False
e0fa349ecac64830ad696a3b901192b2,False
3f194ebf7b2841f08409015248c28534,False
937303b9b83e415d947dd4a297a7ab11,False
f8f2b0ee39fb47fcb5dd8b208e7afc7d,False
76dc9efb7e8b45a1a6f871a779baf568,False
4a14e893c8c94b70ad0d7f22854ac35e,False
3d94264b8afe4f808dab491074fe71f3,False
b8bdc53304c5426d865c0577aea55131,False
a2dc16255c1545ca8b7dd36bb7298fe6,False
23adc18180794946a06c142a6a8f162c,False
30325c41899d4dc99c20f17aee85c106,False
c4a1bed44f46427b9203724204273272,True
7c7521f0ee6f438b817a8e7d4417afee,False
be7b8c2973d94cfc9d484511da2964b0,False
9eea093f18624711840e264aa95e7aaa,False
203e9a18fa7348548b8385ebbd8c8db8,False
2f069608739040a8994b5ceb083a0e22,True
a776d171fac84a6f8c1517e754bffc4c,False
bfc544a66b144d279881bf2e58aa3050,False
5dcca8dc22114b44aa74e0f387af2fe9,True
4ccb990bf2d54a6382aa3b1ca20af870,False
21b579e1522e4e09b604433635ef6510,True
74b305237ac041b6a28af7354a57d2f3,False
c967e889b51a439abcfff915bf6d308a,False
779bc359b9d94588ab941c4215db5d9c,False
e6b606a5b874424ca8e737e52708d364,False
85da345e58254be88725629a0fb8fd76,False
538e1e35cd4b4535b796c0650ae179f3,False
8b0a7138f2c14185a817ed555475463e,False
760cad6d226c4ebbaad2aafa9778a0c2,False
2a5b1014315b4b22a335e79c340f8884,False
eed3a69c0cd94e898cead163eb18828e,True
cb8f3a72c4c34db18fa3c635deba3636,False
57d6fd655cf24d3683cbf75d88745d0e,False
d320987ffb89489d8eac081972da08a1,False
26705fa3943944aca9aa3164203c8e16,False
19c3583457054dda9e3732353af1d104,False
7160d932963342549eb9b3f2de93a1e7,False
28dc457e900c41958e4940cfd80968a3,False
8ce04b6890ba4e1b944219374d8bb1f4,False
53e12b82c3694ab2bb7770796597f766,True
abe0f203d29445259d9bcd609fa7821e,False
a01aebcc31f24cd5ad2daff6f79a5683,False
a76c9f434c5a44f194f9d7f2fd04f8e8,False
a8356af3b93346b1b2dc619fa958ab8a,False
17ec4b25e0c942ab862ebcf6d08a46c4,False
5072efeb669f4c77a7c9d57d45aaf151,False
1d73288f4eb74b859fe388986f80fc95,False
697c8c92109f456dbbb3bdbcbc2f8fae,False
1e5644168e3e448891f80c306019ab6d,False
377d022e6393470992f1d7bb98327a0e,False
d1ce72d768c54cf2bce28b447635b509,False
3ea29b5c37ea421e98fd3cc587b82e09,False
67d48ffda11a49fd8f0c1b64d67dc621,False
f109933e071d4f328dffd0d944eb794e,True
7b4d815b2ddf42cdbc0a46932d12fde6,False
9614d9af5f4946c0a9ed0ff3e77819c2,False
eb67c355a90d4ce3b67e207560243763,True
5750d77ba35542a097ff6c3bc8dc14fe,False
720103eaa7e84d45b870245082d78a41,False
e9e1c2464cbe40e6aa5125d01352f4bf,True
fe14094bb3304710adb20b2cec0961fc,False
8b45e7f3a1ca48e0b13c8fa17e0a4fed,False
55c5baa79fb041caae895a72ba4fe640,False
30190adbb83243a1a1c6b3174a674597,False
84344d957b6c47afb0f55911be3a37ce,False
5550ffc5dab94df096217b15f4d9c4f3,False
01bdb05387804825844aa267f996a721,False
038f1fc4b9024d909084d9dd8a4132d8,False
564b4f3de30e4b6f87b7ad5c5358364c,False
787c9a61b6ef472a8f73ec71943cf314,False
7bb5c2d375374dadbec7b2c457fdd8d1,False
b65d9d22a1c74d08ae2af5b32edd4c8b,True
81d3efb693074fcfb5e79d6ff92c1ece,False
1505e765f69b4d5dbb4ed6b571ec4310,True
403119aeee75423bb666b9126a373983,False
3fdd8f85e94449329348849fe5549e16,True
f898932c06474499922c4dc4f3582999,False
31b49690099046e59b1d1518f3cec9af,True
b349ab288639451999cadec83b468b19,False
4cab6a28f50648b1b2d8ef7d2bb1efc8,False
ab1acf70358f4961a43657b0450fda96,False
6f21827f73174343b69f54864cec040a,False
734c24f8031a4f3aa67ebb53c256b4e7,True
a949f2edd92d4b12ab9eb00a92d754e8,True
f04dacee52634ce686f3f3fef73725b8,False
ff8c1d2cd44646c19946bb35e8849788,True
278f6db6b8804aee9d5779c9c6de9c62,False
6e15fbbcdbca488aa8c43115c3036f2d,False
1d04eabae7bf4853ad3e6307b3c211af,False
b83e01bd9cef4058803e0105fe774157,False
85a7fb8d188f434d8fdd87166dff9a72,False
c56e92afda4e4c49be4cd83523a9e00c,False
a83e2a2c145c4969b45b2bec5fca712b,False
01ffd797c960472a865f90b596a916fd,False
2987306620d34483ae8c6283ff710d69,False
df6d9cd4796c4e55851bbc1f27eaf320,False
a0af5519fc724593ae3eeb8bdb0456b1,True
4fbda3c611d54947a6c33f7be3e3fba9,False
318affbe1d784af5a8a5be84a2308b72,False
1466c1927fd047d58319c5ab7f00ffbc,False
62c86ec709f742fdb12a5ae7eaeb58c6,False
5da4c66bec12454eb97567cc267c996e,False
a3b8abd384cc4e2c8ccf0dc59f065232,True
aa5d6b16098e4e2fae9767208bc1bf08,False
48b18e4084fc47689cd2b985843466a6,True
32a367613a8d430d8136da75128c32d2,True
c1c14f0736d54df2938b83b373e8877d,False
352df3de57ad4f66baf7223d7a7ded4c,False
be787566106c46a4957adb603d94a334,True
bb0f8e0e403d4d6e9776c00854bef3e5,False
79e07c07e1544080b239a6b6328ee290,False
d5aa4ad3d8664ef0a8e7f2dff241a2a4,False
4a6210de9d5644368e06baefefb4c083,True
4260ddbece4645aebdc0394568dff139,False
141442f8455e4d6b99ea32ac82e8ee96,False
68bbeb11f6bc4db6a31282534bc5168e,False
945fa98ba3d64bd7b65a7a36c3c4aa76,True
69142ebbc5a14c52bf821bd275674086,False
8a69b3d3addb430c907d73b23d5e8582,False
b25e23d5e1154c9398a95931751a106b,False
ff9766f9724a4fa6972bc8240b7197e2,True
db768226851f4c988be25483e295b5ba,False
c37eaeca97e94d6d937be2ddc0d98532,False
26a5059d004c4bf38b6cccab8fb4cb54,False
c7221919cbd142bf903f5071c35302f0,False
10f587744b4642ab9ed0837526209029,True
b1b9341da61f45828518a13cb6b5a511,False
f11cf9b9b5de4a088cc3fdadca298988,False
36a60b7a54f344e48a504ca623be2a0f,False
0825f6d32f3147e0af58916ad7acf71d,False
1340db45c6c64103844082e2de17b767,False
d0535864dcf34dc2b3b317007a4e6b79,True
1b6cd5645a76454ba8b002049c52b799,False
17c3ad72e6cd4ee88547c26fd0f2f47b,False
236dbb432e9749cd946f3e14a8a396c4,False
b08b0b3f100940ffa3b81c2b4d6357fc,False
5e1fd5ba01914669a2ad663780b9502b,False
9ea2671e95184f0591bf7a6cf718bf6f,False
a37a7b1596c84dbc83306084eaf3f1f1,False
374996999b944018b8b920d76d94649e,False
bc3cf988c0e84736a83174f1cfdc26db,False
e176ce1e6eb043d9b9fb69dc5930f2f9,True
d0e8ea742868438bbfcc6f8805d557e8,False
5ab915852d2d402eb3bd65e8a06cfc9e,False
7467f1baa75644699884fe3f3ad1c232,False
56820a3fa55849719bf99ec60e3a1a4d,True
000facc2a6864126b36b9de8380ce5d8,False
e5082a125fce4e6b983e42d2a9d458fd,False
caeb5466af0245b389e4acbf552f14db,False
27d638ccf17b4207a06488f5e5b01421,False
d323171b0c584215a85140eb62e1c6bc,False
d93ccb3f95e44cbf83c67a47c03ea935,False
63747b942a3a47e2a867d099bc97aaa0,False
b8643f6f6b444ef0bcd16060cfa29217,True
b9a63424a7624a96b5faf6fd665d92ab,False
4a62fdbc364c458a9396db0e319fad44,True
d5bb44bdb7d34192a9472cb506f84bee,False
c52fbab78544449ca1ede74d4dcc8e4a,True
5e22d6ed992b478fa5731c0e1904ca9e,False
ef544cb7bbef4364a9da6bcc3b6a5f04,True
c453fe32be7a4347b4a7d93e7220f6ec,False
8575d0f345e9421e9bfd89635908da39,False
c3b637363106428d8d02f98d51445929,False
38f782a3861c4bb2b118a40d21cdeda6,False
5244cc478b9b437394f7f59ceb7de540,False
4f9c9514cbf84d22b624bf7bfc640912,False
b961680c5ac6407188a7ccb636c94253,False
de855edef7a742759d2551161581376b,True
6b62aff8e6404109a8efdcb86d81e83d,False
67c8e19dac4e4feea1428f63ee6428b7,False
2c6e56d17fc84fa4924794cc9957800e,False
47df4a5991544f9082164409bb17f17b,False
1bbeb53dd0c84b2e9a698df4dac85e07,False
261c6bdc732540068ae2297ba390805c,False
3dcc2af22d3a48e19cf164db2883a295,False
ad2d1a4dc4114b0e9986ea2b30bc2b3a,False
2e4915b5f6d7481fbd90400602182059,False
89928d8be19e4061ab3c86781083d4f5,False
562a4f1280ae4ff289e579197415e5f2,False
8b24ed8688344bcb9e406bcd84eae3db,True
58594e42c08844628e272e9a826864ac,False
4a77823c78d14258a36faf201f6a4262,False
5b16e38c79fd40939c5211b69d6ce107,False
e88b051ad88a4783981bbb8c276f3c81,False
ddc6364f6900465fa9fe71bad3bd093d,False
d7b99b2aec87491eb247d90cb4ee6c69,False
089e44a77d494bd399b38e3a7628f015,False
7085b997466944e8ba290d5254646075,True
8fabcc3f57e34eb0a1435846c37386f0,False
c568e5897b0c41e19707c896f27832f4,True
72b43c835e144770bb5f9aa9f9863c07,False
8e03c867fbde4932aa04f7b7197b32cb,True
6d2aaac80671458cb8948e7c2f644101,False
6ea5e06b83ac4ca0aa0ab739091cf8e2,True
72ab57df91fe4e27855206c526b534be,False
61ad6539c5204ea7bbe9ff4936297221,False
0df67b7b4d9a46c4a7de2309d03eb6e1,False
5cc9e0b382c04791be993b32bd211eec,False
689027bdc7c246f6a67c2cfbb35f001c,False
ec9eb52ed6834acca331cbbcecf9ef40,False
3cfa856e96ec4a4392729028a0186bad,False
886f10dddf364a2c8c7eddf9527bcdef,False
bc72a917dc274829970f694bfcae41ba,False
d2541cd0d16446d68701257b5713e12c,False
a89f497ac5b4424396cfb539c87ed059,False
7aa9b6c08bb84d7296ee89dacd7ee2bf,True
e261ec6e0a3c4d6ea6ca7040606ed459,False
f1d759a7a6c947dfbcd584f32371e10a,True
2bec0ab253224dd7970ce5ca85651d97,True
06055e14fa0f4a04a52560b9417b2643,False
d792c37162b142b8ba58d515494709e7,False
4c46ba926d2741d9a5cc8414f8233b92,False
02eeb336ff404f5dbeaf37ce423dfc2b,False
eb145b34829b4c95a806c3e605e7a55c,True
74559a271e6344e2a810ae7ac95ecfbf,False
91b72faf504c4179b35c0ebea15385e7,False
22d37bec4df64d9da9c74a5f2d6197a4,False
5ea7d313b12e4102833ae241186c66bf,False
2a61607f22894fc6be910dfa9ed65dcc,False
3e85c00e3bf740dabe9e22bc3313210d,False
c70ea02f1c6c4159b191e8f8733ee733,False
4dd3b1d8900b4d07bdc825fb61a35062,False
f33a52a0f205475494f3d00cdd514a74,False
f36224e5660c48f9ba8c6a0fe262c0a2,False
983bdf8f7430498ab0b8cb14b8ff1080,False
b149b78dde5a44f083dff93c5c2dd5ee,False
1e526927f30c409ba78165a6b960ad9c,False
d34f2f4be2024405a4c18fa475b7d8ad,False
bf21c894208a4a62b11c04080982010e,False
7581cd749c51405eb747892357067d52,True
3ed8bdfd28704a8c973a281ba7df5d39,False
6f71781ee72a43d4985d897085e9c80a,False
b64289b1384d4b01ad7f3079f1efa6e0,False
b02d7e7384ae43dbabfa3f6dd6c9285a,False
02490eab04584a8787776c285c7aaec3,True
5aa509054bff48658eebd95b6957d82c,False
b0614480e01541a09b79072ebeb6942f,False
80cc6a24f0e24e8a95464423f0089a4b,False
89e49577cb4842119e2aa9d8d2c531a0,False
6d6c05c3f28c4ae8ac70c0270b15db82,False
4ba5726dc4fd485ba3c7a74c00d20ace,True
a0ad95213780475eb936449eb47e73ab,False
43f4d9fb46d94716bcb13a3f177d8fc9,False
518d010429304b5b933f500b0b38ae47,False
04462c4fb6164e63966fecb284064bca,False
1854ff0d2f514032bad4bc616f76f754,False
703935a4c6274f2eb7b83859c3eef821,True
13f55b4a2d464ca0b9c5e1b2da345358,False
c21e17b77969439c99fa0a9d3db30885,False
80b1757bdf864ae9b462753827b02866,True
8b04e8e015e448ad81345284e2b0fec8,False
8359e0be1bd64899973a1ccf1578082c,False
658fa584f83c4413be8c423fb693e391,False
479a726c196c490cae29cb768d194448,False
9964e46016b143b19da65093a806e48d,False
b6d7d7a13985469ea2f5607dd51a6e45,False
837a980774584c16b843d812e58a674b,True
308f97eb4f904a0abfcddbb9459374e0,False
dd681ef7ccbf417dab155bc3501c7429,False
ef191776702d41d893e8c9be76e400e7,False
a5e5a3ce37e14dc586d3ad9bbdb2aa11,False
b27c983e79104219bca7e7c3ffb44d77,False
e9c4f8aa08c54d2a8b8df2748758716e,False
33b0f6b88114404d870bf71dd504786d,False
58439f02b6844f65a854012b5e47d563,False
c73b5098107a46e092f89fe7e7ffdf32,True
031d9cc159d7478593eb8b874fcd4eb5,True
a04ff167fe0f4c3fa360e5212182e09c,True
f29ceeed37af4ac6b717ebcc3091bbc9,False
923b2175fceb45829f3c302e91d381ab,False
4eebc66e75934063adbf3c18ac2b9a25,True
0fea5531ffe54091adfde94706d16175,True
fd3d4d1c667648adb8636ef6f7853e52,False
6b7528f066f74f7eb2893722b3b0fa09,True
9b79fdb4c43f489982f579db45682b19,False
c3d993760c5a492f8ba391d64e0bd760,False
91e009b2b99f45279367365f3b7b5ce2,False
91be8c4220074eedab3a68e06c3e5ac5,False
693da8927c104f12821ae7919d5aa50e,False
ccbe394c14944e22a79a77898f53e151,False
0305c1eb538a402e886dba0eaf8cbbde,False
233fe7a7b7c54b31be91e9d2aaaeb065,False
a9f752db95df4c0f81d1b22a2ba63673,False
d054dbe8694f4500a3ea3394a1aa7d4a,False
6f9d91d90a534471a98997738223b0eb,False
d11c36a28a214f68a0d2c913cd359013,True
ff27641fc5674600877a29fe0b91a5b5,False
d6b7524f9c3244099b4d00fbb3b0856d,False
5493f6378a58443ab638bdace9855339,False
67098a8c1d61449ea248a1c80c0623e7,False
7a652c10543a4875a3daa5f476faacac,True
a1608a0de14244bcbb4851b7551d85d9,False
e312e60003be4e2ebb372eec830a1309,False
d9693415f7a24d1db9be3faac1d6fa6d,False
718030dc750247af9307df8602ca6bc5,False
afef200bfe1d4a6f8e661e84448b7563,False
34e858b4ec45489a9d5e5cf7a1b9bffd,False
9a84b0b4aa684ffa95c82e0919ba6d62,False
94e6951611574a99a69434b7b108d7a6,True
92d9566f54264863b8ee8b81618396de,True
63b98f43853e41d8aff6b96d96df77fe,False
33fd385253454e3abfb8db293a692387,False
e314a5a1602047079b18df28c2a1acbe,False
501e52fe03e0470180da3977f654a26b,False
4c4af999c405499baef04c40c3833c2b,False
d625da02b1194d6f8e1ea0b186213057,True
54ea5a43277f4490baf8455d4b22b333,False
7bdafb09d87540beb2f35d2598ac2890,False
f77644622810431ba1e21c7582169c1a,False
0475a129aab34f6680daff32d622df91,False
de310fd87f7842dfba3c4a705d7bea5e,False
82a083e0a6654f26acc922bb6b77fd1f,False
57d4383adea748d88afc3f6905c4f6d6,False
24fa088618db4b18b2fd3292661120b9,False
e761f0ae451b4c9aad43740095f1dd06,False
039d3e84d77248fa9c1b8a967282cb8b,True
eee2a501f6e546808e08288f4d86534d,False
58a57c0186594b6eae5a597134735129,False
bcd767b43db246fc9e87b46c4a79af1d,False
a304e8fa0d5d42dbba0ea647a0cabaa8,False
0720711289e44fdead831a4372f8c40d,False
2abdf7d302d24d3886031c1cc9248a5e,False
e1915e8d92ee4e458570bb334dc2d2f3,True
8f153826543f4167954db756e7488176,False
f2b82246c2a94fe0bf0a3bf0a2fe39c6,False
bb465a66987c4d309829d38fb3e59f57,False
3fc12955520e42be88f1c7f129f3b4d6,False
0b061ce3774848cbb16c037dc13f1769,False
f3c08726a32342d9aafb48b5731655a5,False
51da806ec9aa44848e7fc7da859797b4,False
80b4bb678f104afab0676a4e405f6acb,False
74ba1088e1c04c398114c97707f1c106,False
008c073896954e61a47c996f655aed54,False
aab13fb29780482c9f065c91c8e64384,False
e0037cb0d860424488608b3f937f8595,False
547f4d9957d94e42a8a6e6ec9a7bd248,True
dea31f229ceb4de39f085004d5cfc977,False
186716361299439e8cfed0592acb02a3,False
a941170fa4fe40ff9decd4c775f77e38,False
6c6cc236dc79408e9d18473c435e91aa,True
6447b650339244ee83bbfac6d4c501e1,False
7f2af4e59d944d80a32b1b15310c70ea,True
6ce319f69e814638b2784015874d33d8,True
8d7e1d3d93e0427d965a4a247e51518f,False
dc359960f84a417fb3462b4130dd1dc8,True
edee92c4f64e4aeea6812c735a50c619,False
01dccd86df624112a0dc9d6b30570702,False
3e76568b03cc44de8c228e5f553dd076,True
deeee9aa53eb4b82a6d02632cbcf5001,False
2be888f0f103425087b54dfc2daea09d,False
2ca77a689f1c4ffab3be6b9ecc9fea97,False
2e115dd72aec4eada4702656f3657392,True
0879bdac11a9412b8cefa0d910e155df,True
d3b87c720471473587444ac9dc2fd620,True
614a58a7dce345b99a01d3cc5022a95f,False
de7a0562911344a5a96c1923b41a2101,False
a488e44661dd46b385295be31643384e,False
6680abf275f04b94891098c9f65749c4,False
d306e1cc941b4a049fae84ba237edb7e,False
b7fd6b01878e404e83725beea4b068d6,True
45a754b1e20f4450abcf7314b1924fdf,True
15d9f0ef05e14bcc85535a692cad3c6e,False
ec5884563abe4506ac0f1a9196fc98dd,True
e37035b0bada494b97a2d7c0fc330011,False
2b395be25c8d43b48b520fb874834217,False
998eb38499544e7cb0c32e22aee80506,False
bdcf1a38151e4148ae8c93ab232b40a7,False
d37785a8c44e4d3181e6e37b013046a7,False
7c29542838de48658ed9ce227628664f,False
a9054cfe43134bb1b87b13066a5113bd,False
efecc6bbb3cd46a2adea16587f8eba47,False
9ebd4eb20c9f40428c1c31a1db5dd056,False
58784d6b96994257882b6ea7d8f5a406,True
7ad3939198a74205861c0aeb2db9ca8d,True
0f2a47883c3c4cf8a4bbea9476eda952,False
446bdcded43942febb3b8e777a79c5a7,False
1fcc5a463e864d1b97f29da875e9f862,False
98900394e2464247b0e453872ae7e504,False
8bc03aae3ac24d55924b58d901b57871,False
d9533333302e488e9025d6f2b726188f,True
f7e635a109a54b23960e0e5c8c340241,False
7d8437e192e147bb84076f908b0502b7,False
21780668cab743489576c69293119b26,False
f071662e1752492dabc73e611e776057,False
1ec3883e95f84549ab261378949eae53,False
eb695661d6c448e9b904206c0c946a3b,False
aa8969d46bce4d04ad0ffe49e53ba696,False
3a030b034f2547d1b284853d4bb7bff9,False
18e567f6c27b4bc3a472fe1d53cda143,False
be407ef5adbd4827a5e678cf881418a1,False
d535cb4c4b574040a7905760934a21f1,False
661f0d8920794190acd66f62665f3e92,False
0c6bee9a3a1f4abea4b3c36c08774b57,False
6295415875f948978a11c70b2fa2663e,False
fa26ebb131d447a7a1c11491c80f57fb,False
2598d93d347f4044adcdb191f050ab3d,False
d4ac3838962842db9e3ac429ce0599a9,True
3e65398dc169485086b1a4b005f555f8,False
801c44bdc09d436fb24c68aecfccb30b,False
3a60e63053b34eadbbf1a20d81d1bba5,False
62c1b77adee04934b597fe477e06fac2,False
c1d5e700518045258582a6f8c1705c04,False
d23bdbdd4f7047eeb7399322579cd2a4,False
32b823ce5fab41588ba3878603fb5d7d,False
46ab889603f34d48962afad42dbfc614,True
783231f3ebf247388f28f13cafc2c9d1,False
54a05ae169814b70a0ee9c823c3dd7e9,False
244a5fdcfaf04c2dbf15091903f64aac,False
4143cb551023408586fb77d76e8bec4e,False
618efdddeeb840af995d3fdd20e39b6d,False
b18562f8092a4d0bab5bbb9be6d5f216,False
b237788cee5a431498ca79e94643c52a,False
1137e22d4cb24cf994f36ef0eacf7a59,False
28cd7ab42743415094bf6117f7a8e0c2,False
53c5a10add1c430babfc89305db8669f,False
8d6b90a7cb35436a8dbc9e62ef08b9a5,False
1cbb8901652d4e3c820860ee0c68290e,False
677fd316f0af4aee86e823d7a11cb353,True
94adad98fe6c461a8afc37f8ba22fe84,False
6401504666e64d3dae51540f088d2342,False
0f56373d53414f1db2c438a973a1de0f,False
358c93a7658842d9afb6c1230bdfd169,False
0ebec86339da401698f08fba0e996d32,False
9d007b3d194043cabe2ff3ad658720d4,False
ec503af2c8334d5abaaae0dcd91debed,False
58d222e3f22e436a93e2101fc3c657b8,False
d68fd241b7414b5882f9013649c2a890,False
039edb64994949aba89760ca4ef45daa,False
5a54550533f1404ab462f4b69886aa53,True
0779fc1a2ef14c3fba481562e06969bd,False
cb8b9d6ba99d4a0698a48ff35c2fa467,False
85fea7cda8234964b20d1b0ed885509e,False
2692d02ee700474a96c28b04cc0d4548,False
843d5b51bb8748d8b61a2f287987481d,False
a46bfca0e8cd428f92412f79aee1c1e7,False
1402fbb796eb4baf97ec862d7b9481d0,False
3ee682d34a6942b5a482ca60d7529128,True
70a58c9d465a4e9e8650df3e5f20d926,False
141ab101b7e944fba62a859c555bf4f1,False
920a3889731a4e4b9585350379850a08,False
d05364db3a384cd3a55c1efb033e431c,False
5e7dde33e3214163a744e3931a59a689,False
c888487a327e4ac98ed15a762dcc2785,False
2e5ed6b5cce64c3ebaff20e6ee9fbb8f,False
31cf345636ce4f92b6cf34801230c656,False
ea9ae15e96d047b3847817ccc6e49699,False
7e00f36824ac46d686f311d6e7367588,False
1129ef9fc46445d18d5d0e9c4954ca12,False
94f52da8e55e409588291a332a8647ff,False
68410e4f601d40f2a12ecc277c81c08d,False
34ef8398319d4c1b81b4447758157d07,False
4ff2beccbd124763ac752b218eb4c2aa,True
427991ff5ac746bca6f375f4d124f506,False
2a0268886d6748198bb3e401e643907c,False
e71a37bd960042debe83021dc940e5c5,False
3eb74da3a0054f31a9b5dac3c648843f,False
39c6d2394c004110bc158ac73a71c7f1,False
3d1ddcda338f416f9ee545058b7edc8c,False
283021629a354c2c879a06d2ce8625e4,False
f82ee29e2ad4487780f5a41abaae0bda,False
940416708a024b9b82a8a50a74a5922e,False
2eedaf5f2b2f4baaae186308ed774a53,False
d6f24e1bf59d4170bd62f4bccb77c7c7,False
b2e32c76b2ec4bafa43dd48de306071a,False
782b20218054455e968e913e5f22236e,False
659b00a1d0134c60b349f6632fbcb6d3,False
5f5b42c2212d4b028d445639bc989217,False
d593e6c16bbc49589b48df23e66bb9df,True
086c20f3afb74192b87d0c6e3e3df571,False
ca2334ec505b47bc99f5ff34523c6bad,False
0e40527811554f71b07ca642267cc357,False
27f96d5d38e6408e9de6303a31adf5ee,False
5cb30532018b4365ad19c34136189b5f,False
4036b744f15a4f35b8bcce3f9276f5e7,False
f4025b6b42ef4c35b2cfcd79b052d61b,False
b2cce5571b034ba39ac228fd0a7ad11c,True
8cf92533b3d24ff2abff45f4632e4d53,False
eff435cf96f84922a54dca8467235c04,False
2fb5bbac273046b3b1dc38e022d187c8,True
e02eba3eea45456f9d2913667eb40809,False
c2a31b936c0046bb89749074ed1adb1f,False
bf548f80cb174dfa93c414389addf189,True
0ac286ba0daa42d380a68756bbbb4aa1,False
0a89103d80eb47e19525f100c91b2385,False
09c1a3d176e845a29a4140368bb19c37,False
923de58042ab4314bd69416735645c64,True
d3351dd8fa6d425bad340a7126dee456,False
97abad0c68ae4cf990f2974a0b2d966b,True
f52dc8f7def14c478e5ca4962b645165,False
f974c08afda24138b2df8d7084a68745,False
f38dd107ecf64d5fb60033674a46fa93,False
9e518b99891e43a79f6a12b0bf21342b,False
e486ebb5481b4af3bfab08bc50eb90c4,False
b2b2d108e5c34f88a7a83d7dcae81751,False
3b1e74911ba445eeaef870b88192070d,False
0775f453b1ff460994c6789af19c98b2,False
0a2c34e404be42f6894be4d563985485,True
139c47ebed094d5ca328544bd2295de6,False
77bb90656f3b4fd7b7c44c00d1a3d1f7,True
5cbed2e6c4da445cb788b4af725a82d8,False
8f0cceb8bc9c48dab331ddd217e3fac6,False
88040292561f4462b21addca2a643056,False
1737dfaa2b5e4e05ac3e8fa6a6d593b0,False
88889dd04878421fa38ebb7646c03a6c,False
d25c55b130c14368afc08b5c24dd4f2e,False
0ff8537f8f674a8da36f726eedd86487,False
07aba7696a714661bc6c0cbe5e67580e,False
0c746f8da4dd4554821412e68ae460d2,False
2e7742a24bd84ec98f9f764ce06c36a1,True
95fdc05398174f1597c2ee2f63e25602,True
3f4cb3c47bea49e9bb12c71d35d41bc9,False
f08a18cce5d04e5595cb6ebdc6f81ccf,False
144497e72aa247a9a41bba6469dbd55f,False
c7410fc6d7254631a91a7165a5369a1f,False
bc5f10a2f35d47e4a511c9aabe947f78,False
313e73a141cf4fa6bb0ced2a68bfe155,True
c89d183dc8a344c3bb84e82737beddb9,False
81e29c9e52fc4a10b57eaf1a4a5aeb44,False
e8d62dd1065743538efbebb9961bcfd3,False
59f2594d52bc4186986b6dba545f39be,False
ff7ec9623685439681cb07c6fbfab3d7,True
496c93efdda34368aa7d3842df3dede2,False
a3bd502c675b401d9f8d8bf681e0e900,False
d6fcad17ae734d4aa2db3566d4b16f1f,False
afe3946d117a4d8e99f25bde12600403,False
45695b383c2e47e7a43491fd9f90738c,False
09b5376bada845b2b3caac0f877d7b14,False
94f83750da904fd8b85b8053a8d8b997,False
9ae0b8d334c3410c9c50aff95575bf0b,False
149b6068a0a843949497f18d8b6fbd38,False
e7960b9c1e294beaa2a30e98ba9f1802,False
40401301ee4743a28fdd3e010be9f57e,False
bcbeaf30d6b24507bd3923ed2a732491,True
6aa38750333642eeb986a276e3a8267a,True
fc5f5238406748bcbf7b003298d64050,False
cee796c2084e4766950e816a0f5fb165,False
0c99339caa8d4a9d95da7c58dc931ec3,False
7aa5e246268a4b9687e095671cc9e78b,False
81677d77c1b8412983ed0e7e54cff2c0,False
2e310805c36d4f89aecfb514b320f9ec,False
72f6a03c0d764345a566b168182a3d79,False
9f04ef88b39c47a7bf66442db767a175,False
ef967581d9a748afa8972b4adf0172c3,False
d1e999f8175f47d883a96b07d2b36017,False
7769ec14bed64e6ab47070a0e30f2364,False
d38f249d4904492cb53d1c9bb0816849,False
d62223224b6547089874375c51569b00,True
f9d7078a3c1445f18e405b9f9108ad6e,True
be36578df6244714a00fc75cb50b2e4e,False
397292ade7294154a04ddd56ba95858f,False
1e175de3ac8e41618f98d3f121074c48,True
7ed611b2cb034621a22afe18cf7ae2e2,False
ae2c47d69ac441c592241be15ad1ccee,True
e0f5c3ef0b0f4d6aaa07c4de50269719,False
4a00c0e330af49d589d2d355f5d3a3c7,False
5954e92c20364e9d9d449d77cb05b3c5,False
658d830f096a428f937495c2893dfa4a,False
c116279c1f42464f9aa353acf87d393a,False
57227f940c0f4f7bb02adfa6fd3a48e9,False
e84e83cfaeb2471ab23cd0919392f8a0,False
fb18965b7f8b46cc82134ac23bb09d1e,True
3ad5864ecbe54e2d88a65cf3a8e37672,False
3c718157f460439a84870327a7b048b0,False
2395db5802424b11b6186eba4fbe9788,False
c253283255b0462999e7c18bf481c9d9,True
bd3c728a587f4f8f9fe1a3ed0f74dd0c,False
3895655fdab2403cbd418f50dd391e65,True
9899f31462ef4b71addfc861cbed1ec9,True
c1b4f6e9551a4a9ab16258f718b7926d,False
e8782139813c4359b44cd8343bdcc4c6,False
41f2f29ac0e14bf989537dee8ae2f7b0,False
11e4c90c7d7b4a81b0fbf619f1fd2a2e,False
db583bfcbcd74603abae4d741ff387fb,True
8c3060b294df427597130fa27a5b0349,False
ad000678b27a4154b066d18114fc187b,False
59369f9e8c1a43ffa5ce0d160ce8a55a,False
f09c16b57454402997b50fbe7b2b5764,False
c7040db8d74642218f30000388ce3462,False
22ed3358c2c04c518fa4bbc2c8446cba,False
8b354ea3d6a9443893f30566f8ce51da,False
2cc59e80d7be4f4cb1b35547675f6f32,True
ebe691653ec64bbd874ad53be7792255,True
a0364413389e4cbca8842164bb94ac0c,False
5e25ca763c804e0e9a997292a310f4fb,False
6291c47309e24aefb5430c8d36b73a76,True
5d3e8b578fda4ab5a12bc6d1355f3647,False
18a3260e0b04414e80f70cd20106e8b5,False
b1622b9d86404216b9577b12cfe6af51,True
f1381cfd7a624660b40e804c3a9f243f,False
9795152f4d684626b5de2143e6902de8,False
368487edc3da4d89b95bac4dc990ee43,False
d1b73ce326d341ddae8fce82348fe81b,False
13d28a11668542608687a8d01e07e1ad,False
8120e79950104ec7b941e643a223ab24,True
93533239699f49ae8358a6e66728a52a,False
28c16d3eaff149d6b16137871827a31e,False
327f7c5a87534289b66e596ae1759f9f,False
5290463a47c347b289b14fb2fe81d420,False
0a1b42068e3d413a85021e55ce3898d3,False
1c26d6bf7c164782bf40bed3967309d9,False
9f912683e530416696a65ddb161b553e,False
3a9256bd82564867af54482c2a40f0b3,False
abb99533f2484bf3ac38d2957e25d6c8,False
87b70c7a08974abb8f3f50635a5de3f6,False
1e8b6db5d6b642f7a09a15ee6073aacf,False
d8023c07790843569599d535560ed781,False
2e5d79652e2d4297b77817d8129b0855,True
3b920e86f25f45e1998d961378a39f66,False
f4783b6ba37a411186fe85bc32488cdc,False
6f516b034a924de585117c0032bd48f2,False
382f8341ffa4486399742d337d99714f,False
6a9dfd62292c4d6e942ced431aa8616e,False
88a6bfb525a0409dbb9b41748d063511,False
4bf5bfc7e49f43e4b636b543764479fc,False
234bc056844b47d7a4bce488853dcd6e,False
959204c000184085a5f822f0f623318b,False
c83d4f9eb71a474683fdcd1e1881f6b9,False
032d6fda0d984fe396aa90cf5ead5aa9,False
501b575e65f14de88bc96ca09838eb00,False
66e3504c9cfc4404b6549a21e6bd2922,False
4ff2228e78874a3eb5596aacb154781c,False
fe3f3ae4a8044c45a2e26493ff5390f7,False
678c61c458164259a6a8590607f11438,False
25ed84a9b6cf489288ef596751bf8070,False
631ad6d05ba44c5dba75c69910df3e2d,False
7b03902392e4419bbf3404dcd2e4951e,False
61454b39bef74acd9b3dd097c09fecb3,False
438890ec21d44cbd84b38c3541e8ec38,False
5c6a7c549aa64a57b0a240e6518eb439,False
75440256a8764a4ab151930affe4c3ab,False
d55a04fd52f94b98be32b84c5deb9610,False
b316b7f497cc418b87fdd24cf9be859c,False
bd72bc8e79d54579aabcb49b122db392,False
d332e2b831994cc3ab84bb3e119e55d2,False
d5f4dfb222684f65ad589d8b24aa2c68,False
8a686f581be84708a6506b1d4905e586,False
56be31a9ec6b406e905f648d13c18599,True
096958ec83ff4374acb461bda43401bd,False
4513b475776440668adbf0e1baa791fb,False
31325ed20d404351b0062ec579bc12a0,True
8bca922d56294aa4bd5d5eb1ba2682a6,False
494a96421a5d4ab29ba94cd61995fc32,True
e5d6f5c09fcf4ca096ce205603e5e5bb,False
e5bcf489f5204627a185c5ade31fd1b8,True
4717089d28c749b28a25fcd7b8c6f711,False
1fe58139baba461c9b279d4943cc7f25,True
2973d401358e48679852dbb359cbd8d8,False
4fdd5c3da2854c53bd052f125cb3cb0f,False
8f4ace88546646e293d789afb361c9c1,False
456408921c6e4d0f906e34a3af7d144e,False
2e0fe1009fdd4ed6bbdceb066cf20f1d,True
4f99d2068836413ab8df11ffd6f7a7c4,False
e7d495a8d1c8464db6a28e6899e94ce0,False
67e98be06a1c4f889311ab7392da2985,False
fa817bce31be4bb382c27b7ebe236b8b,False
da04f342ff934c3199f2341488cfd97d,False
e336e0a72be44211b8c6a407a0b8eb29,True
7aacf5c02e9f4572b92e4e9f8c5aa31e,False
6379e3ccf63c4344bb406ea2cadae307,True
2955af19da144632aade06bd842b6553,False
c8517c4b56264d0cbf74316d1d9f5e19,False
0ce1bf8371b743ec93f3d9f9db99670f,False
dae1cb94ac194543be6424559d587ca6,False
53b4c7d1e2064b52b3f06cf29d73f02e,False
4af0a8fcc8e04c78953a21508f554dde,True
6f51c00238bd4138b63d172da203971c,False
d0394fc7e461476c9e7c8601de9ce4e0,False
b632e8e568244504ae8a1240a10e23e4,False
19a9d236d1984807bf89a86f801f4ce7,False
f4ccedad3ab1402ca60bb2ed52954b14,True
f6f36c1627ac4fa9ad7cef847e90087f,False
96530e07fbfe4393ba586a0eef3b556f,False
b55ec409f08346469b5cb5e8b0fad52e,False
657a5a65af124c0496b0ff83ff28c15c,False
cdbffe91ac744323abe821b0f35789c6,False
bb1f5159b5df41c1bcc2159ef4a46b68,False
1d3163683a1d4d429c79a4917908c272,False
b20222d7abd9433e9989679dd1d8583d,False
a926ced858b646c1a13c7a1a29cf1e58,True
d2b958ff1bab46f2a644e0971c63b1f7,False
822e951e91ea433391cab85735309c3b,True
575bab19ea104675b86966287309d010,True
4b1de740ece54ab29874f9194525c090,True
47da06253a2a445588e1ffd5f6d41a12,False
a112c01bcb2d4a5bb129f73e36bc4f06,True
49b253544e494f6b971c4df4183ad7cc,True
f5dae2a190574a00bd4bb0942591a739,False
9779060051f443f68c302da80f2acb59,False
6039885771be43ab9322c7ef7f9a739d,False
cb947024630a466ca59f38590c501946,False
8eedd969536a4c35b76155409ee247e2,False
e6fed22f924b4141b00764e4731c37d8,False
1f43fc4369c24a9fab9a8580182c02ce,False
d4b8a44dc2af4d9ca4d0f5bd4ddc4d7f,False
01127176cc6f468694e60ffc88a78e68,False
950289094e5447af96d133eabb7077e4,False
55500feb2b014a968985b969b89db838,False
009ab2b7fd84401fbb777a4c32486983,True
3751be98df2e4709b4dd2477ee74c61f,False
3a60f40d68434336a40bd46893256a25,True
a455a005d6fe440f89cdd8c970edc300,False
6979708d9e6d4d2cbd8dfd69641768cd,False
71ede6e78b854fd3bbf28c06f4c0b3fd,False
78397d193a0c4350b7b55783cd68ee2d,False
47364c88d4704bc4b781734381945ab5,False
4d98a3813fc64442ad0c6e64df2dcc7d,False
42a9444613bf41fd8abdbfb488e0d454,True
33c1f2388ffc4506ac28eac2d5c46d8b,False
1978e55a3fdf4bbd8b5dc5d2f166c0ad,False
036e2a7504c9429cae20889ec0840eae,False
c12e87f4dde74c8186801d10b80d183a,False
4adef307696c4180a793c4ebf4802c3f,True
0dc4a1a825a04cf9a926f9f7c78354f2,False
85f247a7e1ac4fc4bbd864c7f90154df,False
7430a51759fd42a9aa722b8b4a4d1443,False
53baaebf86c24325828f012757db93c1,False
13a99643aea944e3a761f1ad3009a9df,False
8ffe4cc038024d00b983f752a366b18a,False
d172dbd4b6074b8185130b34b10b80ae,True
5bc77447f86349818cd6063fc357b60f,False
8b36e95644d04e8488cd1b14a24c5c5a,False
6bc0ff4e8c5f45249131fc21b00dc374,False
ec75626c94e945a088d1ddfa2dc556ad,False
04a5ad7c76a747259277e334ae58efb6,False
100fbc484e9044aba5c12b1d882ac6a8,True
8575214595af4e7986b7b7e790dcafd0,False
8675f9629f6a48bf9e8d76d6628469ae,False
2c5cced9a852475880f16fabb452debe,False
8b864b4a413248f380f5477b7c2b7a87,False
f43deb4ecc2e45c5bd1d4d41b2e85598,False
6d46b9f237dc4c45b6a18f27dc6811b1,True
ea6cf91f370e406b856147bf2a85c850,False
9f3b5ad48ea6499aad7d118ee758aaca,False
b04db8ac8b494a65ac0e4ab8172f2a2e,False
be94043afb094a0c809d06d428667e79,False
71f51fb9ee1544ffae72979a7fd533ba,True
82bd6b7ea31d431a8303bf971b9c20b3,False
4098c62cf4974d6e9fb7dbf58472b71a,False
df5a1b5fddf24bae9d40e16e86ddec70,False
c3eb7b54c13f4aabb5a9af53acc03b19,False
2e3c66c0b9514eada9af94c06ee19d7f,False
c47b0219c10b447097c6781d9f9b1d58,False
8eb2e2e240ba4910bc20ade7ba323325,False
1ca1eb3ba81d44c09f35d9b111c71782,False
002a5ff357d045d59d5c822e5363c054,False
0e8c730a135c46b989b517a885b8cd47,False
e3b6439de45b4adca85c37c76aa10058,False
da86e127f3ef4fdbbe5e4e5206f8edeb,False
3b7d82934e6f4acc8c511bde725b687c,False
fc7d4847553b4b34a58f0b55bfdb8fab,False
fd5a3e665ad247f093ab099cf3c35bf7,False
0044748676804c1dafeee431ee30dab8,False
67ca6711018345cf943f1a03d3d3082e,True
57d71dc729f0480c8925cda3fdb2c92a,True
e29fa0029286438c8b1a37447295ca1d,True
dbe1c6a51bba46c18fe95719b0e8956c,False
0c38a3b68dec45fea07e13ab78aa802b,True
5a520113507440ed83068b8d4392e2cb,False
12419734dfa3403a817bb73eec3e0337,False
368a8b97fbea470b9002dd6b376cdd3b,True
bbdec21b88b94bd6b7408bd5d0bb2fa4,True
29455e147d6d4251904019eb4697ec90,False
b54fb34a29aa40df98aef5b4a14be9a6,False
3375f2f8d2b247578e5e0ad5c434946e,False
454d8d1e5fd4459aa3624fe7a2670d34,False
e5d8e8c5b1344d8390525b1d16f7a222,False
f51edf111591433dbd1e8f4a46c5e799,True
9328d9092ed84d5fa782385b18529e0e,False
f2fb674d9e2d461180a9bd90169fc66d,False
7439311cbf124c7e98919f97a34dd482,False
96b6f718a4b84ad7a58687c786c3ec0e,False
790ed352ef634c3d9087027821fef9e6,False
b965110895af4fb8a9362c11f497893f,False
04a555431384424d84b020cbe5091163,False
e5389e8560b0469e84a03e99b905228a,False
2368fc5009da45c6b211806f8c6a18b8,False
1e2bcffaa8ef4dbbaeb2178e1d140e22,False
54f57de1796c4940b6e7c70701ed07bf,False
17bbffed16b94fac8db00b22b1c8deb4,False
24667a649e9d465f8e1ea725065f33b0,False
9729dd202aa84c199c322d58b7eab91f,False
61c5c859b4f3439fa376364a42dfd83e,False
9a8040ed0e574f67b31762d1eea14e9c,True
36c1f592a12b4524ba5238b01f290dae,True
0bb9772ffa7d4c2d8cb3086e15042b0c,False
521f532d23cf44b4bc6ee2e587caee8b,False
d99cb4216b544b8ab6e24a142aa39d0e,False
0ae3bd3c240742f0a3b7a474e28bb5de,False
3d564241abdf425d8b170b5425265fe9,False
6230e99faf8e49cc88b012e6d07da2d1,True
02baa20da81745d88e6a4bbad0180eef,True
acfbc993b3f7426695ecc2a26f28c92f,False
4abf95befd9248a78c61ac096347b60e,False
a9638030064e4806a4dc4c6836e57ad9,True
068a39ffeb96440db274825ed4b4306d,False
208f94c196a6489698bc93da0638e903,False
b90f096331a744aeb00acf8abcc50bee,False
375967b9f40545f58742fb507812e360,False
d642be1c9288407582bb43d7508cfc8c,False
ebefad23aae04113989cf23e99e18d31,False
0865e50ae4fc4ff9a6ad40c61513992e,False
ca602c97a2934fe7ab2e654218d665c6,False
03d6d28ebc2243fdacf3f21d12b460fc,True
9a07c96d6701474dade455c1b755295e,False
f939c22601f84690b8890ad921e91450,False
9a507a83b6104a1ab7f94bfaef248e99,False
0e598d21f12144bca0b36db9b5fd12ed,False
196ebe7974764afeb5e77da76f403079,False
ea829ab5f11042b3895806c08bfc5708,True
03702f1555914020b3779dc13c2058ea,False
7d7d7248b87b49519aa44c30845d97a2,False
4f93808a7b4f41e8b30518c614529cd3,False
5f2957e3d3cd48369d1fb4b91ce0ace7,False
5ed32caa23784499ae459317cbf9adc4,False
b93b25ef5b7640f095cab6c8fde20b72,False
72ef996de84e42748710b2390f09356a,False
abb6a5b0688a4377899475acdea5a2b5,True
80f157c7466341449a42202eb08d63c3,False
f1e5cee4bdfd4395a7b5f7b118c0f927,False
66cff91d735044a3a4cec8638dc6e857,False
4f1756fdc0404b5096567a96e3ab6cd1,False
e9f92b6565484d39a8b6ed2000a4269b,False
e4d1f5add27845f2b3aa693820efebb7,False
cfe5007682db4c7fbd586a6540ec4498,False
7fb86ad69d484718a994dfc61f462a5a,False
880f450a134a4496ba778023689d8325,False
5c781de307024e61ae7d80c1c19b7840,False
d235ae0c6e084d049af37fe1a3ca63c4,False
de5ff20bd18c493dabd7911d1cdfa45d,False
7c23965bdc7c40aeb40306caf199f376,False
2953e2a0765c4b208dfd28a6319f1312,True
cf7355b0cc2f4144bd038c939104664c,False
1da8659b2ae7460c831481d6f37fbc3b,False
1022991274fa44b783f4958688a8add5,False
87798a7e0daa4d25a656718ee79d5d96,False
5b999e4d5cb540dd9f4a686413afd230,False
78d9c1a76e0c46519e914653f270716c,False
65661d7a7f6f4bc3a932b0f9312f37d6,False
4f583ab528fa4598af38eb9351b11237,False
9181e4a813ce472fab4971862ae4576c,False
a2adaa7bb46c4b04a723d3a88f7c6bbb,True
29b9abef02184650a32c9f09bf64812a,False
16262c088aa244efa0d67d2dac15b0a7,False
002a7acaac494049853887b5a735e0ba,False
69978897a38c4cbf83d852be7d863ba9,False
6b701c2d0bd8439583662d62440419db,True
4e64314e1c5e43a1945af5a01e2dcab6,True
dc709c1e5d3a418da0f2b67fb32179bc,False
6e45e48f814f4c8eab278ee76d99aef9,False
b87ea929e8c447e2a63d53c8e9224c51,False
ad298bb3748b4f5caf9a3c70624b0cef,False
d3dacfce64ce4db0b99d4436daac516d,False
1665c81ad4fc4af2bdb2c7a39c411f25,True
7d67138985b44f4c95e83fa30ccb4f88,False
873445a423794897a79f1262d3e05b87,False
84d97b0467fa484ea563d9151fc80759,False
a18d8078acdd43f086a6e36ba1430771,False
a138b9708cb74f5d999d545b42fe7d9b,False
b11f361bd29d40ec84d235801cd6e129,True
24315dfc39e34e4ba3d40103963e8ac8,False
9ee5e3b499694c169cd65d0e60c4f28d,False
18573ff3b86a4cd1a19b608895c9528d,True
ec1fc2fc87a34001a92dc110cd1cb2d7,True
045ee6fc7efd4294bdbcd0669be3502b,False
0d954e9bd3304dc8b5baac65615da0e9,False
1bd0c5ceb03a4c72952beb6040f47ab9,False
d2d266499b7c4701b8faa55d5183c643,False
2a29388ae4514b92860917874489b2c1,False
b18231773ae54e1bb28ba97132e3720a,False
072013fbda3640b3a5c706c6bec499d6,True
94eb7ec108ec423db0da72ad5a8b6bd3,False
435ee451bdef4e58bb6d7a39970d680c,False
7027e696137b4280b41b84740eba8630,False
ad4815a3815b48a0b122e6cceea40c51,False
32ab55f2a90449568f9297c467a14963,True
460d3c8f186f49dd9672cb9ecf09d5e9,False
361d6dc24f584463b1947c9dbceb8365,False
92776eb0b5fe48e98877c55b090c014e,False
50dc3f8fd373447b85ec184d53ec8cd2,False
e63d2c2e5e7643fb8bf2e15442117215,True
79f331540858425db070177055406b87,False
36429e1f10db44a0832b7379859007da,False
d17f57130f3e4baa94a09c733591186a,False
28ca38965a8241b483a6021dfd22cee4,True
ac856887fc7749af9cdcab63417ec14e,False
561e1d17949e4a85b378aa914a51aa89,True
3e59a1b8f3234effa87e66df341d52ba,False
d6a0a4dd11c948c68f181def678044bb,False
70bb1e395a314c3bb130c079cdf70e2d,False
d29521553fdc4adc82a07fe2af1ba897,False
256c1d3c61614c708eecd54fa6fd0035,True
8fc8d6d52979455580e4c0e79f9210c5,False
354e4ac0345f4f3ca7debaac4e81f3a2,False
1529d6ad77c14576986248ba822713c8,True
7a66e1da40864053b6662604a76b3c60,False
1f396106afe54b13ae446d99df3854ce,True
fe037bc913f34f429273b146c661b786,False
12b0fd598f0b4a6ab21023b130bbaa05,False
7836f3be907f4651a3c8a847ecfd5c0f,False
d0e39555a1d24f3dab25533cda22e225,False
695fa1b9824f427c8a3e00e7f952d75b,False
896d4902a41f4fcdb3c038f0191a66d3,False
e185791c3bf449f09e49cbe24efffa94,False
25641614fe554b8d88332ebb25e825aa,False
95d401f3dfe24bbca4eda266908dd50d,True
16507b8aeec048ada99a69b7a98e53f5,False
854de137edcd4b98964f00ef0295427d,False
ee83b6166b8f4537ae304f61518338ce,False
d208c979611144e4a3b64cd1a696b5ca,False
c3cf17b77cb849cca8aa253ab011fa14,False
ca1e06070b804d7494515c30e1a5818c,False
63ee3f6d127841a0aafb6aa43ab433d4,False
8e6f9386aebe4bf4b584a01994325b61,False
ca17801ff75542f38e52ed579eab7615,True
2b50c4366ffb4fc5a97ce35c8b339134,False
ca89a07d417c49208907bea2411ca917,False
70edd6797921444fb1d276de8b38ef9a,False
7b865050b3f3490fb3be6c4aba57cbd8,False
aa9342b023c64f4fa2b78855589658d5,False
db37ccfd37264b3884a8b87a8eb39892,False
0ef89640715a4582bb6f2bd90c487e94,False
7909ef3a2e814afbb17ba36eeb22ef12,False
25670e9d4e014077bab7f242dc5f35af,False
89d3c741a0284c42bc50c20d4c6d0058,True
b22a49411ed5454d8f69cc7dc9901ca0,False
43795ee5518643018db682438451e11f,False
4421143082fc4cbaa17333a958034030,False
44a66f7f9e26462b80e77172641567d2,False
31d09337d3a04baa9543640c586390ea,False
cae25986f4bf41bfb635938fbd883123,False
92a5aea147c94ce0929eed8958a794b0,False
b9fc75b49c4748a7bebf7096d77c3167,False
7a169aafcbb8448d8c344d7f9714d9fc,False
475390ab6cf641fea982c4a54ad407fd,False
98d1e43681494018900c36b11f8795b2,False
bf8a3270c7c7409db3875f459dafb710,True
f28acc50b2524491b6251cbe3fa3d7b1,False
e70ef64ac6f4475cb8b688bdd5e6d3ed,False
6abc17ba4ea74316a562dab3112bb5af,False
c84ce8ed171a424fa90148c30f5f6381,False
317a3c1a489e467d99b25ce8aa5417ad,False
74851f95010f47a8bf383ceb59bedd4d,False
48ba49319a914112b3c08eff17d78717,False
019782fba9d24fefb31b22bf5800954e,True
b5e600cc849f42c997c69acb49cf39aa,False
c9fc20aa2ce14ef3bc38ddb5c97a9e8e,True
777741eb97984ba09fe49a1afe32ebf2,False
77d63b3ea21643308990746338e23451,False
c82117196a1f4e0e975489f67538678c,False
39a8ea1530984b6d8e539f29380c0b4d,False
c8c9d30d7cec4a60853cf8170a95d695,True
8d8cc19d67864636a08071473c7819ed,False
f0f46bbd6c714cdfb964dc3c1f78f941,False
16e0ed7eedb5455e85250aad0f4f0ba4,False
bb89b1e4a9654258bf58712ccb6b522b,True
84e660dcdc9b414e963f3f464c53b1c3,False
35adfcdbf27842c09683b914cf9f23d8,False
a20de2ec72534b089a9446e62f7063b8,True
d23b41e15da5491e8ef59a6b26dc9382,False
3495119d1c9d40a7a1804c08ad5b35c5,False
f4e9c9b27c2644bda78097143e6d7477,False
1385ba10cfd541ea94d156a53de386e8,False
68e84a4bcaab4c20a07e481791307fbb,False
6903a50c14d64d77a4a39e69ff0207d2,False
9826dfa755a7432ba5dbb77ca28f252e,True
7bc74064f44647819dc84cf4f1be5b1e,False
3783369a2e314a1cba78b61b7b888340,False
adafeaf911074e8481c838de32b30818,False
948c946081644894b38ceb4423c99945,False
f8d10485d1c2404db405633e49bf59bf,False
292d3e6e0a5a47db88dff8ee455e32ac,False
26fab7a5ea13447bb7e04dd0f17b59b9,False
256d898808e043f198bf54bc6d2325f4,False
a9f686fa79bf4b6eb452ee676c66a252,False
87f7e854027c4ac1aa69690410494b8a,False
9a83cbd81e6b4d3a8f314c28ae8eaf37,False
cebd1eba4e604c0d992463c30028f4dd,True
9048d2b9ec774ae0a71121b988a25600,False
2fc77f4e249843789b42a60c19f64290,True
c638a471ee1a48d698df3029b7b198e9,False
ad4475a6bbbe4afb8467d56622e80650,False
278c289cc8924bc790d72da29729cabb,False
acc1b60a0e82480fb958a6f397140e65,True
307bf189c11a476cb1552f9f77758501,False
2fb06bfe5a154cbe83079416a966e0ca,False
ae8813f99b0e497fbf2d45686ea9bcf6,False
48de30cef5ec4d0b9e190d482e7a4cef,False
9f2046ce708d4edabe059f3ddd790959,True
3ef9944d0ffc48ff9c356e55c49ca39e,True
4b06e0d25e0047fc87799b6b65c4d099,True
cd1df8a59f594f4c8476dc9aa42f1b6f,False
50b916a2129e41ad97d431f3fd6bd4f7,False
28092609f4fa43afa6fa456900c2d046,False
62d8841603a046d6a78305095f20cf0d,False
790f82ef0c2a46c89d5386dc7708d60c,False
5446abdadc1c4f5ea39071bcaa5b5fc7,False
d8ec6f6e5d544e7886bdf2265b188a35,False
708d0c052b914174869fe41c9fb0046e,True
f5ad4c6636d24702a486bda0bdfb7600,False
37a9537d8c18491a95d43b97ad38a444,False
53926df3751f4ade85337af2fceb9738,True
c36c584260c94933aef9518e1afec7f5,True
c66a52dacfbf410b9fa950019c078370,False
92e56cd99c6544bb916448c5b19bda08,False
aac67d11619b4d2eba04de566963892e,False
7f16e639c56e44aabf79c56c3b43d0af,False
6bcbba600f2c4e6e86745c0af5cc94a2,False
084d65406e28455493b5480b4ef36efc,False
979005f5995e4726a981f165446adea2,False
577b3643212e4cd8b3cd45ba62a7d22e,False
6fc9f230b15d4a9da73f1895b4631514,False
66e80331264847569dd69f1378c90c72,False
8f572007e41a4126a547307e49fedc7b,True
c25e87c5e6fd4fa8baa63ab591b39afd,False
daddff3d7b1444679aa48c25d698cad0,False
e5fde87dfaab45b9a3142ffb206c8ec7,False
bc62ab80b54644388afc006e301ed968,True
277cbcdec89d48b1910d29ae03c7664c,False
cf556925c98342079687dc9bbb5870c6,False
e1121e25725c4a43a75a67c9733613ed,False
96f67e744c0149ac845b8f6f4bfb78d7,False
c777f22941554e209627dd46a3870ce8,False
69d6514681344435be9a23562d452379,False
e72d17823a384fb7b9a5492b3750780e,False
bf0615e8040a418ba56e81f87b3e47a9,True
5838759c58ae40b3943454b11eaef94b,False
8c8f57c24c594552ad3f324f632debf3,False
41071b23e6f74570a0a13400785bfc6a,False
b3099d9ae59c4a2c8b62cfd47d1b8f63,False
a07f9654090148668f88099e93c87c2a,False
d7e382ed50f144e5bd9480d745e293ea,False
306249cf71b440f88aee808fee4a442a,True
858acdc3a8c44fedb17b81a4b7251b78,False
b42fa347dcd7474689de393b1cd3fe4a,False
801756f1a5984a73871a68a92372eb84,False
a7942652a429465091088bc37e15e3bd,False
4952f561746748acbdf3f3c6b6894fc0,False
840a90bc213b4c42a4d08fc42fce2c36,False
4dad3fa09dcd410c8950a2176338e3af,False
b96a5ff53240408d97f39edf183e348c,True
2dcf0dbcb2fd417aa0d1c5db27854842,False
caace287fb8244a6a465c3603d915798,False
4af563dc9b5247289cbf3f7a1bd48745,False
5ef3c424db0d4d17bd90a5c1abb6fa36,False
129e0a543a51482d924f8ccd44f11a36,False
adc1c64e6737450f8d6695ea102fbfbe,True
5401aea3aa1941f39b2106a73926f515,False
a02b22397bf4466682ec98274a79054f,False
a7afd9a7c16c43bba328604403fd829c,False
b41ef2a15cfb40e2bdd35a6fe72b6b47,False
b1a482e7fee44a0ea8f308231deb00fb,False
23d4801fbd914fdc909d5a44ca4894ea,False
e85e33367f2d4e6c8e36a06885671f1d,False
f0f393fe1b794d06ab2581c89f1ec8a9,False
c89e2c9352d5475db894cd537409ab53,False
a2ecd60bf80144329267391e175062bf,True
3947423f7f47417784045a9bf82182f1,True
043dabde4d234852b2e001a266b02039,True
8f5ef379b6124c74a2a16bed122294af,False
d00d4f6e9e2e4c048907564537a6097d,True
02299097646d47d2b8101c7d49e24e10,False
d4242fb8cd49482ab840219fa07d2452,False
f0d5672b91e94fd39f176063a736a0b9,False
a99c142e19e548b2a6a8226a2da333c0,False
e65905d588fb46929a06613e1d5d1e1f,False
3feda4fe91984e729471d41407ce6065,False
cdc78d7311a04597a0c69cf6273a184c,False
dd8952c49a784fa9ae516836d42f041c,True
09c19516fb6a41a0b0388df8bc9be840,True
2b9528593d7145bebbd12b8ca88ce7ca,False
c4fbea12f5ed47b3a9e20a77ead7e335,False
bb4e10204e764deeb4af135e45f3784b,True
b713937cad5541de8cacef33b0c292fa,False
1392ba2c6d0246dea7a4e5822b1235de,False
14ea2060806044bb9ff9d0126ec2e42b,False
d487bc338cef42d48cec08a94165390a,False
154bc584602b4731bd48f09423018898,False
4bb3f080bc20451396e7b291dfefa8da,True
4ecd417e555943928f20a996c6d9a0f1,False
f139c8ebf1f740a294839c8a1343ad34,True
91d32ae633004b00aa9de883ca903ac2,False
66ef60e4997242918fe6520344193ff3,False
dbdae4bb864147b29b84de32bb56b4d1,True
110026c11ac74c6b988a56ebabb1de6c,False
de9b9ea6d6824993ad5d5fad7d53e45e,False
460d367439af4c1eb26de52e0f546be8,False
aeb4f4edfd374214a17455b2d36ee3d3,False
aedc8ea081154ad9a43055d09d6cf33a,False
d1a84afdbba84fed8486b8a2065f1e9a,False
be78c52c6f9e4339ae4f16f9edea2d27,False
ee19b7cf9f5740d5956f9b7194e0a103,True
01827bf861c943b7a5af529ef7ef1571,False
c9dafc3091394205bb0fbd8f178f319d,False
814ba9fc172642f28c2ff323371eeedf,False
e40c762c1899498f96eb37d4cdba28b5,False
7ebf3030747e4454b5288bec0d96becb,False
a790d1d901e94da7b0ad862df9334b31,False
c3420f2dd31c43c6bcb8a7d88cc00136,False
ea9885e5e0d448c9b8a9c3ff982bd0cc,False
46ae6a49965a4769a133a67921167fa4,False
d2ce6a81c8d64da4bc9e9a735f9f22eb,False
07e0299ae0a444efbb6af7d6b514ff96,False
0b2469fdbef24553bd4a3ccb23d16af7,True
ad813d515c6748ceae3044e403deb701,True
287187e9609844a2ba1201e893db7c54,False
82260a7b3b454d06910d5578bb9d7b7d,False
e2ef164f1f0d4be58c2b6ed9e6e90b97,False
29369b5cedc94b84986e09130b9b7476,False
a13ab14b47874ca3b132a2741811d631,False
7931382e0efe460d95142a7f68e17928,False
cb4f9b114b2543fe8c3a6b27e96acfaa,False
4789d4c4e20e4053b94cb2e6369edbe2,False
94faa46721614e80a811cfe66a1779fe,False
11ff8447b5f24adb8238e262549f3864,False
b8ab0b7e721c47d9a7545a565a5a280c,False
7a66cb69c5724448bfac1d3332a1b305,False
014fefe639f641c9b0b8eac23a8e5d2a,True
afec9c43dddf40a683b671b021b45364,True
f4619d3663f34952a940f0dfa7b096e7,False
ca337b4bef8b489aa9ee8974cda9caff,False
02815e007e154fae9652a3a6975963a8,False
aefd97aba79e4066aed02592e896208f,False
07049cdf00eb4ba0a2b5e08655f87dd7,False
2620eab8aea049f6939f09dfe18e6255,True
5e29f5ee70434850b83c7bd4feca888c,False
eb93737d1ea64f9b87fb56ab34163439,True
5cba2da3de4f419eb0186b50ae803bae,False
4a0d6db3b90a45fbb315beb9bd0c02b9,False
0481a91ead7d4720aa505f567dab6965,False
fb0bf504f023442a93f0d856b874fe06,False
4038423e43964b66baa736943036c50f,False
85eab4dc62624bcea9739e25bb0fe20d,False
fb6402aafe9b453397f5835b0c5f3e14,False
2b9f7d03b5f84b3b83e79991cc408337,False
8365f9b325c94b91adb44821e6ef4b2b,False
5404b7723d76488a8dbc154421914294,False
b2947d92d0ad43189d9314933558a57a,True
ab25087feea5470bb4d26e1ef01cb3f6,False
09d50abc731c486c9169b5781bdfecd4,False
ad4b2d1f79344131b2afa6235510cb10,False
5cdcc58606a344be88cd4e0a8b34ddfd,False
b83cebe599c046cbabd01f71b8745442,False
d065606331754dd7855ade5bea50a9e4,True
fda7bb2f5e1c4dea95066c1a142dfb69,False
61a0274ec49644dcaa4c315e4f67c330,True
3cf192e7a8ae4d2c9208ebff4c236674,True
095c8af4ac9049e6ae39a2ad12b45032,False
cfcea0dd35494aff972f024ede3ee0c4,False
8562ef537d8546f0a5847808e4cbe0a1,False
65e5c0ff4b164130aec811494daebfa1,True
88503e2357ed48ef829cf31969d83df6,True
ba3f97d05bf841c388cffa9117021631,False
c0e630e54c8149abb8dea3f2f38e1484,False
70a3d1d511a349d6a10bf42297ea4ab8,False
9e0f93c236714a109e17bdcd340cf4a2,False
5687bec1b079481fbcc7f48980bb06a5,False
4d9f2b1b46124101b1787daa96f7f731,False
5b2c3a972f9e483c9eecbb9f4c3ab8b2,True
7faa6bc1e50c49b4abdc0fb69a9c00f4,False
78239cb2a70241aca3dd964d31f65472,True
1428aef3289e4a1197cb46e5ecc9aff6,False
0c82e65e51ce4652b9a0583b81c8a252,False
3900aa3f29f64de1a77e723506ca2fd5,False
0a4209ac4a6c43f299d743e658b33845,False
8bbb252501c14f05846d96fd345650ad,True
6dfb85567cd0429a97b951aabc13b677,False
8a059777c26e4e7bbd67d1316bd7fac3,False
6e170410c3834ee3b3d7b1645075b33a,False
77bbc7ba87364940a23dd3560d2ca743,False
87fb84d30dbe4f609223fba58a76c784,False
bf2590d8e1014a10a83f0dc73794aae1,False
ec84d49f82e34703a838e84055cd1832,False
006fffb66cf345249f31fe484f50f985,False
569ffa58cafb4dfab4b2b299a501b6bc,False
823fe9fabc124c2f89afdcf3a72522a4,False
f31b471dad4a403dba3abe2b74e0842a,False
81533ba22dc147bab09159b35df2eb12,False
a9973699f03d4e819a19652829f1da35,False
98a326bd947b41acae320f2bbc8801de,False
91847fd56fb44b94ae726805f044e2d9,False
a7d84128462a494ca7fd4533045d4474,False
d38fa7df77234e6f877fe9f59d80a7e6,False
62fb3d98a1364490a01f316ad78b9f1b,False
f068fa7b8abc47408a14f0d2a33c1263,False
b95eb86acfd04ee8a8c5474b17ff3bd7,True
e75dfd9c449e41e3a551c6fd6c527169,False
22d2d29798fe46cd914ba07c49c625ab,False
f69d5def96634959896c788fc59e790d,False
706534ca5f094082af90ef40916bc53d,False
a79791459b094db790c023245fb785c1,True
cb790b85798b4747bf20f9641e342df9,False
1642ff73a1e74cf0962d6a72d7dd0486,False
b96a6eeaa52347fbbb9ad7ba75a7e919,False
35675dcaf3ab4411ab9da07c73a21ebd,False
2b35806e4e514827ad5ae13982bab52c,False
2b3942cc4a354c24bd403f2894860a66,False
10fe0e9fa4534b109d4dda49f9323d6b,False
15d13369f3b7402a9be18745c9c894d6,False
33ccff3dc78a4dec83ff05b15826dc90,False
65f06b3f9d614efc8bd248352dc2862e,False
07c4074ef10e4d62b77e9bbbd819b0d1,True
adfa1d0b20d847d28687ae884836ec79,False
78d200f1e9a74548b9c83af4a68b55be,False
d75c5d7ea1db4b3fbd5c45325815fa57,False
f5b19cda814e4418bcd42e9fa2348ee6,False
43f50780a7844992953f893ae141da51,False
6e5d76e654684596be2477319d482412,False
91e8d8d216b04234b5dd5a6edc156d3c,False
bd41030c2f3f4367b570bbeabf37e411,False
4e0f3495055c459794bc8a0dc3269c59,False
0e0e5ca90588406e9629ef9113577510,False
29c2422a0f26456282dfb350ac630aa7,False
0746ce3929e843808d06be9438a29583,False
64f9e34da91d420ba200b7d657a97a18,False
0fffed6eb96c4ee9bb469e90e57ca4ee,False
73b1666d60bd45a48b8ec3ea630c9057,False
8c08870d5b964e46b6c3d92d9f4d4067,False
b6b6d7c876ad4ff799e532b1cb174860,True
197ad64849de418a8e37ab57dc37c978,True
1151679cfef04f0abcb511f00e16250a,False
94dd9d9e470e43029371a61e8ebcd598,False
69ebd9ba20b941a28e77fd493fff8f9e,False
f8e74ceb69494d61863e1822fdcb8128,True
ce6b1207ac3a4821a7d56975172bfc9d,False
b7b34b348dbf4eebabcec836f84fc0d7,False
e6e8834280714ad8933039fafac96947,False
595b15dba7654707b2aa752651c4540f,True
a4330bbb831e437b8701df480857d68e,False
64aeae6429e44beabc6772dc35b1edf7,False
2ed08404bb594c00acabf256ba3a4f9b,False
920e783f15024923a0cef7d007e2c445,False
bf46528dcf044be189e842f3f882e19d,False
5731d1f8564a4be0a33f3e96a833fccc,False
72233aff86ca4c4289bcd07c6a6c8e16,False
ec972bc200c140998c58ab03d6194b1f,False
850f774890c74e79b99278784537f488,False
ef4064c6c6094ee487955cd2aa1aacd1,False
fbbc639ddeb14fdda7e305d47a86106e,False
c038e2ceec8b477299788ceb843a69b6,False
7e7e7da397644a8c98b264e7daed78ed,True
2f996e96046e4fabb91a59b833d968bb,False
152ded55f95c4150ac9a206b0b9eb841,True
1f9b3f572d75418a99a576aeee37dd74,False
efd70f70188f4d4fb63e9393556f1338,True
8cd8be21958e4611992bd1b63143ee9c,False
cd6cd9ddd9424fcb9486ca92063fad60,False
35280c95a133466a865640b12fdedb26,False
9348f562e9484ef496c4e3f342e46a95,False
471d9ffe4c844fd99907b3160c41a466,False
6175406fc4e34df6868445058b93c7ca,False
1095c11ea6694d62bca6ba5058c16d94,False
86ca2baed41a44c9913934d99303d8c0,False
601e189b788643dc9b01938b9a6e56d7,False
61fddc1767604b638cbd5ad202a69e45,False
033533171af04e30a7a7d777662b977c,True
30011781f19241e18a96175ab4ab429c,True
4e5fefd6adde4948a4e8629e4116678f,False
f57baa2eb6a54e1598792a61509a6af2,False
1b7b229b446940efa9676b7c4f4fcb14,False
2976604325374c738dd488700557ecc1,True
ffa8b729991249eab3051bc4a97b8311,True
67170981e55c4eaaa56bc508d46f76d7,True
12424f6daf2e45ae844f8aa3a00fa77f,False
e99db0bb2814453bb10d740ad54ee93a,False
fc0299f9ca374062ade16fb00946d92b,True
f633f58c1a20416e8b7833f7ebf56339,True
0138be225fc547f8b9b79608857515a1,False
967741eb705441159b25f4e76646db75,False
d44111bec90e4a71949aca87b5b0b116,False
d5f7aba515934daca951c8af6d052f9a,False
25a6a34eabf34e69b3a7cf22e5e8868e,False
42a8543f7252485f8ed639ae4c0e5a03,False
9345f912a7cf4ab39d8a5de9a38a024c,False
6c94e4d05c3845e5a9ad912cf5e4caf1,False
3a467189f6b24cec935744f93fb776d7,False
bfc180fa819a4e69b0a06854768cafb7,False
f2be1873ddf74fb2a3df6792608e2198,False
5b3f567db28648d2be91dd27b14b2d21,False
56f36a0526bb4dfd8e89bfe6fc2157bd,True
a914e4257ca94f2784e42dbc1a6d60c8,False
b408ea7ed4db453384c3b3d037d2f504,False
d43e6cdc4bd142f7b30cdcd33f19c4ec,False
d0c1ec8b567049af9267e6507e8319e1,False
a58fceb5228541e3911d3d421d4f02b7,False
07cf163443534a24b5cdeef2b26f8e88,False
e9768488ffe64b1f89c4f086740faaaa,False
576fc4d0bcff4591a5abe3882ddce0e4,False
6e5af4cfad6345ab96621a37f12d2b7b,False
f53e6abf6f7b4284bea3395e28f7409b,True
f10979f449ff47c5965cb76270304cbc,False
5bcb21da121645d1b701f9b32d51aeb8,False
1325a740d47143dda7b62fe05ed1a76c,False
8d44677335294841beecf485b4a4d233,False
74ac4f90e07d4884917df5b259727e3f,False
0c4e831e56594b39973ed2ed18dafcae,False
c35437b015a241eba8829121bcba5ec8,False
c4fb5ab96c1e4b05ad0d3d19b0d6529e,True
f94b5fb57f2e4c98b072ac07be0a1dc2,False
1c5fe5802bdd4ab59d5237bd5ae747c4,False
2776a7137e4c4f709e4401a96dc5a261,False
ddd0ac32a47942b89891795e01113de7,False
491b612eff114b79bd9446a17adf2be4,False
8c2621b7495f4c0f89d53dddc5462270,False
3555ffee3af34e7ca6d4460c3ea4eca7,False
da0ff0aa96b747319a3acb25a70ce24d,False
8207f98286a642e28aed9931c760ef87,False
19e688d7b028486aba9918f0be90569b,True
c4e6b302cec040edb44aaeffde030f26,False
038714d8b5d44261b95c03994e6ea0d8,False
172370ccc21745a690aad8919c910e3d,False
5ef4ee02b0a148cf89451fbc122b0303,False
795a27d1250a4fde8d7ee1ca36f8359e,True
bc72136ecb71479197074c8e43a1d879,True
7cdb33826bdd4eefb1e952adb71f30ef,False
f12ae35c278f4d5daab7736f34e4bf9f,False
4c2fdbd8ebf94da8a07ddaf326710c3c,False
6a56df9a4ff648559caf033d3aca087f,False
63ce091533e247fba0c0550d9c723617,False
ea22aa53e43d44d196570b307a9d78c9,False
edbdc17750c341519cc8b7f13256825d,False
ecfdd402da3f4fe485b65cdc58128e61,False
9480cb91f08d47fd8e83308bb419a5ec,False
3057d05033354f82990405a2b07f4fc9,False
c4fdf44cbf384af3b9fdad4b64700d0e,False
bbdb377d083142d7a0fceee2cc2bbcd1,True
e2b44bfae7384e26824e2e1ceb0c7204,False
bb4e782ba2c449ef8646648c83028eeb,False
3764b5949cf24ee5b27758907838b8d4,False
0720e5401b414763a8b536a61882d852,False
3496540dea244d2e8bc2df70f55ed358,False
89efa72742b34f3488effb7cd8416a17,False
36d8b3f044f34b398b6cf5f3af88086c,False
31c57de812724f08b56086f6d496133c,True
90f688e1580c40a5ad8bdaa29bb3ecb9,True
ba4cb1c744a8448daf2e6afd8c106b8c,True
5701d2f0539b4ce79ebdf2ba431b77bf,False
4cf51eb296bc4d32a02e8b62e6844399,True
ad7a744ad313494cbe0910ed66bb6be2,False
ad8f043aaff44557a43c28a811048225,False
b20da2c9e2a645d8bab19756c54121ec,False
f84e5d2fc7554bafab95a6bdefaa85bd,False
f83678742e4048dcb352ba4421edc8ec,False
c4ab10cc684e44fa82c91e8d5ffb4a65,False
5295c93fd7dd460999cbab5a065f219a,False
ded4f17009d34c4aa662c1277bed2590,False
3e771a94c008450b9941f0b662e42b0a,False
3d2aec80f6d54ca69f9ba6afbb02d846,False
c78313c2fbb34806a7052ea788d9d825,False
0c20228489d845b2ba10839c71e93370,False
0ce7b058c306491991ef8974bad64894,False
6e59ba2712b0472d91ada666ed5044a8,False
ff91b371ca884df7993c0165519889c5,True
f04ca0dcaf414631ae1cec918b962b26,False
fbb1a812786a407caa75e3a4de80a0a3,False
2be1867cae564ae38f80c377fc66a018,False
b7065ea9c6fe4dcea8670b46c7c87345,True
7e7b6a4c33da40aebdacbfc92d32d516,False
2db3524dc5e04a05ae09f9908c549013,False
a95b08a42fd349aa99c6e03f30f76697,False
ec5fbc02849f440a97b09f5dc3e453e8,False
6fc7765a90c94577ba65654ef61c1366,False
686a5a5e077842bcbac39a9a9dd1b2be,False
e7887a68bfff42b7a081876f90ef49b1,True
de26e7868e56465781cacc80cf0ac657,False
73e7d3ba5b1e4c8ab9cae484faf669a8,False
e78046cc9a6b4f809f1c165dc46c750d,True
74ab912b49df4252b4306ec884158293,False
1adcf3637e4446c09f0a9469ee32bcab,True
0ffd9e1648be4b7d8be3b27eb47782d1,False
1be7b49c22bc4ea782fc358a0d2f7898,False
154bc172b55b407a88f9fc1a1d77bff8,False
0d773a5ef5724da3a019ca874e4a4cf2,False
b99b4eb4a000443fb972b55c5947ba99,False
a5876fc29cb8431d814d7057e3272312,False
377414b0c45141619c9aa6b5ab0272f8,True
ad24d9dc3e0646d393cd9dbcb6a646d9,False
91ce7d0ed2674a539028ec97efd1fd2b,False
0f0ad10d48294debab20402bf87793cb,False
bfc1f8b035e54396984ba8bf1b1f0d07,False
f72c28f66699453b904bef78ff17f1d2,False
5ec2737519e64f7eb5e8dbc6634ec7ca,False
0143bf84efba464886d83feae1465a11,False
4b803d848b63433f817a47cdc2c4e3b0,False
d89d198fe4fa4f88b50d6aaea4bf23fd,False
8d6be79053444c1f90c923d12ead43a5,False
e50c5d891e904a0faa16b3d2d16a7144,False
bc8b7683f644491c82d0de7143491c50,False
06c3c33a802c46e39121a387b96a841f,False
6470fa62abdc40f18497d43290a343f5,True
644780d5aeab475a991ddf059217b234,False
132dd054c5b841139c3d5d853ad9b540,False
017024c34d834e8d8dc80e198ebbb70d,False
02581209790749d58a9623187d8c907b,True
a5c75a92473e44cb9226035d2e246363,False
531b1e555a3040a18d31c798f8b00522,True
a742dc140cb0453dbf398224ef97ebff,False
d1dd900fcbf74cbf8a80eed53b271a26,False
e6383f64303c4e428bcf3eb6b3f8c422,True
ee87754603d84f52be1c77530304e3ff,False
096a47c1777a44b0846d3fa797f80d7d,False
9b1f793a75fd4a76b7215c643881764b,False
f2f9b5aecce942c0a48c51fff9b82805,True
8e9ff576c43242ca9471aecbc52aa403,False
9039a216426c43d58a3ae410c69b6ae9,True
63b3716cf6924713ad2c476eb11d8011,True
a10fcb7ee5904556a088343eaf7e15bd,False
7d6d5bc9417a4d36b894f80886aab6b9,True
7b65ec399da343da9927dc9860c41766,False
bff535b574c04a1f87add9186ac5e82a,False
0cf81ec597384bd88d4ef118e3b3d68c,False
93c12527a26b49a7aa5bc73f622b9ae1,False
14ce5852b11b406cae3256b29be58f6d,False
53d152941b264ec092112f2c3b80527e,False
8cfedf0a9c1946f7b23f81a53b6b1419,False
24251e218d8548d4b9a7179bc4548524,True
dd780ae70c6141a1b3a4fdf4391b0ec8,False
831307416cdf42f08ad3bfb6a6dab7df,True
07e67d42f5554100aa88024a7c00c4f2,False
5c90433490fd474db3c5dd656b61d4e7,False
22c72fe513a44df289348e8d9cab4050,False
bb24adc17795418cba48ceb971dbcd9c,False
fd9b270df2b34a058709e9d228d57359,False
b297c4199b4546e98e3e6cb328fb78f8,False
6d169d1b3b5249ff9e155a0e40dd9154,False
89397837964548e5a19b5b2beaeba06a,False
2d5c1224f95547a1b54958573b39bd2d,False
cb9c1c626d80459381c22a2deca2c9ec,False
304e79caebae4eacb4fc18051297b2ca,True
54152b7391fb415cb70745e523569fa5,False
90f04c068e05419094f8ae75382e25ed,False
3cf8d3c005be4577bc5545525cb76845,False
c2b930ac36804724822444a1b4adf613,False
902fb158620d4cef8dd1a1323b270978,False
a86502b7697844f4ab9edf9a9ea7322e,False
6b25fe7a34aa4b719a8683b08df45f24,True
c0c3dd07b75e4324802ae44d119b2f40,False
aaba9b0b5317433ea54238f181c81375,False
76416b8c24d743048ab451c030cc5b3c,False
6a88d18175234cebbedec60e6700247b,False
bfa9de86de014b13bc914e94c05517f3,True
4ecc48ee09ae41e5bdb2b39d40e1e9b3,False
6685b79c6feb41f485c52bd2859eb9e7,False
068b1d5e9f304947b9e401f243c2bdee,False
9758314bab564cbe9bf6e3cb53836492,False
f2de758932ce4d3d9e0250266976ff0d,False
c26d08c3cd5447e499ad1888108856d8,False
50871370aa7248a6be24043370be8ab3,False
8f1c88963fc1406bac7e68e6d2e5567a,False
00a43659a6eb4c1d9845feb49c7329c8,False
c82504e44a3c4125927b1bb460dddba2,False
cc2b182feea041a1a7b7792d09595df2,False
b1e27c403f224d9e8f6cee652d704c2f,False
73a3a35f965742888fc354513598d385,False
32417d276a8f4321b80807f51e5bb781,False
d3c96ad1a8724ce79493dd49587e4aea,False
3fc9080d8a8944e091e8d272585007f5,False
37a61d11358942c48b8aa68699052679,False
b2a532795da64ea89f931c0ea4d46b3e,False
cb88717713914a53bb671f91a5b8da35,False
ab648fd8dd854d39b43a4dd5a4b1108b,False
5b317bf7f6484d2dbdb981446bb786b5,False
5b90c397eb1a43a7891e2e51f4f3d138,False
3cd7bf1a87dd4175a777ec6abe5b5f2d,False
e944284e0b754df6a26bc6d65f048590,True
759f2ee09e974871833c9687184d3924,False
2272e6351f5f4ea397d32e28d2f74ac0,True
9c3c491ccecf4db7a901a078ee08fdac,False
f38850246a4a4a8183764ea6233a0fee,False
94d6dfb13cb24353b65da01a33cc199c,True
cdf8d8c315f9469c911b1b3317c6c985,False
3865d080d89f4f11a2ead847bffad6e0,False
fdb88718fc604450b1d1dc99061a8746,False
0b7607db3c0e4438a742d46c7e3fec76,False
5024abe5f4ac4ef5bdf58befb7ca21ae,False
61e6aca041de4955990b559c3d2f495c,False
d2e38f05726c453280dbf9014fa2868f,False
4a7e261fdfa540f491a26594cd982454,False
a0aa31f06f094996b3ff64baf5c9a4f4,False
0d9b35563189487f8716d33d1914253a,False
efa35e2eb3564b0ea9d6d09652967cbd,False
9975c0ab3d3641b3a4df9e9ee3b3767c,False
d31176dabb084469ba234a9c7f317fcc,False
6c2ed4f67d08478e912be53a91ad08de,False
675314515163424888bdd96a91c9f24b,False
6e0250b57399478e9aa7a3d39c8e67b9,False
ff7c00d18e64423f8caf000018ca00ac,False
9d1b35a744cd423fb1ac9258a7329eef,False
fba478dbfd52480d90f304793c03e91c,False
2440133e4c0c4c50922ff6071e0d4971,False
19855262701a4f8183cf04281372e690,False
b2a3dba9ed674e5592ab155359f350d8,True
2c563fcbbd77450c8adf341116956f32,False
a4799a9d16344d59ac0c9a876db431d8,False
48b8dfc58cd34ceaa23f3dbc052d1957,False
2a9590e6ff9548c595a3070b706fa651,False
655abafd760c461e933f13a143ca794a,False
76b11605ea5a4bfdaa819de8e2c594b2,False
e2c5092561e949adbb35c8917c830f60,False
f5d7590cfd114805b4a45bd1b4edef6f,True
cb70122f1c6442db87faead3eb407db6,False
c8933b42b8a0409dae7ca0ccb4a74d9e,False
b8b5757080ad40c283d13774f9e914d8,False
45b7b0be8d8e4e1993c94e38cb6fbd9e,True
e0e3d8a014714e57a481f9ab38d217ea,False
1acec3cb972d4c2e83f1be7210d25539,False
9ac2f07af1f7444ab6cf0f0fc6dbbe6a,False
ef0c9e1054df4e318b4e67a357694a35,False
d862f51e2e2248f98b8b1128632b8ee5,True
500a82b89cda4f41aabba56a18db36f3,False
2b60bef95bb047b9a1c36a4bf8cf85dd,False
58008d14dcb54bb99aa1b537e553f3cb,False
83ddb319d91c41f28ea06c7bc8f65266,False
d1d4198d8b6b4513b67f4f0f154df1bd,False
e228f5abe92a4cb0a79cb854ade8c24d,True
f1380b4ec3844a58b91e117c1ac43352,False
b916ef485d07413e86fb11c74f08eb7d,False
370a6e72c14c4e7986cb6dcaf59656b2,False
778886a2aa4340ecaacf83fb28db0af6,True
64fef4b3513349a78e9a172b57dfab22,False
fbc6a5c296a941058d41da99a2b842dd,False
854b764f9fb740c79ed71a876ed3c1c5,True
8100e3ff9f7246fa9449486d5f3e71a4,False
b40f1e8743de4f9f8fd8e0d05d39cc5f,False
2ff06940295b4ec68de11b2b7daadf33,True
efdfe466ea774178b62a5be64010ff2e,False
071fd1a2f0eb4515ad95f923cfd3d21d,False
4bf71fe62b734e948d5c1a491eb277e9,False
4f3774a0ae9f4c389a7ce6945d2f4f57,False
98a1fd8aeaab4a9ba108c56902de6a1b,False
4104cbbc32dc48f19bde7934fe20b571,True
6c5e07b2edbf4b159f0ce816ff191837,False
e9f77e133cc44f6485cda8cfec370c17,True
6b0b4b9a81974871b44a8356df9c8019,True
8e049f2500004fceb9c18f60d14295fd,False
dcb9097e94454cc1b39f3b958df70914,False
f9a1540d9c404fe4b233e1b0b2f05de7,False
12fe423d263341529ccfce5cefffda3d,False
c3de4e829e85438d864d6a72ae2c6b99,True
fbd49763963d48e9ace7fd4cce865032,True
1f026f1595a649eca6a40d4544f06757,False
2e47738decd1453c86a7437a29df388b,False
c2c1bae243c54239b2fc961a51ab4b96,True
0eaa933d487742379fc3266f1d1c0e0f,False
5d7177c7f1fe41ea833096c2f3c1c92a,False
7e86fd25e1cd4354b6f1b927f13a03a8,True
dbbf99aaf0ca4e6da99b5c9332e37c76,False
eccb36a05d30435684117e68735cb0fa,True
baaeb77dc3964b54b26e52ab745673c8,False
1f04a81d0c9341aebc6a16f8d1f3f87f,False
beeec07357b84467868f5fd5cd9ee2e4,False
5aa8fded5b1d46f8a5ea4f068a8fe5b7,True
57b06646da654765b2b07087fe40ccd4,False
78aee8c7fe4547a28737ad7981c23e98,True
f1a121c56c5840d98bd825f835589d4d,False
a8d00db064b3453e910bbd80a76c6d85,False
817d4df3e7ae4b1389da98223e757633,True
229456f37288484b8f5ec00bb529b534,False
aba3ad473edd4c8caa0d2ca061004031,False
49554d2f7bbd47ef92cecec76fd11692,False
348e6b86ab194cb5bbf5388161d544fb,False
6855b8cc67a64769bb46f7af6c65a1f2,False
18aa33f99b9d4dc48b9f838c21d88964,False
ff715f749f4f4f0585916d9119b1aa0d,True
47b21417f873404982913c7345dbdf6a,False
0dfe7456cbe54e479f4b06048b8222cd,False
d4d41bf9487b409d9b9fd22d1d76af7b,False
63ae058005da4cf3b78116910fcdf462,False
48605b5464fe4ada956e55738657ee1d,False
80ef1d6da4254584b2dc4d3b3bb1d7a8,True
3e95c46c71784329a1b858f9e7909494,True
3d0ae72daa184a4ea1693f1951daae0c,False
0fb46c1a857b48baa7b2b81179f182cc,False
712a0df02faf47e2ae738e393ae6c9e8,False
f1e4450e0bab4d46b0c8754b3ed12e51,False
fb5296e34d774a0990feb042875d25c6,True
66a45a5a50af423b95e22b97aad640cd,False
e69124942c5c4a938270c16cf0837c73,False
054496a047f943aaad70b47a04fb82f8,False
92311aaebc7c45aaaa9678b481e1ceb1,False
b8b29888eef148f581cb75cc2a55ecbe,False
3026a881a4e04e8f8ef103492f6c025e,False
786e85960feb49a4b02ce47f0a6c902e,True
8b3535ce69ee44d9ae263446edbfab76,False
e207d6d09cca48acacddbeffe8e974d5,False
1a32ca3d36664fdf945af9a04b3ab0c2,False
0a8a946c7e54466a9db61a36ee2c1170,False
8aa508b84b214f1ba8de3e9d5e127824,False
6ffb48e6a50647a28ed99e49956c1e8e,True
4bd1a47515ee4586981d86dc719fa22d,True
8817a404d4f848f383c85522928db9f9,True
1811e25027eb464394e1ad1eb69f0fa0,False
0d81815e87b14561a6ef9753df606796,True
8ed02af7aa5345ffa49fda240d57c640,False
bac82a94205d45569d5fc0b064c0c3ac,False
74b81283036b40e1858f3299203cbf3a,False
f1ada3a47f1f4c06b5bb5d55737d686f,False
450924ca848a4a4b911b6db2a33688fa,True
6c08e9b8a1754143bb86de8a3918b014,False
f37a3518c5f2455da19601774758d23c,False
fc310217dd00454a8e031c6d5caa612a,False
d05bfdfa0eb2428ebf768eea9514eaeb,True
06bdaae6659841edb0ca994677bc27aa,False
a5ced91c789f4361861689462a86bae6,False
1acf690d60734e18949f68616b6faf07,False
85e74c26f6314f0bbc8ba58bf595f207,False
fa9008fd7768489a8f877148f79a7175,False
23a13fa716ba4824bf028895e1c44ae9,False
c0bb12c7b7f24ac79fd4fe42dc493c61,False
805e4386cbe14585abd35b45b2392b5a,False
4aad584254cd441382e50c8dccaafdc3,True
b2e1a7991c3c473c9ddd16d6aec0a1c6,True
4cc06a1c6cf8466c899112ed6528cb20,False
a181c9956cb74733afe645918d926aba,False
88162c8bc72046539f751a3a19a1bca4,False
6cc555a3ca51474ebd2ec1bf9d5c334c,False
2a5da09fec4042c084b1ce50b5cf6f4f,True
d3ac55e2d7604143abeb3ec78dfe45cb,False
63cab766f4e34a6594367f97ed68f83f,False
01f525e03a21479a97407e3bca70b9be,False
030d1f0ce6d24d9783ca39171b42e7c0,False
5fc3e69d306e4e4faa79c2e0c33a8526,False
8d84f8d01acf4592bd77b384c3407560,False
cec4b9cc23284a4c83561da127b45f45,False
8172b02e0bb8492d87686e880e7de039,False
37e6bfe826574f079eb02c38cb43771f,True
4a865994325a454280c9017b46b0ad34,False
ce07082e7b124ae099a4fd4b85a559f6,False
2463e2c44d08475893f94b660d31d6c0,False
3fadebb2d8174d2cbebe4d0ee98d6a70,True
d0598bdf5144495e81dd9986db91465a,False
8e4852baa9694f0087b4b066aacc0795,True
03c14febe07c4c07904b297810d7e168,False
ba5373f546dc47a0bbc951fe4c463346,False
82d3aa661b3d4846af7aa27e91a5e146,False
f24af7bf8c9342e5980d712890708a7d,False
7af640eb6a914dcdbb9adee404240329,False
f13e1a7dd1fb4abda7f13218104ee83c,True
1e88bfd5afc14fa0929ef6df4b8f039f,False
f06a1ddace4c4125af0a48d2689d413f,False
1b6b2d7beabd47d394cbd9b2d91fee1a,True
26098e7eee324a5eb9ba1739e920349b,False
62317481484f441dbb0d5aed81c6b0d7,True
a9013dcc4c08452bb7221d2d4e1bba9a,False
46d7a5ead95d485cb03705f08023c04c,False
9cfde0e46ec143cf953302262a33a67f,False
2b89c8367a3249379727235804c05a07,False
bdf6b0e105be4c7cb8ef4a1633aa91bb,False
9d58058ce4f441109fae905b2b806021,False
0da966f08cf64aa09bc5251bf1e6d411,False
99df882578774172abdfc4edf34fe267,False
630ae594f6654a7e91051ed814edc15e,True
89c53352db0b4ac78d0202d0b01119a0,False
01e0ad8d329d45ea8125b55f9bdd623e,False
7a0b1c9fb72749dba3b95f7504fd9a07,False
8cc123f72c274374a23e7d8dcb3418d8,False
147e71c9107746c8988479c3c63bed85,False
c46e214e38a84427be7cad14d605759b,False
0a01c12ae5d242dd9b3626e6093db280,False
f504989a48f4489f936a2c76a5a9bb95,False
f6b197b4d3d346e085277857dea63079,False
fe2b2f1290bd4431bb7320960ad02394,False
6bcece1621f141d1bc48cba6f43ae767,True
4e38bfdfd5954c13bcdb8abffa5a844a,False
b09d6b231eab4ddab38f64e0df80bdf8,False
bcbacecc8107402c96d8ad28f9615f53,False
32b915b456f040158d93911a7c784692,False
cbc342f842e14353a9156f56daff6fd7,False
46cf4471ab9c439698b66a7459775810,False
8dc307ed3a034ecd8f14597aa6242908,False
ecdad8467bc0401da4ee6a8b98ebf0d2,False
2b7c41135a714ddcb0e05108dd5347ab,False
47ae146f2d3448f499c0ac9a7db00cf4,False
2371f3f49eb24107869951e6d4744118,False
a4fb8133095e4e10bbb747fcf2dabdfc,False
f8ab6998ff534de9a68897e415435d52,False
2419c1f359944a7dbc20bad4b577ebf4,False
1fd6257bbcdc4dcaadac934ca2b3ee84,False
96cb2148901949c0816f7afc52e21822,False
ceec1d8a50df46b9b1d1cd2da2422e87,False
4d305cf91ede4f59a473ae497d846ccd,True
905b2ab0115947b0b7fcaffff49442c6,True
74a4fbdc03504e108d96763a518a0e55,True
da03dac0ee5c450593453fe8f2ad2cb1,True
db145992e991433289fbfe7f986ce539,False
5a2c277845284483bca74c287e111a85,False
41a27537ef7949a4bcf3ef309b31d059,False
9c61f2a6b61c44ff97e66059c62e502a,True
fc9091f3269544ae900c601c2a963075,False
65d2346875b54ef8bbc799c2e7da8ea1,False
b1454357ad2344ae8075faa74da46982,False
bbb4ecc11281461e840bce9707db861f,False
4f29768526a044f9bba544d3e47d772c,False
d1399f2f2f0b47ccb1d1756afe860b16,False
054abec2e6b4479386826c92b249d9f9,False
90e3dd9e575a485e911d515e8be532b0,False
2a36b60a93ea4da78e7617b69b150021,False
c506c6199c38448ea4839149235ac970,True
b3c452d9ec49491e98c6d4ea749f08b3,False
50f57c18228b4dca8bcdbf632a305586,False
b7328a80715442cba76b2df0de78cdc6,False
91a1e93703224b59b87a8aa50e23f110,False
95af49e0807a4db6be8e789a96e179be,False
010aad50eab34461a9f2ad4747d10dbf,False
62f2d8b6e82f4884831d8bb094eeea35,False
2ec2542b6aee48d1bb4a97b31bdc005c,False
27c4dfae01f04b3599ba50c73fecc6ec,False
1cc3560c933e48db90006f85e3056513,True
ceb120bce50d4a279c4f90c5acbdff54,False
35a576e4cdf34d2b83ef849b8b30a917,False
630e4b9c40c64b3c9a604c5cc377d7df,False
af87fbd2ae1842fb898c4e2e529d5b50,False
d1816e046b5843d58c0603385ed1eff0,False
29ad38cf22fc439b8a16fea8362644a6,False
fa0eb8e5d19c48afa130aa30fbc3acf1,False
4976e66037f744c3b05d4c4068bf402d,False
b75c363112c245d6b415934aeda40739,False
3f2ae9820222479683d187d4e4ec6457,False
806227386d334a52975b233b4edab186,True
7153177f55ba4a798ea7806f67250573,False
2e617c6bf9d645a78e7fb451f33abe3e,False
b3c3b326f8fd4f9bb8213c278f5a4f81,False
337f8d521851449faef990b4fd2dcd0d,False
b0a4464522cd40de85d8aebbd690a5d9,True
5e40f68ce32243a48d83acddeb3948d5,True
c2ad8e1783ee42568fa050ba6ae49805,False
d464d5675fa04732b2d7f1a7db8f84e6,False
47988452907e467bb04cbc421b5dee63,False
07f6fcd79b2343678efc1a1697dc79a7,True
7c1aff6920314b0a830fdedf6d860f06,False
7436a65ea5244a74847701a4c155d4ae,False
2871a2dbe61947cd962a2937c769013d,False
ce3d49a8ed1142b5b334456a54564ca2,False
4559c3fe360040f8b5859a8f65238368,True
d2c3d55463c143cdaa308665e2daf1f5,False
ece60f6e2df04f8bb3a5388353597c21,False
9d0abf5c12584058a0e7e58177f275be,False
950a565afa5f4145ac1a2b016fce47bc,False
a20a3a8060ae4303b7a10f494f02bda9,False
b3f647a75f8f486196d882b1edee0dc3,False
a430c5f9b011407d925e85eedef66566,False
0b620f8dbe774bf4b2286b96d2aece03,False
276a96224b994e4f8ec6a5619136dd0e,False
5b1d9bef54cd42a6b3ff294b1d330817,False
489fa606c3884ff5a1e577a55a9b2868,True
50c194d84db44ff58405ec51bd0c373d,False
746dee31015b437f9446388472797109,False
446061432e444558ac2984d0d9678e9c,False
1a9c66a22fd547ca81c2b5d52d149543,False
f4023961cd364819963f99333d64d532,False
a3a419d1d53541e0a7396a35b208b786,True
fbd57cc7fcd04e129dff51cc24e4813a,False
a7df15e1cccd4028938b2a9902fb4784,True
9198b622a259411d9002e8a6a6022e6a,False
fd1a6c2c42b649b6b773022bfe8d6a7a,False
c29853cdc0614648a3cddc42798097db,False
5e03395415384f0f9bb5ab1cbf90b3f6,True
4deb3d3b512546f8b6023b8cb739520f,False
76d460d775a44c519f0451fe1ce00770,False
30c3c7283b8d4ab192a36201f09f6bda,True
ef8d928709e749b18b96151f5f19335a,True
9b581a393dc248509344b639bf6d63cd,False
16aed8d29fe54459b77ee4040443b263,False
e8f87e70af02433981814af4a9bd92c7,False
991151536c484285941288a14d12dffd,False
945e3f2b3db145c8a99e8ebb3990aee5,True
6763cf1877ca4e119ce6c5949d6a832f,False
e277823533b34265b73e44fe1c51bd89,False
eb5cac50dee24e848fb3bd685be5a787,False
f0eabdeaffeb41aaa5b3ede9f2a3d643,False
c9fcca633ba44ac3832c3673aea1fd6d,False
7eb7e8ed932f4bcc996da5efb7fd2a32,False
763b1b63d0b94d4c906004b67e92b26e,False
9efc7ed7f3834323a1addd424d275483,False
3d2796461e264a62afd3a52b88fc9852,False
db799980d6f1424783d368e1e39e226f,False
b0d64316eb044f2494ff31e9db23b4d1,True
d4816bad4d524f6ba1b280beb0547d78,False
b82b5902efe5408da9fa42a563171489,False
6540a4d9fe004884a054c9bc494ca355,False
7910481e1b944b2db86a6819713f822f,False
3f8dd50a16ac4a81b5899dcabe9cdfce,True
1d61f28d539140aa99802525f5e7fd20,False
bcd92a88be4b41af9325ef92f821be26,False
b0da4f01b668472bba8dc784d2e004db,False
f9e22542a4024f0d9ecb9215e5d4b838,False
4cee65b6de1a434bb612d46a51215b0a,False
9301a9a9b48f46b1bc8d1bd95287c627,True
d5bcc567da2f4767a82fc078512eee1d,False
b1de8309bfd54f0290b1f5e04b018bbc,False
1f7b518ffd174797a6905ec6bd6ed0ad,False
f00c028cdf9448748d2ee8ce88e4522e,False
2cee6a6216334583b3a04f0714dcd61d,False
d442896b30c04130b32c3af406873b0b,False
3be269d8a09d40568505e1656412571d,False
f11b757d54704698b296c5f59db6accb,False
b388d03934b74836ba80c0aaa594a0bc,False
79b10068d5ad48cea13aa12265b5ef2e,True
a1a1bd2763fe4a33b54aa7ef0c5c5d9e,False
175833d928ba4e0b85bb38b8d30a85ea,True
8d302da152a745108a8874db336a826a,False
bea78573850b4129aa454f1abc8fd18b,True
21a085c22487420cb6af9ce8047d7547,False
065fd3267e4d4191b7844095cce3ceb7,False
278703f6f0674edfb8ec51bdee88ad70,False
e8a86162a43a40febbccb32d0bfa0ca6,False
9a78f739fe9641749c897e3e529d691b,False
f52ad3c2309848368b99ac6b6e2a2999,False
6f801899e6a24075820a14da70e57b2c,False
0b4ba14a461c4081b8b9b4cf49eadc5d,True
ae3a0c28be7d4e9d845a0a20b5091c7d,False
0adc03b03e2949f2ac8b7ec119b36402,True
8c8a7edddfa14873813bdb55fc273622,False
ae93cf79b6fd4d78a60b6502fed734d4,False
4db6b0d10cea4cb08054b5df97105f32,False
02a7456d9d784edc9ab732981a2db748,False
57d6bb7344c54f3c95342b8d9eb20a64,False
ecf6ef372ac4411cb0a21f427f8dc942,False
bbdda9a1e68044dda6cfebb2b0adbaec,False
8a67d1576f0043548fa726d7de20955a,False
f68081bf18444caab12725afab0e3ef1,False
a9e11cff85e3419cb5fffadbb33456cc,False
762091dbe211468899bd817b85d239a2,False
08bdb64805fd4fa5948fd4d5b8c5bb25,False
aaf5c76e626e4256bcbd47c66713dce5,True
3e957a430d6b4bda88a38386e3877676,False
43b3a9ae94bd4cb5bb1cdf10a2e3d3d7,False
08cfa525df16456c9b48656e70dab4c5,False
672315647c48430d855fbcd6c6282e0a,False
9111648ecba8476fb09bd2f2b2f1dfc1,False
34694fc6ea27417eb1a0cdcab61da495,False
1b95007e33bc4be8b334626a9c7d89da,False
62a1ccf072a145e487916beb54d646fd,False
5ed84820a80d4020aff555baaf9827db,False
cffa46486ec34d10ae7d279d7510ec9b,False
ad6ddb54d36245498fcf62ab913916c2,False
46936139e89c4c9c98ec7f6d86ec1033,True
5ba56b88ea7d427e8d309d4e05b5bf80,False
b0e945099e2148fbb90714d37150b8d7,False
b116a42fb1054e8db3ab373bc07e440e,False
39a42285a21b45c6b4c7afa8b8c47e21,False
b8945ef4feb44d31bb7f54ad42214791,False
8d23c2b738064bf5893bc94a06ac3550,False
fd153f5cdacd4a41af366ea268301872,False
825bc76c95044b45ba49203da8599f38,True
92611a6f02074108aa1d648d97e62b52,True
e677de2b4c8448789515b6ab282bce69,False
57211e1a71034439bbbf91f72898885d,False
91c9a31b30ff40d0bb8ade5eb65a8835,False
540023bc425c42c1853fab88e099602b,False
230baf1ddccf4396b2b96470f450d291,False
1e002385f50c4d1b85dde75bb880dfe7,False
7bfaf762752b46d38df66833d64b8178,False
b78cd06ef5514dc38af7e49ea75e2801,True
a775b1f6bd7d40408f8da0570b9f5504,False
4abc649ae9a64e3ca1099ba674c3b1cb,False
930448a14aa5461897afe13d0a7d15c7,False
5cfe92975ccf4952b9743e265bcaeea9,False
9a09d172c8a545ec8807b0e4359b795a,False
03883f7f69654b95ad23c62ffc4583a4,False
16cc2871bcd747efa35ea9ceb55165a9,False
dab2df808bcd4c3eb2689d8c154f07f3,False
2fc417e2d14f49408da9a40dce95a454,False
1f2f42663b6240b6bf8e4f0992858744,False
1413b3836ddc4a5b8dec5d37f4660572,False
5e12d0ebe5f14e8e9cbcd616a42e3bc0,False
1b8c265c4efa45ce8d3e6485de3da88b,False
f9f0a330244d42cf9639f6d126bd4111,False
844c2bc2a07745a488f00ccbe400e75a,False
f41032d60e7c40d29f6c72c00d8c7b10,False
91b34f22b18d4b80ad2e0374c3515801,False
061a718e86d54daab09b2ce7e11387b5,False
3905d8cc9315447999889b91a9aa7e67,False
06db72f421ec4e0484f1a95f7eed9d23,False
12093d4b3de444349dc135ac1d7daf95,False
931f0624e9ea44b78d9b60a595e53ef4,False
1926a671db4c4178a0d7dac6e7a7f77b,False
6de3e9833f1e4a7196c293f6e1d29f2d,False
2921c43f28cb46078f9f394a1a39e36e,False
5a560dbdb0214a46ba64b9532651383f,False
e25a514f4f4c4b21bd9fb6b94d63f8c4,True
1b55fee1797645928dcbb969296502d7,False
6a2a0d01287747bfa04843755de92be9,False
bf0f7b1b90de4d5aa235282d89d5044c,False
2d009e91d73044a2a200cb9b06aa7b53,False
5f7c9efd862a4022bb51e65491144543,False
61d1400127784373acb61ba6a6571af9,False
3af43e2dc73549698eef8af3c1c0cc4c,False
fe66336f294848899adc10bb9acc438a,False
9abc0de93d84405a919ac198ce754ecd,True
f7b2a91af11446e59bdbd66138b9f23e,False
ad7cca5199de40388ce4f13d6f48d38d,False
13d57d11d4774312bdd1f116aa3dd1e8,False
500f9bbd69a846df87e283b90dacd4a9,False
82cf723bb34946f8ab2f50b92a228731,False
f750ac681ac2407ab459231e82eda2ee,True
6b2b0bc8381b4c628f2a607d959c43e8,False
bd39817cc9a743d89a20e21bddad8ad8,True
fb07266e8ed246ca8b73112897835c14,False
853dd8da5b06472a8cd439f428c1a667,False
6cfa69ec811644aa8f2a20ef98c9fbe5,True
d56f703b7a9f462a85f93569ce0c6fa1,True
44493fc4299740c8b52f7dece7438c52,False
30606f8959bc4cdd87529e13b8a3e3bb,False
6c6e3fff06bd4470860ef81ac9b33271,False
4c1b6cee1c5841d298fe5a8e17a8ccb3,False
bc91aecd812c41149b7354821aa2305e,False
d8f6bf3604f74518990e512e0127ed92,False
2afcbdedb8e542e1b2e28739ffb10771,False
7d8cd9f4102d42e49598249ad4b67188,False
50a8c3311b9143b28557b8a6219dd217,False
87a2747f4eea439ca4ffb3fd0708d37f,False
a8a5d62f15c448d6aeb7bf6f8411b0c7,True
eb3f50224e5140308799db6f90fd267d,True
a72a972784a14435b903d4506b87939e,False
3a9a7e2a17994665b5968ef66d96ce4c,True
cfb91e9f32ae41eb956abe704fb87e6a,False
733c9898a44f4bafbfe3ddecc183ba47,True
236e47a834324178a1c348f2e295cf36,False
8233a49e3b5143aeae3f1f5d912ac8b2,False
7c354c9e939f4a48a5beab4df9fe7b6b,False
e0013a81a74e442fa45195b5d7a3beab,False
45f8bddf0659480b906893df4a511917,False
ffc9acc1d1c94bc196fcc69dafbf5a85,False
6a074ad4a02846e488d19a76f3f404a1,False
62c131b0a00144e98df837fd1f81cd88,False
4ca146e49e4747188b47e9ec399b5781,False
1defb976ed1a426a85593d9e3d7b1bcf,True
d272adb46e214ed9ab21a46645a48f66,False
4ee58eb8db254daa814467e9930e7316,False
231c774a2c154fc3b84f6d668f948b66,False
797e572f259849efbc5f5d43b784f1f7,False
bcf51e5462b5497ababd7d688bb03492,False
7f9184a2ddb24c968baa8113811b14a3,False
927cb900fe30443f977f270375c4db1f,False
c17ee9ad4bbb446cb133c2bf7b0bbe94,False
0adc32ad7c3348c4bec89d54da6016a9,False
7c6413019fba49ca9d470cff412399db,False
5222c4f4db444669b703390b1ad1d969,False
23afc9dc2ad544e490f1a465586b95c4,False
18e6b0eaa5344b189e491f3b01411b79,False
e5ed75ec22904ebf864f8731b3dd9742,False
5be13a7e0a67497b81ff2293a527b009,False
ce978681150245d5a85371ba5b3d252f,False
a6b942891961437ab8721b7fc8607a5f,False
836801da6b2e43eeb261e0372c76702b,False
866656e8687b4369b9fc2c415a880aa9,False
5a2fdc3da4f541cc836fc3828255f2ed,False
2344ad7278a04092b05404bd89e491c0,True
890b38b715ec4f8ea27ca40c100cc87c,False
21641123a02b4c0dbe674d22652ea818,False
4ed9a6a2fd114cff8b0d760aedd4cdab,False
59d7b2b2cce94729a4fce3e07ca90f5b,False
d9c5ee1a81f54f8382e1a96276a845bd,False
fae11a52be9141129801ba3783398a32,False
c1afa8fea9114cb697e420956ea8207a,False
97122a031c94471080cbeeeef2d35a43,False
ad48461004dc4255bce893be7cdc8785,True
3c3314d72b814d9a82e6457642f7488e,True
6a97c8635a4b45fba44061ced3fde1d9,False
a76a59fd01564a56a03b96f22b85f739,False
e11f41af1690468fad3d90ee583bcb4a,True
8a4fade9ef0d48eda6bc905771aeb86f,False
1ee87aae91cb4f7494957fc4fae9cf71,False
a299de5ed45e407ca3713debbe7091ae,False
dac1c0c8ef144378a238e062be1763f2,True
48720543194a45e0ac224653c032c277,False
eab79fac0014496dad72593df60ba217,False
2779fd61ecc74c7f8adb86e722af4766,False
697417fac362467a842612e9e92690a4,True
c41544ea0ef14bf497df94cf042d52c6,True
958166b1f4124dc9802aafcc14322a91,False
7814b695cf33499a9dd2c089762a9e8f,True
962078f081d04b3d8cd768535349d448,True
82a58f4a718f40c68d504f711f81c17a,True
3ab7ba4ba2164845aa26ebabcb37a5ed,False
8455b07291eb4c01b9b80d9cbb5619e7,False
7166f5ec9d194bc4a6f39f3148f14115,False
b38b7ff2eda24803922ce8508dee1b6e,False
b0b6e6d1954b46fda87c7ca13f510258,False
c4ce4ad673f44d3d9eb7bd4782259bf2,False
5ad8cc6d2886469e8e81302158c596b7,False
bdea5828111e49aaa1b289c891ccd8b8,False
0f4f4b24bda649ea99d179323ecaf169,False
414a8d8140964e95bbee4e9e49b1ad2c,False
34403a27b52d42e4909db36a93c805f0,False
f8f4114a40f4450e92a50a864ae5a4d9,True
a913f911e8fb4fc0805fb30febbe7c76,False
ccf8f8fc1a7a44a699d760d1694fb340,True
49058b42212846858100d9e4883ae1c9,False
4b4e74b98f124c5c9e07456e3623c049,False
b43c4961dc2d44c6b5a5602cfe4e940e,False
13b962a1652e48f79a3dfd76346aeca1,False
7f1c38a2b8594a6ea6674132efc1a828,False
196ccc10551d4a1ba0db92423cac6b22,False
4481e1c8152b421cb3fdf428749c1c63,False
61c29cd31b664afd8d6b4e1ca79e5f37,False
004217ead76b4c549fdaffbed540f7ba,True
a040f89971a942cb93e93d385c249e95,True
e35c72a2e3a149aabd32d5deafb0f74b,False
5455a5032c354e3c97dfa04f2cd17b27,False
23764634e2054eccb72ad85ca15fff32,True
7289046f66fa4983aaad112990b25663,False
cad23fb15bfc4053afd88d0af1da735a,False
876bea6d3fa842ba8fa50c5fa579b70b,False
932c77b3277b4c1b81ae5d098e6af0fe,False
2973bee0f5d3400db36b4bbcb7e1216d,True
7f2b1c84c6b54a58aaa6ccc5502cff36,False
bafda3d80fb14cedbc43e42546efe874,False
7d84e38839d24575959b83fa815f2472,False
7f1476ab60a447e0a0e26acab23abdf6,False
35f48f5230f5470c81ef65660a3c3f7a,False
9a4d0d0091cc4f3292db024c2ab74164,True
850be00103b44e19afbf2dbdefa8e597,False
16e56f14a9fb415ebc6ba9e9d0fbef89,False
f50410e7240349408c01daa392af1ac9,False
f51dba276bd44c78a336c40b5a139c34,True
3f3e0ebed1e44e1893a631c43361613a,True
52a58d3d391341e4b543033e32678db2,False
faab2cd9598a4cf0a5116cf28e83e6b1,True
04930bcb5ec34c0b99b8103bea2f4bb4,False
60359cf7121e40e89be5b9f9396d1623,False
9a2e54243b7541a289a0b08d963f802d,False
4b6534f2533b4088b5afdfe351934fe3,True
5f6b52c46d384a3d80020d074286cbbf,False
2e2b7a70046740f4b5b83d232ab01f6e,False
73797131dda349dd820e119f7c818001,False
2aa5f70aae0441998d19d409c72b7546,False
175a5004e79548aa8c1228adcbee93bd,False
8a7f826710d041e682e7922548b80021,False
b56e5adef01c42839c360d34566ff1fa,False
d1a4739500004e7d947c111e4c927c22,False
da0c9f41602b46649c4463231cde0fe8,False
80eb047efee8451eb6fdfabd20b73973,False
8d0952a29191421eaa52155a6303b8b0,False
91eabffbc33640bf8b00a08ebd4e3cde,False
39d5eac7694f4241b8e8473813390030,False
c840e0313283475e9160619670854a4e,False
7bc88932180f46eab734ab6bf571058a,False
a2b0c7f47dde480a8975ec3f8b3a565e,False
cb65a82af37441b997ab49dcf95c861a,True
441aa1430b8a449ca21f763d38abc262,False
682da59f26bf41deb5f30b85ef444328,True
5523f2e17cc945a58e139c52e81d9619,False
efbe5788b1494aa5b5614fbcfabc697e,True
b507c8a651084de5bb812ec2f21b6775,False
ca7a2482ec594662aadb05ac35e1962c,False
8402737d23494931bd9f94961ffd3c17,False
76c01d09386c4910a642b2e03f2d669d,False
a7cae587b85a40899302e83e43ac41e4,False
5b3cfdc021d5472ab0688a0cb6c31b9c,True
b02ee5df31b949d0a6b3e73485a4cf6f,False
c020125cb7984a78aeeb8d2cd0cd620a,False
19dad5e03da540279d7d35a325d4d660,True
e839d66e1e3b4d8d8dc17223b0171294,False
26b99724d14f4fd8a3758244b264095c,False
410f80663e3c48209511a150a1d20e0e,False
0d4852788ebe420991127599fe767b15,False
dfdc2f4c9a76439d82d54e9253a4c027,False
cd8042344ba44c75bb8e2ad3f842e452,False
b7dfa07f23aa4dc2aa5bb82c1aff6d6a,False
e0bc40fd1f104a2a8a5632162ec03de9,False
47c3543237aa4a0fa896999cf2207117,False
96ffd534bfc245ddb56d088d9620bac6,False
a163462156da4d9f892b2b34db3e407b,False
1acf9f284ce64ef3b8aaab454a7d3264,True
89cb21d3ffe04fb48fb24dad1c9b6570,False
49516c0135f54e7a9499bd5340d4a8df,False
7bb83a19c0fc47859bc6356f408608d9,False
2de37e23af874050aabfaf89a9532a0a,True
d204302222f04c099291646530579d60,False
c62ddcf24da947cb9bda081f5ae9b8c9,False
b83534e3d46a49e2aae0e72505fbbdac,False
7dc1e4cd69454ace888622765a16a2f5,False
c41987f7d49b4e9ca1d5987ddfde53ba,False
6f47da75c5734d10a30be85eaad4458e,False
1b310f9f2fed44e9aa553579f33eff2d,True
3fee1075a055428e8f326cda52ebbdfa,True
a47b12217b7d45fe89511c4ed18a5f2e,False
7748f72dd1bb432b8c9730258388ff4a,False
33a0d47133864ddfa8b968ad1e4bb279,False
2346a41557a94bcbb872517c5b0f9ca6,False
c206e2c1c13c483fa9cd2a62f5d174ae,False
27270221552e4fec9b2671bdb81f674d,True
cc3dac566c504b78a52b0139eda3bc28,False
18868741c3154c67b550cb4dd1bc0529,True
2d4fc8b2096f45e8b7531e9c43766614,True
e315fc8ee7474b8dac7c947282c7cbc7,True
bd0fe59cff4546e5ab13805c3fa41147,False
bf003ece30424bacb7d3c5bd19d20e2d,False
288972286d804d05a45a84c6341408cc,False
451d3b16eab94071b61711eea2e2abd4,False
7ea4c34387e9437780d1607957c48121,False
e2c54b5cb33a451e840b37e5def4fa9e,True
5774ecc365d049d5b4a14779ccc28d72,False
519f3ba656c94149b18857650e450a25,False
56ea221c7ab24f479f63f4e9326423cc,False
670f167e6d564adfa708ccf391badce0,True
072c4b1051ce4b4fb4177709f0cdc9c3,False
098100030b0f4f079c709942e1cd05b5,False
1818afc91fc746678bea803f8f9d1002,False
6c782b03c21b4e50a7dc25ba09030890,False
dd458904d0dc4aa2bf8e1b4e407e9948,False
9fda763d6dcb4fb8b5fe513bcb3b19e7,False
e016b0e2e6634b84adffbd2b25ccfecb,True
b1a1cd2ccfb6494eb3cb5110a55317b0,False
0f930e422b134aadbc209a950648589f,False
f9dfb791b4b842b29a2e08f8d5dc2585,False
debf40101412429d94e2599f7a9ca775,False
a9a8bb01382a43b78a95ca21532e8938,False
d95018428d904db58d069a7fb93efa3d,False
22630c2e78124f3c8c440eb3a369d1c7,True
1399111b475f48908c12e70cf355f887,False
0128e0289ff24091a04e15b5ddef0719,False
859c2bb7c84c4a388aac586849224604,True
6c899640137842468ab7afda0da16fad,False
f30635337ed54bcd89d95306ba51072e,False
5f3d44acc3484b3bb765eaddccbea5b7,False
a6e3214e0b4943b69e4c398e6ee5854c,False
c8dd4c18b7f34c9f8a66334aa818c8b4,False
2313522d77914116b2bb6ca2df618780,False
057b6aee0f594fa09b43fe0ff5c25f80,False
06df73f7e3ad478f9750a7115776a5ef,False
50851f5d22dc4b868fe4576427502ec9,True
79803deec3754ab28302c6e3752ac729,False
3b2e46bcc0864a4195f1dff7d5769b8a,False
9aca37bff69241c18554886e5a2a6a7c,False
e35adf39259841048e1ac584f038f527,False
20eedfca488147cda001969157159932,False
51bacf9e863e4f30ab708697404410a2,True
50fb0d73dca34f08aa7c1ae56650fdb6,False
078274e67cbf4289b388a60e2bd17135,False
e544654ceb1d4626b4e5f13ea7b285e5,False
f170846308cb4f6882ca23a366f738a1,True
3519e6cd09394090a025d58cf3825cc3,True
ffcfb4ddc55140949a4038d28ce78fba,False
586af30a1a68410e9c943a60cab5198a,False
a920c647c741489aa9eb9cf7a1a91a9b,False
9e34a62901ac4c1aa15b3eb776409e54,False
7747297489e24402b69e4894bf466ba8,False
edfdc4562436452fa9451d95b7625d30,True
d3f42b5914614d5dbd21647ae9e3f19a,False
aba9de118b004c05a0b5ca77915816d2,False
a133a2e30bea4b058ce5c50bdbc7db15,True
cf1cebe51f9e43bf880ae5865162e9bf,False
497f3e0b43fc4cc2b9f69add14500346,False
6a092e90835e4a8bb15fbfe0368df5b0,False
52dade67983744afa82bbb0a3f98fb29,False
7fd2a31408354beba593b09a36735437,False
e3fec4d563604403bb85d96f908b77b9,False
56333f7d1e4d4c00be2ea11418f0cbca,False
54d1eeb55a724011b72abfbbdbc1307e,False
a2f70cea5a7944339f381b86f805e946,False
5c740e7b5d354098a99837dd5a5fd92d,False
f562e8028dc549de997f3c128782e671,True
9ab9b70af30541fea49227108c911a3b,False
fd24f8bff0d74a8db44c2309f7f824bb,True
699be47f2c4b4f8982a719b6c9f682ed,False
63ac3dfa816e48eb87f07121d709bcd6,False
e370bb7550784b9f99c1055c9ab6575b,False
637b5a82f0534ea1b9a240b1dd71870d,False
3b07037f64804ad8a361ba6c504ff5af,False
5f805c9346a84403bb68f9b0bbed91c1,False
bc4e6be77e16469086de62a75032ccb0,False
b566fb05c6f844fe90d3e1b6bd6ccfec,False
f10d3fa394f34fbe8d3a97a6d4ef82b5,False
d420d01db509451ab038bc0acd390d80,False
6feee8abfe85426fa666be4fdb405c30,True
875b5bb07da8481bba68e0bd49eb9bbb,True
100207786e81414aaa5caf9aaba02981,False
432049279056405fb9f9e75e43149054,False
b3413d0c2c624a8382399bf8a739eccf,False
be8e3d7949914e79bcb7c02aa211ce0e,True
b8976720f2354c95bf77179ec44a7f2c,False
bb047ae6abc54a7aae174568d1f71002,False
3928637feb6040b6b9c6213ababb9c6f,False
8fcd285dffe0404cbbf6597bf9c5fa92,False
0eeac1fc54b741f1bcdcec553124b0ec,False
bbd02c3290f643288e8d9b930a0c42de,False
2538d0d35a3b4a0289877eb4b0032089,False
daf35091a4f94510bc3e1642d18b8297,False
2bddaeecdc1d496eb30f039afed4907a,False
351586bda48446459ae032f80602c8cd,False
bc211e9edc6a49bdabfcb0785f0836cc,False
dad06f5dfc7743f4995f7ed1c1da867c,False
01a83a110e8b48af871f147ce0ff9df3,False
a7dad2f4a2924386a7e1f5a4788c66bb,False
ab3b80f7e0c64bba99721041560ab5de,False
e6342d170d064b6fa8c564e2ea123240,False
1a0b770026334fb8a9d46dd470a2f303,False
8d22e7b7e87b46eb81bf2ec9ad6ff0db,True
979d804cd74743e0a3fc58b1fe022a3b,False
0da51879137741fe8998bffb25dabc2a,False
b66549f0ef754a8692728f03782cfc81,False
771650a68cbf4016911829389b33e809,False
d1142449ea3b4bd191b25c1b9d1693cf,True
1570e9730d304d19b1c2244148da48f8,False
9a564e8a37d44e10b5ea7796cc84855c,True
6bab3cea93044d8280364382da83b4d8,False
554f5cfbd99945cba745c21faab957c0,False
55d5781a59454d6e9274e8c9302a7558,False
083621b5079a4c80a217b48e9b545f1a,False
4668fd44b56045a1a9c678198db656ca,False
fe38101bc71843f0bd0a3421ac0b5c1f,False
4ca44dd5af894faf8452ef7397a14dd8,True
c45e7a02dfe641f6a5afe646502b70f7,False
fc1e45d263a44fbc878e32fa59278858,True
c2a1097c4b3d489f8e48f4c91f33f5c7,False
92399ea0522f4b40bb50070068457429,False
799d0afaab1e478a9b242d0942fbb5ce,False
3fe733e9e4654ecd8da188f20a6a58f5,True
fed966295bf042e28dbf7662755b172a,True
800241adb27c4ab5a2ba6c41b9e6a8fa,False
9119f691374e43abbb03da02c17a9fb3,False
010788468134404d99f0ee9e326ee01e,True
177da91177274c23a8b13313cb174eaa,False
f6787a3fadd34ba1b4ae7ed1c71766bb,False
27529cd549df41e08907dae3f91f1627,False
75d2acfaa6a14e9ba96e4e82bc6b7b84,False
b594019f05ba441489030629d2a9c1a9,False
8fee24e4d7804afa9e9414841087f3f2,False
c07e8cf366e54052813b4a025c0cd894,False
7a930330d9254202ad2c6f38e09ddf16,False
f50ae1b934b3496785602bac32335fe3,False
f770a85117824708be78c0fa32497e44,True
952bdc30fe994da6956f3b4b36cbaef1,False
7688ad26ff0c4e0d992ed0b902898300,True
7f5656c158d34eff9571e5f15b196bf8,True
3bce72acd915426eba143019c393219f,False
bd90e19a6b804b5cb2db3696ec91e934,False
62e46e4c76a4463891da510285764a06,False
de7365a2592d44baa98953c8f5aea810,False
3b41712ed6c341c9bd903b381655a589,False
2ecd1657ebda4f48a46e7bf5b3bb12b0,False
adfb18b69dff4314bfd9783b6b417baa,True
9b3e1c9525e24b94b979cc5bc4fcbc68,False
36fb7202579e4a7b89110e5212302c92,True
6099bdfd13804b11aeff6638aa1459a3,False
b721c338078d490697c2c213d9735100,False
3a37f9e0efc0402c93067fb3c4ccabb2,False
11de26901cad4d8caa224f3519bccff4,False
3ec002034eae460593bf8343c5443ca0,False
1622874028e945e1b22766929092e68a,False
df3f6bbc69b94b96a874017dc887d73c,False
e6baa8a6d95a4276ae753d493127dcdd,True
4e607161be5648548cc452b2412de22b,False
3cef3257601d4aabb63fbce4c586b8d9,False
c9916b5083d24a6a83d691046d14c70a,False
ac09304184a4453b8fc3ee5073680471,True
5081f2c1f09646b4a074c26611e97127,False
d44a0e59a7d04bf1bd7d651d4b31d2b7,True
1a19c04c26684d89b638b05cdc2432e2,False
8c86d25adf6e4f84953ebd03ceee92f1,False
68532ad9356d4069ab6258f3621766e1,False
5e4f2e64e34b479a96aa60b9a062f2c2,False
1ba2c5fa55d3490c908952aa79a2b5e3,True
6c7f8e5f45054dfc85ba51d870849c33,False
db3c094f0ffd45c180e47789a25e5b61,True
f5237ddd7e8842c8af3f50d682bbdedf,True
55cb842593374407a157f4b9919d9af3,False
c81ba31f27b04fd3a272163c118f1099,False
89ca920edd5b44209321a765ae6a5414,False
855d94182c104e2d84d8afddf95ad9ba,False
49442ab3e0e24a72a4ed5f384838af41,False
4e8ee9c54d4840648eabf8548cf5e493,False
5e1e5b311b1a4ac1af2937095f3f829b,False
82eb01824552444cbffa5e231f4766f8,False
725738699869489ba7f5f8ff53ee75db,False
50a7f59b70614c04a7a5db8b96b26b0c,False
f9f53366fd3b4362b5b54023295c4e19,False
779fe65f680c4ef3891059f420ebc256,False
e826dc331eac430fa29097ca721e7444,True
216fc13bd4934fca99a20621d6ce6d1c,False
83ec3456d5404c8abc582345d9b206d9,False
da8fc45211464ca9907d30eaad225260,False
54a5d55b625048b7a3f60b80ea619b48,False
bad891599b4743958bfeb552f6f5fba7,False
a58530f34da94f3299f1e042cfc86ffe,False
0ac805ccc3f94c919020c6fa726b1c1a,False
1d045a438a92450b9078ed03f1b81353,True
269ce88a0dcb422380899afc8101ffdd,False
372166b9a3e547668b117f20d4ff7d0a,False
7637cf948c884684978562ab0bca0552,False
50ae9c1fad154bcca6d5287fda744291,False
fbef7aa4782e4a4e9066a74df0d0eb51,False
2f91b7ff826e4f4c81712112f57d2f0a,False
3157fc3aa5574ba396887db8f6a5e087,False
3e307b9ba3aa4836b427cd31ea8335b8,True
d50c9e2b2c5f4850bebe07bb6ee3e92f,False
a2b80cc420fa4b4ba0736ead09a4dff3,False
86a96fbbcdce4655ab4364feb8f06881,False
2742bee544394d5db3632614213cbcee,False
be47c5f3b1734c6b9b0008a69e8af710,False
faa790f7df924546abc4953369710118,False
f89b7ce66e384e0caa31200188b89caf,False
d71544cc8b154af3b1ea65f631b207d5,False
32fcd06acd2a4f539e4edfd2278608a1,True
a8f5a277061b42bcb3a6c27ec1133c6a,False
efc2b7d4a11b4a0db60535a2971e5c6d,True
a7db3b5a6b334bda9210dc144a2994b4,False
1d03a1dcda41490eb467505dafad9282,False
e34e4cc7d9c84e0380de22b0750bb3d2,False
42abcfbe8f304ceea311f81fe577ffed,True
a68d9808370e414298a90bdd84cf3a39,False
cc1f6c3b3a1644d7a94a384413db1c40,False
6723e39ab2f746c2ab6d941203f44fa5,True
f81f8ea3d2d8474bb31ea88fb89f3df0,False
111fd31f8ee84e4c89a10f8df75017b8,False
38998a74eb044d85ac89d38e664d92f5,False
0c8a788f03854ed891d558a1f96cd274,False
563664e716d848009850ed12d38e0840,False
08ced42919f44738b5dd41418d155537,False
524d006f4b2e411ca72d5e1911920dc4,False
69338c765db648328c7d7d9a43c1b775,False
8a7739d0ef6c42e097a4c7827b1c6bb3,False
89073951ee5646c792cba69cafa58cbd,False
480097d4beb64a408f3f5613128ea0dd,True
850183d0f2604bb48348ec5ec3a1528f,False
f26a905d2d5640fb8570c20794aeb7f4,False
b6aa2f2d622c483793c734b97c4dcb40,False
ef3aa87596784f2ca66c3a01f6245623,False
c399e1518e9d44bdadbc350221fd637e,False
7ca9f01b76b643c99e0f9ff184c0b06b,False
e60feaf21d5149b38f09b3e8510bc019,False
502b1a2f128448758d2f14ff3cbd0fab,False
c1165b05b52d4cc0b05c0babf6a8b1f0,False
ea9bb8f7d53a427bab98499e9b03b89c,False
ef65fd43d2a24f18a3121b183391d40f,False
475fda33b6454fbf9f50d1595d583284,False
c069a6886da043939f0f2e23c3a86949,False
bf202c3416f044a1ad01b0ce1fbee86a,False
a2e1104a18b04b909727c1874e3432ad,True
cbea266ff1f1476a90e4ab64657e516a,False
f06ad7909ccb425b9dd6bb6a594de705,True
a75499560f3641039e0bea46cc995298,False
35e3165f2a00456ba65ace10b36012d0,False
14183f6dcf7c4edfbf216c735fa6f77d,False
852cb8ce6935492598289de5bddd558e,False
7769bacd45e64cc7b2b9d7b84fe8de10,True
65909ada513f456b8334e78f875b1152,False
604b8c0dc1494975971e4a7958bb646f,False
44306e54b2014c2785131b6fc7de43b5,False
f6cebbc2d49c458a99b29eb03708418a,False
00c3f8a74d984325a8b876fe2992e6b5,False
468ad37f1ff34560bee8a3354503cd4f,False
14fc8049fe414d38b0e744a34b9cc78f,False
3f08b16fad1a479c85088c83b7634cdf,False
886337b5bd1046e2918cbe659ff9ab83,False
dad085f3d2d44c3d8dbc80467473b047,False
55dd69b8d8184527892f73f330b64b7e,False
562cdf8eef5c4802bdead26449dfeb7b,False
b685355d039845ddae7c89aa3ae13dcd,True
21f0800d9561469097841f61a85ce187,True
890c1454fce94dc0b09fac7476c62ae3,False
57910a621d2d4093bf96beb312df85de,False
a39573db937d43f6bb29d83fb89bdde9,False
0fe4344ae92d40d090070e375fcf8c7b,False
23ff012bb0674207bdecf9a9fc5c2da9,False
305e41dd43b84dfc874c17c075b38e89,False
622cd53d9cec437fb1881ad8a4af7196,False
3295b5ca19fa4096ab8e22480d0c4a4f,False
90bf7f9c667f4c559dbdc17ab56469fa,False
dba7eb23d6ef4d2998e536cdb80db1e1,True
34916779358f4c868ce4875ce4e858c6,False
64a0588b0e964df883ff9aded0cc9e08,False
4e1fd9761c934317937a46933b088f9c,False
fb50fcd6e0be44a38585ec0ed91ecded,False
9fa3b8aefca14d3987dbf34d649355c8,True
61e569cce0664061a47761fc14ba9e31,False
d0feb92d85124c6aa1af92eb7fce57ec,True
782765de89ea4938889fad0885e63668,False
f4f0c5a9851f429e8258cfe5e1b75c68,False
9cfd236c6a8e458a916b55e4b127e297,False
d78964124729494b90e950f5b5e4cb3e,False
3c9a47578495404cb7dff12a3fc5c462,True
d888b020531c42ae83b3aa1db48d4c12,False
c9bfefba9d0f43c1972dbf5352d6e9ac,False
66c5100b680f40caaf7ebc4bc6d47ff3,False
7d3e6fd64d1c427db6034c240376a7ad,True
34754ef152ba4b95861983ef46239212,False
fcd954d55f2c4f5c9f0eb125c87a3eca,True
1b3b38340d734226b0a67360d8f41c6e,True
11af1bf2889e4cf8b7214e12a9d3a4e8,False
96df61066fae4054bce2ce6e3bd6033e,False
47dccc2bdd9c46bf8914fa6148c3d2e8,False
0d04cdb96cfe4c36935055d78bbec5db,False
70e1fb925ffc42d4aee81a007fa5709f,False
c894d853577946839976d6dbccee71ce,False
766478f4156d4d7d809a263080dc2d91,True
420cd9da74b34e4fb86fe6e61139cde9,False
69b59ce3146a4e90ad04341b61bea3bc,False
6cf0dae8b0764c9780d0a12cf111f13e,False
373214d005d04ad2934c8f0a2250398c,False
3f5fecba1bf14935b2c48358e7731dde,False
e09aa7eff62140bc9d569e7e094baa3f,False
543b11f1128b40b1ba12121041475fd3,True
faedbd230d764896a5df2311e4c519f9,True
9b98e848a60e4ad48a625edf59b2339e,False
42dee3c89b9547909249c4f233466225,False
5ac1cbf69d30491ebf6de25687291aa6,False
f02ea652579e4a73980db7ac28cfb45b,False
4f1c64e137a74a8fa38361e0df4c6c98,False
9b94e60e45934154bad87bc052357e8c,False
d8be6d3b6fff42c6bc8941ae562ed0ed,False
9d84ebc97042470289cd94f5bd976139,False
c2facf060d6e4df0873a825e3dd09175,False
e8f504796ef549a7a2cadc63981baff0,True
a69e045f2f0241d99b099fd6ce209bc3,False
a3e5e38debf147398383197b87c78cb4,False
428b669894e34a0a82b828112cd34cf5,False
48d9dc9deb1e4949952111f0f5a68f10,False
7b0ac76047cb4893b393e186fc9d30e9,False
5ea4bb75c5c64a2fbc5eff52aff6f21b,False
564dedd3d986471099ea64658c530d77,False
cabc79b223ef4293b5a0e475cb5d6c68,False
a3dfb89955cd41bc9a12ce2daf237c3f,False
e3ec7e18311048f099170e965e4fddd6,False
8489cf2540dc404b9c981955257f5fba,True
af40a6a2b9054a0a9a5380fb06c60877,True
389ae7e60d0648419c47a818f41afad4,False
36863d9d5ed94dada6b0772c60f36419,False
f649bf659b174191b1105d6826b21708,False
861b07c8694c4ac7a05b37ff76343425,False
35a7f78f2c9d4582b9e0b5c9e493172c,False
8de4ef950ec946778b2a0caf1191e659,True
af694ec764da48768da3155cf971e922,False
fd8219ebd42d45029f5714af3bf1ef31,False
7e0a6911817e4caab5dbb6f5979663c0,True
0b16619e8a4b4e429fa82989e471aacb,False
6210a38224a94e09974a72559f7b481b,False
fdc96670b8e34336834d65d8adb18753,False
c5527ccb36154b3989737e779c57b1f6,False
81522cd78baa4d11a8f89a9be0050546,False
1fee5b28563d4a0cac3729d71b378d2d,False
d259ebdd13144e82ba88fbcba5ac939d,False
99600b26eef8467996769ee388d65a3a,False
454899ed7dfc4c0f88a67dba99c5ab47,False
5ebe2af33f03436491758010161bf517,False
44ae4dd852004132b4f8d1ef5b6ad7f4,False
b9fe1c63f1d24d2e8b3a34be57e0f4c2,False
140e293db71b4754a8b3bc6ab3462998,False
7bc0530109c540119da8be6e24a9648b,False
ec7882547f004df3ad9a4cce42c51411,False
b9be7b9a3e064b5aa60ee6deddfc148a,True
ded8532fe8194e8f8314f403fb1f2951,False
8a921ea7c1bb4d80bdf6bf8be7c75886,False
b4dd7f2a871842a2bb1bf6cc6c480abf,False
706132f1f4c0418f92c5e1abd293ff47,False
8d6a9959cc034296b0eaac05a7b2884d,False
e2e275dcd1a84d62bf91be6564281570,False
2eec5c36aec84e62a1c7fb5d33dfd360,False
76ec3965d1f944c596dfc44bda0556d3,True
089e2fda8e614e4592e9b45ba08a2c28,True
13fdccbe014c443da08df6f8c07c7919,False
1954cd9517d2427b95655c6b814d0a54,False
36b81774b35043e3bf7d47e4e09cc3b0,False
5786e3e472d54056adf2ff047f9c1e97,False
c0fdcd7177f248ffba919728bd1f5d8f,False
e502174b26a74b4b9cd9764ff8ddd95a,False
400fe761bbc843cfada99d6c9ae6a769,False
3630616ef2d4465690230f58312d982d,False
762e653e7ba3425b90d1d0366f1edd54,False
990f18f572d6448482ed8450d31c0faf,False
45af897728e442a48ff4449c1cd9d1ea,True
11379e822dfa4d43b8d55af42d64b311,False
33aec20c785748f78afc7ddcd2b36c66,False
da4f6161980d40e6a61b595ac5233298,False
36007b2f86fb41e7a25b0ce98788ee99,False
d6f80b0fea454320ae8dcc82ee1557eb,True
b0b39f5482984945829737dccbb9a901,False
7b6254053f474ffb908a6946474679db,False
2988334ec43640c2891c061f46761780,False
629f6ebcab9b4631ada526d0149bcfa8,False
d1e2d7f1d4324b4b8c0990f1751a56ef,False
8cdb9e2921fc4a6886046894cefa53af,False
d2c30a1d4e18440ba23c19eec9759f13,True
1eac569f03c545bcb3c6ec4ed060dc23,False
94a733c386644f6eb546f953aecaaa30,False
6c046b8f35f04b908f1d4e21bf5d5a6b,True
1fafd0b102fb4aeba2ea6a35459c8815,False
263f96c8bb144fcab0b91328893b69f1,True
6f0fb69c2cb64e12b999f383c48dc6f1,False
af4cdc34dd4e47288235fcf8f2844fed,False
8a815c3f8aea42228fdac877ec7601f1,False
a923a0a670554864bb2438f852af31c7,False
a24782cf0c81486da70d0f136f6ad282,False
c6f54ed31705424f9e3303f2fc069382,False
f75da5ce2d8e4988a4928bbf8229f26a,False
bd4da4bd964e41fda8e70ca3ec956c1c,False
1ff36e4d81ed43498dcb08a785ccccbc,False
f2985a1ac0c44c79ac3e8c02727312a5,False
2133649f4a8d4a6cab99f889fb781b75,True
b3b648cb00ee47fd90d452a3a1a5eeb1,False
e13f592935b74c35bda1e6bee66a7af8,True
9d0b24821ad54e33b19a5f155e7b7cd3,True
70ecdce88fc34076b9135605ca74312f,False
1abaa42eacc74dcfb8095ebcb7444145,False
88241cc5914447e4a1e5a3d08383b2a5,False
a69a61d89d2e4878b8b651b4b67ccda6,False
e47f2ccd9b284aec957377abf2ba8bdd,True
ceef3b1d7d674a7db9f0e703bbd3331f,False
6fcc6745ae6543369f98f6fb741ae1e9,False
2c520843ae754c908e4c46aa1cf5dd46,False
54d2e7ed8adf4853afc53c5d39d8b0b1,False
1c585630b56349eb9167cc747a31b899,True
bfc26f28ecbb46ea858b817fd5c2c042,False
d1d4e409a40643d5b48d8a1b758d697d,True
86c6b71ec04f4a9980665a3a8e217e9b,False
72131269848d4f859591e20e21057c7e,False
29a6db94069c46e1a5760413cf68d2f6,False
6d954aedc9034caea3e67698ae759c4a,True
e017d908d48d4d45a405c75950aad9a0,True
8c40276badf240a6be76a8296c609c9d,False
d3e34ff8311e4bbd99a7abf6e94cab9b,False
27b75f090310429a84a0da13b508abd9,False
48c72208ce1d4a02a9982fc6fb4f91d6,False
38f7c741b94c4da8ae0f32bd1ef73f41,False
0bd8869c70fa4f2cacea71dca3017119,False
07640086373245bbb7fe8bb895a727fa,False
4478166e804546b2a716a5e2e11543dd,False
56827888f0114dd392f42e8576d2edfc,False
b92a3b5065cb4e40b243b0e582794c2c,False
4b4009901faf4a92b9408379e5b437fc,False
3ee9e54d2b24494bbf9e6810bfea6e51,True
7ac3b12c999b4d8aa6c7350459a45bf9,False
3e777d23c2704394a0be3416f25cd0b3,False
083142b201974a92858c2b12380dfb52,True
7f32e51f98774fce8dd1cb4b11f41377,False
d775f3d2a57446b391d9c41f70506572,True
5b0545378e484d7caea5daabd35fba88,False
5025f786eead40209f9584ad61e16950,False
b4056924a0c3473eb2ab867455bc09ac,False
099dfab8b6444d3aac4fb3c18690ae5b,True
dac5eee00853434f96a503021dc0691d,False
1c62f6ceee29464b9dc52a936b681e62,False
a64bb418c50447df984ca854c7f0f1b4,False
d95d895d094e4461b30622253a5c6919,False
bd8fde0290a1474e937a10a7a0ee3616,False
a5f24d97817148e9b587f20d21fec037,True
a88d066641b84dee8a8822791feae744,True
ff5320aa350748f7a15ebdd8e8b00aae,False
085168605a1c43259d4e670b080c59fc,False
d49112f9d585427b9dfbadaf0bb29db1,False
e79a115c902f433aa514886e946761c1,True
4cae1d9f2f9f411286ed83930e30fbd0,True
2a664443cb80404e9fe21dd2bb6fe359,False
55d379c369664d6f90149f62318fabd2,False
7b899c324426435cbfe7387460c11cae,False
67dc1312ab26406ab07c5590daa81ae4,False
9ef7e0d30afa4d27a125051350ef8a70,False
8349745b846f41bb8c1023e477621af8,False
4bf8a8d4ca2b49628b4d8d541db1af65,True
8878759468d3447796bdde6fa84510ba,False
b05228cc3b004dae8c7b765762dff75e,False
efb2c71c72ac40c2958ca07c7b0c5063,False
524dd3b33205405faa16aa31ec125d50,False
6531b602d10944af95dff38d1a28d501,False
ccfbc60eed2c47a39d57f9370425c6c8,False
ab1406bd114c428782d0d1b1d5bd855c,False
3c60cf8b57d54f35a4b0016e017535b1,False
e5a87f25b0944f97966e876c91aa16f9,False
2c4e19f4844a428982a6ddef1c93dd20,False
78da2938b37f435bad2e8c05d951066f,False
ad55bd81b70f4f0780a851bbb67b8062,False
50f84d354606472ca0adba979f2ca5da,False
f4fd0c51e57546f0b8befaca08a3848e,False
ee7e0ea3a4a54861817d9c16f6c1bba1,False
a928b3fb2b0340b095d2429e9457ab48,False
68cc424960734e56ad596ed0986ad0c4,False
bdc6866f495e4dab9e16cc979c61e58f,False
20d5fc2663384a728e8afe0c99025dfa,False
c7938b94b2ef4f2090ada132781487d6,False
fafc48c14e43438892748372fea69a2d,False
f11f58f693e94967bce7fdec97881deb,True
845056347b5142168fee3566670c85b8,False
05208dd8f5144fbfaa27d5c073ae5bdb,False
6e2cb0721bcd4ce3ad83896c51b8a47f,True
02fae2c062c848c192ae8e17c54b5707,True
a22d119e01534619a70a90887b228e7e,False
c5a0a04163dd4bdc92a93b6be298cbec,False
4d1ceca6a3c045a7a2b5c7f63e037b3b,False
cfc575bf0911499b92b9b4208fc865a4,True
c11e442d63ee4317be6417fea6df59a3,False
c8f991e926c14c528de2b8217810eb28,False
52e3975fffa343eab05b235fa1e92bd5,False
d48de1e00f9b40a09acf06b63b880196,False
88a8a7654c0849309660de0e3088260b,True
929b705be406441fa0d9f5706b560458,False
7e58cd96a174437d9cb814c127bcacf0,False
147181bbd7bd4b789e1aebbfce6fb6b4,False
cce90b77a01c4ed3a3cc0e21ed987a45,False
ca2b1979464045aabbed39c731da53d9,False
711807dbeb844af19d21c0f9b99314da,False
a948e23569364e5fa7aedd81bb9354ab,True
feda4d49e4b24fdc95d0cbf1bcf1b06f,True
a359c121009f4a9a81d119fe2c9aa5b5,False
c5a85e8db126442cb058ef319373010d,False
1bc899e3847e4e8b9bf3cce9375b53d5,False
8a638f2a1407477197402164461e01ad,False
35e8bf67e4ca4c2a90cb0633d820cab6,False
c7732cee20154d27b8703fc89bb77ef6,False
1e626932ed4f4f7ba40406b0acc35162,False
3be8b5948075473bbfd85926badad433,False
d90a62924dc64528afc4cd4a6f9192f5,False
d40d290a2eda4adf8684b6cc03c15192,False
8f9485f7ea3446bca1b03f5e2f10b76a,False
7595aca3d9dc4ea6ac72b650de405093,False
758e57101ded4081bdb5f0d39e01d040,True
3849a48ab8ca46ca933e7e2e6fbb5a3c,False
b3b6e8e377a1441280fadb117a42c2ba,False
99ec781954874273a06bfc74bdfe5c95,False
45a2db6717904089abb9756939d6f538,False
baea75d607da4b338e75b37945d56045,False
5b17dae8bd374f239c73358c563e2c7c,False
9fecfb6d61d74f0c8bf244be4fd9435d,False
0638d115a6f244298b58e91910bcc083,False
4bc37675a6424730b386daf98421fb97,True
544c3314200e466b9500594d12bfd3ec,False
ecca2f6506ce419aa21cbec2cd10c867,True
3de71016b5784d39b106cd366cff0566,False
c58f0102aa8043f4bdafceefdd7dfec1,False
4800b751bb0444b992e17914c96018b6,False
37c26c6430d74f8490c8f24890238a65,False
a2c043ea70524e3a85d147f09e2013c3,False
f8584ae651ae4b5fa2a3a6f755224970,False
8a4b834f3ed84f709e9c7f149d799bba,False
89de1b2056294ec896a6bed8271a2223,False
616363c9f50f4a5dbcc468650e15e705,True
45aae8376e814dbebd4f2f059ad28475,False
0c4027418f804b0e9bfb61f4a429b102,False
dcb9ffdde3d44d1094a841958350629f,True
140529a8a41248a2be5a3ee10a74fd73,False
b8c98096c1b54d549f59cb78cbbd5c5d,False
970a5471f1b54896ab308e2a6ca9e62d,False
7bdbdd8a47ba4a48b5c3fda1feba5f52,True
122bd943c16949ba8ca5c3f3b77dd522,True
a49d2493c4034e7ea78dac2aba041180,False
106c0617ebba4ae98f94fabc06bae310,False
986dbb930eef42898ebd971aea0fe043,False
406f27edbfc94cbebbddd16723e427a4,False
b77bd800c82b4267915e32d49f0016a9,False
6024a562abb04c77b7c9c532cc070efc,False
bf74f39bb72941a998bbf645f1dbbe11,True
2e6f96b20d6d4f53a52f5005b15b4955,False
d15855abe3574a7ab0991fffdd4e4d4e,False
941a0cad23334736ab28119195e9c9fd,True
aadcfea8ffa8436cb54f1ef28af8f842,False
daaf2449330f44388c117f0a1ca45625,False
acce337928284880b9233e038de50e92,False
665b805ac3a94222b84375f47658652b,False
47f3fc5567ef4f5785895e263747f583,False
4d373dd23a7542d89a9ee8de42a98966,False
7e0f2d6df74d489da12e7501e28890a1,False
156e4edae7f04488bc0a86bf8d49448a,False
73058bdc68574d908df70dbb0a9ba066,False
2a1eb10dc1d44294b95546d8d92a140c,False
af7d72c9f1694ce69f49ed892db0b459,False
03f1d033b5034ac5af2ff79b006bfa19,False
e4997d80b0bc4a28867ee671dffb2f6d,False
edf88cc311ac478c990e3f66dee436a9,False
69f21d62b2ce4c499f393aa04df9e6c7,False
3d690d1ef73a4c95a95e00ba533f10cb,False
01a830f112c546808249127d257cfb4c,True
3e478c75a9564ab0ae7e16e87ef379e0,False
9455fcd1974e4f5fabe569aa35e2376a,False
fdf2fc056be7458e904f16b6b4d4ea30,False
6e93262248484b06ae4e4b2987adc820,False
17f8492519784448b23fff26fb5a632b,False
5ae3a1fc4f8f42829d38b995ed96f606,False
f258f2ef87834b3c804466fd983b22d1,False
c9b6bc0dbc8f4ecfb90a27a2e9265352,False
f9615ef9e5204d91a5c82120851bf220,False
87abf756628e4878951a02e873abf970,False
6931e0a197b74aaeaa716d9b2b6f4fb1,False
53f944b9fcdd47a9afe66c196b4e1c31,False
b540d82a35024c6a947cef84ba750079,True
3e4ebca2e28543da9968736b77138c5c,False
16d3573b5ee34d85a4c7c1005b37dd70,False
300be400015b4380b2cac9a76f8beeec,False
4e4c803f738440e7b8bab8bc20785f97,False
2ff3d486095b4754a70c1f79dc92183b,True
d1d9218b0edb4163a9c34f953882360e,False
d132e46b83954a509a8c5143672d38fa,False
80ee348810e34d9e956f2e310ed9c20a,True
32d0bbb23c044ddea2d193d23de21cbb,True
8e748481ad87448a8af606d09794ae7e,False
545e3cd886da4645be2b9382ed1e87fd,True
abb7b44044754f31b0d212b8959b1f36,False
585384f2bea44af0b6b910c2538b13bd,True
54d913c95dc8428c83f0e82adf0ff155,False
ab7eee5cb89f4b5595c5a981f88b4ef9,False
8f3fb2a41b094d2dbed7ff446a8e373f,False
20ac67bdcd564e03b8e0ea52ab83ae40,False
17460d49c56840489a2c17278d579163,False
53fb56dbba234fb69c6536e396f058e4,False
7991c594af614165a127e9683cdd0361,False
4905a2e5a7bd4527b02a2aebb961b6b6,True
d51a84d044ea476d975cd17de1b2e7dd,False
35784e9c9773411ab1be6ab52919fc34,False
e2c1cab805c24181bca753d1e8cf61e5,False
9bc9c1ceb3d84f428487aa4c03b38d87,False
34b188a79e10461888781a6d68c9ec02,False
20c55038b19a46c291ef5166fc6397aa,True
6ec093fd48244aa18f082fc9375382fc,True
976e7ea18d0841b0b6ee98f714bf1d37,False
0e0d200186ce4521abc1dfb48f708317,False
428c0e8731a34d8f84b376c049812c01,False
b802445e4ea94858b9d921f36c056439,False
c8dfba1c4ade4bada94628de901f8ff7,True
d742b59afebe44bc95753a9c6dc688cf,False
f528d9bdf15f49cbbd206ea169e977fa,False
09cb2de8fd9843bc92a33b597ec06ae3,True
91b7e26f605748d09bb5eba60f376a9c,False
16eff3395c144efb8d0025b58ac5f7e5,False
e5cff53171294901bf987ede4a7c0259,False
98094cc36e784283ada8f1ff5bba7cb5,False
cf37c5f101ef44cba87f539b077370db,False
967e3287c00d47df922bdbedd4a46d1d,False
e5d25cf8deec4de3918b3fcf31b5da33,True
2abe3484138d47cda4b25d0ed315a8c7,False
92ba0147381642a2bf0e2ebbd55c6bc0,False
33786b79f7d54e668e1e838b51f1981c,True
ad77b6945e1e40888e9dd1d5ef7dec77,False
d56d8893b56f471cbaab83f2935d556d,False
1c267f02ba6d49658afa21f9401f1d2b,False
4a01638b2d414a6e9f25e2096c0b226f,False
16d49577d6564c85bcd6570690a12fcc,False
f7e953448e664c9cb193f5b0172f630a,False
dda46b571ff44801ad089f39d0b00e48,False
77debb4ec9ed4490b57b039292db9353,False
d29841d0ff1c46e8ad3075bfffd085e4,True
3161d719f3c945f3ada850d925456262,False
13789e4d1b8d4163acaf3a3d75a617ba,False
e2c066d4866c417aa3b3b0699ad51aa2,True
7fa30703984041c58bd0ac7b80c3b894,False
dad8f58530414e6eb8ddc0b564036e92,False
9e5e53310116468992989fe974048b1d,False
333f08248f9d4cffa165c04b5a86c7d0,False
7abe6b57d53a466dad92a27badbc0a49,False
01a41e63fbdc4e18b51a46482c48fe7a,False
5b8789dfed8f46128c4c780ee38f2cf7,False
041c2e390eff4cd2839083c3d2a85004,False
8ded8c3333c347668c049f3c05511882,False
05b45a0091eb4bc8a6f0d3f133ad4213,False
1e65eb40ab2647779a97d0c6404ff642,False
78e2874c78e64e73bd3cbe0652c6015d,False
694b53dea8c143bd80143c4845905bf5,True
1916ec2e445948c3ab106ee04f7a2391,True
2114ec778d32415d89065378a70259c7,False
ee8ad7a3c21048fdb2ad7ff5656eb8fd,False
d094c0f8e12a4f9ba75af53f042ac6ce,False
aaa05fa52c9d40c9bf30215b95cc2152,False
e38329d01ddc4fecb020971ad5f56fe0,False
3f5934cb730c48ecb81de54d4a592207,False
01db55969edf485699b953d35b7e8dcd,False
269371071d4046f3845c43417cbb7515,False
60c0870a3ff848ef8b197f74cacd4a10,False
e1ec4805a820401facc511b2f2ba4cd1,False
fc4a9b6fabf245fcb3d741d683a83cbc,False
3dcd252a453d4ebf817444c10b6c2cb0,True
44cec8b3d94d4421aea24b6d277e5571,False
71cfc53e351c44dcacba7a4b3a89c25b,False
58dcf0aca7ab41cba9d06d5fd41a124b,False
7d7f1392e60245a2b65360076c1db053,True
f5bfd529ef9748f1bb819e538601d818,False
d0d982fb024043d0b6aaf4f9c7d24e5a,False
fe84001c75f8487699a15635e0b467ba,False
c0c4a74c2668424e8de273d808ac134d,True
80bba70da05645f986a88d6494e30cd4,False
595e7ec288e44a44a11a6dbc7a6bbd0f,False
33849b861d5a43c2a3e8bc44f600ba98,False
90e18453cca94b298c0e71a4d8939fd9,False
912e9e88e7114830b0cbb6aa21e4b22b,False
a449a655d4e6436b805175626dfcc2ee,False
a17d45f1faca4cb5869fd7b40b52a850,False
a23d79e3a7fd4871a21895e54948d284,False
791a074f18a648109e148c8241520feb,False
2eaa6398f309496dbc6576b65d2a920b,False
61bfac5f9dc94ad8ba2132567195abaa,False
63dd6bb463f54052927050f5b44b2010,False
d87c98e2bbac498fb31716ba7c0bd15b,False
7d0d60c7e00c4ab69846c9a3c2168a31,False
0a814ec9ecb8498c9ad9a5ee1cf3b115,False
b2904fd838eb4cddbf119fd1bee8be06,True
54adaf53f1f3459783f6559a961059de,True
00ffa5217dab40ffaf90b864cc50d34a,False
102390472d7141deab813404347c1607,False
0485a53de14345beb94d1f21eb0a0d9e,False
d7e5a76b968f4db6a4411d9b4c3d7133,False
eb98c29b6bdf42cf8dc81a25901efcd1,True
717dacb23e4e434895cb1238f619ed6f,True
27c90816f3f74539bfbadf263e1aedea,False
214fe62de30d4546a31afa30f4807688,True
f82a85e24c06485b8081774752327918,False
e99631af9162494cb5c2eb9cd84f8f82,False
31cc968792954f36bbe612a3d5d2acb8,False
7759b01f2ff14837a07cd28d766e804a,False
d6155ad7805b428eb457d29ead459501,False
15d0450ce40c41b78417d02a17e0877b,True
8bf7ac12a6c34736a9faac1371b5e8f8,False
fa313875fb574eb4836190436f444b80,False
971d2a4611f747d3985ff6c05b4da9fe,True
fac876380eb04a3992e955c362424a33,False
d143012341bd4230b87cb7869aebf5d9,False
f6d46b7780264eba8b1d4561bb1c819f,False
e891abe833f743e79842b7bd2eb6dd74,True
0e9644363bf2420a8d838c7b9dd4ffec,False
cc2fbdbebac84b3bb95ccd5011c00d82,False
8477cb4c7b624cd49c4086f3a2f7d132,False
a596728b0fff4e3197d7e045dae02c36,True
bc07d049434542ca8357b646d8451d70,False
20fdd4b61cf84cfaa51cc2abf75e49ab,False
db73238e100346bf8fa7ba061e1689e5,False
314095bd44ad441c9591c23fde6c7ecf,False
3b00900af3fc4d8fa2794efb14ea7033,True
aa4495e1111a447fadc6911ab126678c,False
4e423db93616490080f195ba4c9eb7d4,False
8aa1536e19bc44ec804a78a40bd16cb2,False
42f69e93d3d84fdba00a60f4896e878b,False
2c253d038bfd4fd7b311b2770b02b783,False
0442cb6f6ae5403391d97b52905f6ba6,False
0992dc34993a4710b739b4fdeea452be,False
1dfe7cea6b514e1b995495173fd2dcce,False
6dcbdec457fc46ca9aa50343f25abe48,False
14827d57d2d9451f91ea07f9912592f9,True
2a8254c27c244981b76cafe56c14c5a1,False
063405bcbaad4ad79b4e96c690e76dd2,False
c9aa0a7e49d045718bad2cf79cbdc246,False
58fd18b2bd4d4ad79d49d57af95f9e82,False
d6e71131ffcc4da29bda41d37d2eff52,False
b799de98634e445a9d3425a6845454d2,False
6fab67248d9f4a32a2b16f25fec95d9a,False
cef77f88df5f4dacb429b0bcf34e191b,False
1284bfd1285a47a28b5112ed0d0b6b12,False
5359828de23649daa963633ec739115c,False
d6e9c374117643db88cdaa24a5bf2af7,False
7e3ea9a7b1aa41659b99af3e009e5cb3,True
098e935ac490439491e5037f78a8c95a,False
141878880c4940e381fa1a4ca873613a,False
6be59133142b4e42895689a7bf7909b3,False
347b15e2e80a4f10a399c521ac068e40,False
4388baa9fbee47249d2a50213bf64f4d,False
ed9d0369f666495ea5b5d25578f52227,True
621436bff7ff406ca4517a178bd5d28c,False
b8d80522f97e47e7bdecb74a5e3bf351,False
91b364518b194a51b03a87135b2708ee,False
ff5a9b5b5cb74573a1ad4ef501816cc5,False
0a7432910d2545c9af0b3467751378f8,False
12373fa778b046c482b066ef24d41101,False
2cf08f99bd3f4f5f952a1aab99ae2836,False
1ee6762f87224d01ba49daecef2ce859,False
1d75f4d4523246cfb37044d0e7e66770,False
182bdedc2a8b458e9638d9aadd5dbfa7,False
16bcfac6800647c38a31292f3d8371f9,False
79baa44ace4842e7afe48ac5ff86a8b6,False
ba73c058b9f04ae7b6f02cc4061e72c9,False
cc6ce1eda29941fb9e0c5ab05b376da3,False
2f061e5779974024aa9a4f4074e06fc4,False
48309b2a499a4a1faea724558ee859d2,True
88a380730a4448968a7f7f74bf64f34f,False
ea3aa2f1650d4f36bdbd4b9ccf2260bc,False
4ab037f84f5c4a568f211e2ec04114e8,True
b64e4463ccd24c6798b87372760fe053,True
4e59f5998c194769a19c360334058243,False
8275fde731d442cdb6e137814e4d1ff2,False
5214b54517a742a7b0580caf3c12510e,False
5bf1c5628a6d48b7a218c3a8baab77f7,False
889a9aeac5154059bad1a84ba33eb970,False
b2d5db0285f7415caaf4a3b1b24deda8,False
fa7d954e60e84715a70271324b43b648,False
7a6c0e6ba28e47a6a1d7b259a1c882c9,False
5de5432efdd4421390ca8239e4305f75,False
13a5a44e5ddd49aaa353bc3389ce85ac,False
9cade9e7592e4a7290353bc2561f3814,False
7e252dc5cdde43a6bf2d0e1035267c58,False
b45566ec033544ecaa8851a4e7bf4066,False
c5883e1281a54511b76206b3807e0609,False
0389c01d48cf4a0aad5afd27425e5855,False
52f9b7195a154d88b1095a5c342583ae,True
2b01d4c006a540b889ecb554a414980a,False
b4fe8a995d694877bfc2c0d2d68d1b5f,False
0a7f3d47147a4e6792f0d3db0fe87da3,True
7331d644d18d4c02bb10e8f5a0af3760,False
bf202c4e03064c4fa4c9b6d54b5595f5,False
17c3b3b2ee43407a9d981984bcb0b577,False
7bb0b3372d31431c94958e7a7869c51c,False
78c422c8cafb45c285dec593112844b3,False
d712600a6d8741d398447d0ca7c14e3c,False
dd8a54cdf6734e21883e31a1541aef32,False
7c2df2f5bca4468d824952e1a5f43e6b,False
58162c08c57947f792e6d4fabb3db0a1,True
2a9754e9e5fa486a933d7bbd593a6b1a,True
9eb16aa379d344339dc151cb8953c9c2,False
0ded1b5685374bc3b5956231cbc1724a,False
e1995905eed3436b8ad3df2975d37c42,False
f9c04e8365514d03a35632d8813ab669,False
e684541186384d7394edc23cf54226b1,False
abca1b800b894468b18b202e88c0a319,False
78b8e39818f743f8880d3236c3413f45,True
db481b09d0c44cd1b150cc81952b2932,False
ede1f8fc04654632ba51535382ee630b,False
cacba601ddfb4e4089f32db58c9d8bfb,True
680775782bfe4888a1c877b8f97f8084,False
c78e8fafdcac4e51b088c06fbdd28ecf,False
16af81198eb44a58a1166635f6e077df,False
322852869d1547f08c7e2d70a7579268,False
0a24b4d0bbc540c494c03087352bf9b8,False
6c646986a4b64201920826262e917049,False
4c13847e9e9e4735acf30deb5a897d25,False
49c428b7de8c4f319c8451d2a069e452,False
abfe468a15e349a1b58ff825f99e9369,True
26c3e233cc6c4caf84191b9782a19299,True
f7e981fe53fc4657acccebbf9b73643e,True
4daf97c187e3457d89eb0d564b88d1ea,True
baf5a3f0b67d4ce4827fad13bffd2cf7,False
c9d086f7c28847c59acc24cd6e047c68,False
d2e97864b9b84dbab8074b20b6be259a,True
6558116003c3452dbd3329f41a5c0eb1,False
12b61e55bd6449968770c4907243534f,False
f37c83c951e345c39f6c04320767a89d,True
3c7df7b753db4e598380866c37e74c84,False
77df133b3947477da535b85dce3a73dd,True
596b79bf7ef740dd988b0094633dabcf,False
565e7df4e16644ad8f550117d53fe92b,False
b788407a2ab54baf922a0100cff60528,False
d5019c45ae5f495687d400457a2ccbf4,False
d7fdf8bdc7f340ebbaca20bf1311d1d8,False
6dd2130a92ce4328ba87bd781df1dd23,False
07bdf6c6c87d4271b84922e1de00a5ab,False
b59abb39052849b78bb32bf45c4da5ec,True
604e2bc9473b45e69eab16d78fe8882a,False
49704b4cb2644c15ad40e7d145d231b4,False
d37fb467cb824bf9b3ffa4a49b5458fa,False
f91215ee9f9544a8a55cd9b86c4a02e3,False
bfb28452c00944c7943fd00c7e78e6e9,False
277e1bcadf9442b69150c119ea6c42e3,True
f4ac455f370e446eb08102639ed423f8,False
4044a65043f14b659a46416080a74796,False
e33c7b7eb76b4d4bbb0be82558fa7946,False
e25f8a1e579e417f8dda3a91b1419ca6,False
c9e3bc97da2046898199fa9122b4a733,False
b97d129ae616477e8c8cbc4f6d0783f5,False
9216603528194c56a238ea2618b7943d,False
69998a22e99f4ddeb0b71790b58be917,True
df7b7ee3f81244528e8b9f00c06d73bc,False
95740218d2484de0b7462d4e8b6cc9b7,False
88b1b7f279274a34a70d6f648a7dae6e,True
1682689aa0994ff2ab9d029fdca77ef2,False
8ba0fe31a646414ebee910f892892869,True
d5ef4c36b5964fbab9367f6fc47a2909,False
13b8ca57dc32416fa394f50390a7c5a9,False
75e323bbf2214ca3a3b6a7cdd14edd89,False
8640f3050e6b4bb8a3703fe2b53bcc39,False
24fe82a57006441fba7c6f5a5e772503,False
a707f84dd19f457388a8dcc320da4f3a,False
db75dc3ff576486a9b29bc6bd72a069c,False
015ec89cbef9499cac45ccb576a95363,True
747d1d355e3e48cb9a28064a153955b5,False
daa61168cf5f43d6900531d47eff19ed,False
e23c1b8e79c4446ca04cf2e9535e3b4c,False
8ebc1b8930704fd98cbd471fe212f5de,False
db4eda0241184c3d926ffb272f0a11e0,False
6a14a79e3b114c30854f5209d9be750b,False
8588736e4a3c4908be0cf4ea1d99c450,False
8c21aa03efec4fa8ad33083aa2e7a07e,False
116745192657457a99a6c75ca4624a30,False
14133dad6ba24c3e9ff5d09624da74c5,False
db62b655042a4a3bb47558c96ba2ccaa,True
e791566ccd7044219d9c28342bf0b266,False
e7a4e85f5de140febb276518fb902d34,False
faecb70a48b94eb99b9354a69844ce85,False
b33ea766884d4ac5801b2472537861cc,True
56cd86d546674754af7ad2a33ac4f88c,False
6b35858d811342b6958dd2ee58834a32,False
16850505240c47729dab570c9067100d,False
48390515404f40daaab7b2fcdf25b52a,False
85bd8f2d2c0745dd97f81628116f30b2,True
6e894738041a4427aa6b9bee6aaa01dc,True
bf7b25c084ca4600a8cad03fd58dc399,False
0f45234651074dba9b20b36003bbccb8,False
ceb66cc9dae1489ab4f41530b5f5996e,False
ecbfc00f973e437e97d96750f49c3129,False
59adb249a09749d8b9c2ab294dab2276,False
b64fbef65337467fbcc898f78d813faf,False
86aac35f7ebd4fda8498bb2a09caf174,False
2faa1d606c2c4fdab2ede2eb920bb9f5,False
24a03f08ff2047fb9d47d524d3105194,True
83497056907e4273b2011da81a478f53,True
f3697677d40c44399541142eda72881a,False
108f06d818d641cdbd0c5051d50a6bc3,False
abeaa42a037e40f4b1c3b598ac37baab,False
24b7379ae4474bfea6faabdbab5841d4,False
9864bd67d55342248554ac5d53743b13,True
879ff4f7aca34bbe8a95d552ea4865ab,False
e2518399e50a4bf1b90403c3b5b35cfd,False
f29462e0d6434d6bb0f15fb2510656e1,True
659d8bfd4ac443ca8febcbaa37daed44,True
57c19bb15d3b45309c798ebfb7b21352,False
0468a61f196b4f80aad822941292d042,False
a5b8cfa2bc10447eb436f6cb1dbaa35f,True
bd8ff8056f304070bb027fec5165a0e0,False
5e63e31150304a00a81fc1f459f45dba,False
11b0cc474df04d92a950c6fa14c82856,False
459d604a478d44a98747165bcea7129a,True
18cb133a517a4846b7996f841699d4b9,False
e6978aac193c45aa9aefea8b921d3e71,False
2108c35ff44d4d658ff335806c9c32ec,False
247668e657594e9b9ace5c52a30a0c58,False
01690ac7fea243148cd5a407d9150b84,False
f79c6532fcd946e88652921b4171afa3,False
fa0566aa001c475fabd5e602e1f3e834,True
143eb5670aed4724aa2f080c81137034,False
1af91ddbc8cb4d3b9c721a2c0714c6b3,False
5f93789cdc8e4d1c8d1142377da8bf8b,True
9972b7eb6e0e436aab1818433f64fc34,False
ee13ac16a98d43498c731e1fdb55f694,False
370f33c199024ce7b12d4696d53fa863,False
94858b0bffa7460584bcb97a47ec4931,False
9c041bbf63254d43a5695d9b2dd3b4d4,False
6b8540d0f43e4e28bc18a47eff9500e2,False
130230b27c1741958f0f32e38a0b1242,False
1b74412995f14170b8847360905c5ab8,True
2f168be3b590495fbeba9973d13e039b,False
a07c3d4561d64e6798ed781375d0da72,False
524b43aa123642219cceba9f45437094,False
7db8c22d51d4435bb9f4d7d74953e889,False
5abda2c9eb5248adbb36358a9280ab3f,True
5622d833e324439dab9706462a91c27e,True
d88ee5074fd04a1fb1bb35c65642797d,False
d3d1be13a19f4bb6b47211b95ea8494f,False
3be6f8e4de5f4ccc819d4a9d3c88d7df,True
0562cd37d3764d4299489c124d405b49,False
055166dc609540b3abd7b29268035c1b,True
a91f6464a6084990ad307e25a4b7fe50,False
0c804db20a734f3c84bd1db6fde7881f,False
32a6562ca41446e7b1ad69d03cba92f8,True
52f8438795174537b85e884429be838b,False
b07615d2261d49d9b35cf29aa17f21be,True
89fcbafff08044b3aa270ead0d12d23f,False
f2f76286e4ca45e2ad9acd051abda3ba,False
bc8414c83b2f40ce9b334e9329b49f4c,False
7bb16d4e98554b8f86fed006cda67035,False
abb7edb0d497489dbf60aa214b1f844f,False
d1eceb60b03d4ae98b5305a2e2371696,True
aa17c8723b2e47d6866ce6f46c96af7e,False
bebeb3e7d80e452e82a5174d8744ba88,False
d78a665e673e40ffbea2d86a38d718e6,False
5af909f7f8204b9da0603a245166e313,True
025cf3c32e8649db9fbe56b78cf77e8b,False
0d7173b827444c66b023c90e8d25d96b,False
27bd21aa183d443b8b5929e34810a625,False
72a18076540f4c1ba5ee00b5fb32ffd8,True
470816abb03641098491134bdf909d1e,True
699f76bfb9cc4a869716bebe02b694dd,False
f0b2f7de95444ab78c7bc8e44dc8eed7,False
3d52d5e59b7b4d5ebb0724bc25ed9b87,False
28fb5b84d19641f4b384d601c994f5cb,False
4d131cd4e5cf43d58a6381d5ab987c14,False
adeebfe413f84c148c053eb1ed778513,False
79f5b97330404d7bbe9348fa9994759e,False
f768aabb988945ebaa8e698812bd6330,False
2b57a8b26b9d4c518f335ef2d8333b7c,False
1a7a4e164b9a48299837c2a0892c8a00,False
3360bedc481f497eb91f4038a7e95771,False
305a4340b4654cbe98b537b39042b48f,False
32bf5a02b04e49c9b17f9b46b6c7b6e1,False
08f96e6ba235481f9f7f9b4b201cf869,False
63b562c0122b46fc8466cf92193c4478,False
41b0189349ff46f78809a673c810af08,True
fb3d4af19fa4400a8731ebd89d99f8e7,True
4b16f6711d5c4545945b368fd65ebb3d,False
bdd46d1ba3d84d3c9012d4a9e0b9d48e,False
360ec730fd1545d2a3400b468870ddd5,False
a47fb6b59fce47ccbb3b733f0f56935b,False
0ab7307ddf2c457fb4deef9ef9fdfcef,False
2aafbb24f2d94761ab2087d7a84cfa6a,False
4ea77472ab5845e69a079c78e1977334,False
ca98ba6d9c9e4f26bb06da5ca1384a1f,False
af29eeb351d04958a57f5095dc8c4d89,False
0c2ebb964d4d49dd817916d8c52f9d5e,False
34ff3ced67b94ac4bbabca6343d8ae07,False
2827a3fffe234b3184c36bf6c127abce,True
e738c9c9afe0439fb5027ad79c17b897,False
274c9aaf2eb6446fa283ad6abf43e1fc,False
4284c51b9fb549548c64643453c443a7,True
749b909487e4472d8dd3eeee9658db3d,True
d7061a9b9a3f48a48e01fe3366b4484e,False
14c5bb6afa7c4c9a8032e272b0ec9a33,False
78d1f3a5bdd2411084f2cf0182da0b25,False
3b3081a6bb554ae0a02bb26f1f76e8f0,True
8c566b8c2aaa4d269e86f32dbd3c9953,False
dd4949e3c4214b73bef3d6d41fbed47a,False
0f1dd4ca4bcf49ec87837545c375de0f,False
6ef8e45176484ff48afccbd066c84d2d,False
0478a9eca4e34658923fe237aa4c0454,False
ff4776c0642545fda40a31c64cf80e47,False
09f81e29b4af4bc8ab0a8bc6f38c9c1a,False
7ff91c9503ec432b868fd5ae70049967,False
b576a6e10c5f467d84fce479c1f112a0,False
8c2fe807637f434d95b24453472bb851,True
816ba696a04e4151b9c8785ac1a6bb95,True
225074047223460ca8802fb5588b3870,False
6c7c098a6f9a4a95ab0824cbe1e9ee18,False
1b4f8384f373439b9e8add8e42574e7f,False
fa05785f727c43228aa96c128a59a091,False
d1bf9f07a1f54efd935d92d028265c5f,False
589e3c15fde24c869ce4ab8eb4a0d916,False
bed1f476da0e4718a353cb4b18fc7331,True
e490579172774e04adaa468340ce2f36,True
3e6158c43fd64c3e9ac324c2bec436c0,False
ac10bdc2850b40a4af2d88eda4c492ea,True
d6f0fbfb9832446f84aa7ee622b9011a,False
f704f54ff76746a9a243280fe6ea667a,False
ae49220dbc89421394d1f66446073d7e,False
7e3c46d9b087482982b9b56c5324aa53,False
c4ee6e48e5e6439d903969ea7281ca63,False
6bffa518f9674c989a86e883828608c0,False
6fcb730e52f140bf81584d6dce1d1344,False
9732ef9691644fe3b8dea932d40e55af,False
3ec7b2fac36b4f62871d5103a512eecb,False
f93f1cd187c74e679f63aca3eb6a2c1c,True
fcf7b14f4ead4763aad105b38dcebf2d,False
f023e8faaf5349e7af8aeb8c19577328,True
f77a5a5482e9449589ed9badb3a459a9,False
6a79188036a4441a8b061c994202d6c5,False
404ec0036c2742ada6961c4eeca4ed71,False
c4bbfb4a3eeb40a2950f24a5124c7f84,False
816e4a9720a44e9a9b6447ff5247ea8d,False
2654c226653d42fdb097961abeeb51b0,False
4beabf414def411594995f7c07339cc5,False
b72b2babd4c64a7aaf6f42e0493b6be2,True
0f4307d423974ed2ac0a0a7c1fc1af80,True
a433c028320a4c2c81aded4156003fcc,False
f09afe63f48b4d4d9ebe41934853fe47,False
43827f76b817430fa4240e5a65dd4c3f,False
c1d4c1a8cda4436e999461acac23c731,True
2fc018606a1f405abd8d38be7e493f69,False
15edca014f654dd4b1d95b1c584cd241,True
7861beb313ef4eebb4d94173ae7718c6,False
b5fe2e754854400fa0c28b48e6cea9b4,False
c4a4a3bee2bd4a939b662ea4e4b0eefb,False
1853f57b925d46f4ac1f262f1385f244,False
a9bfffa46d694b7193add18af1a82a92,False
95c6cb652d624c3ca71538a67e769a88,False
92a97c55ef93450ba6552be067b95cce,False
946e520680c44758a6423c3dfa87713a,False
2644d4053bb645f18e536c0d94cdbd5f,False
2df4e5f852a341eeb764206cb9a9e4fc,False
916e821ec1ef49c8bb1ca4022a5f974e,True
48582e754bdc4986818a663e49e88131,False
87c9eafe938f4fff9281973c4f2f2505,False
57baf758f6d849a0a355eba32d761bc5,False
b6bdbc3fc3194bcca4c6491ad985da84,False
70a3d88805ce497a87339da22fda7d63,True
ecab780c01154dacaa9d5e9e3a5fca79,False
1510c6991d394bf6b38a66e3bb499444,False
a0e721e61c8f4b6cb39bc84b48259030,False
0cd8f0ce0b7b4b5599f5f77a6658f0bc,False
b9b4babb79ff40768d80416874c2001f,False
ad879c4721f34afdb60f591c7d13a2a1,False
529ab624044840e981a8aa2b0df953de,False
c63e76d225724a19bb163b7a3cf9b658,False
d9a2ee56fcf74910a0a4ec92107a1ac6,False
c02a70a7cb184bd1b1756dfd52ae5065,True
b35b2351225641c7b70b3388d1036e04,False
3207f98776d14a1a99bae1b72df416b9,False
c213ae5f277241a5bfa21e6b846e990f,False
e9a5efe524b2403c84c46b02ab7690da,False
0e55bed8f0884c19900b4ddb04bee2dd,True
3f1e7283d6c448d491a192bf16823b14,False
9cf6cf9400dd4209932d347ba86aaec1,False
99e6a4d82cce467cabeee8ea7aa16f38,False
98336dd30cbe495fbd0dee462a4b0f5c,True
c2590e47e1eb48eb954ff37363bc300c,False
20fcca6c7c4d46dca34fddb733c840a7,False
f0c7caab83074574b332c201aac7871b,False
53bbe610e68b4686a583eee0adce33eb,False
fb545ddcc07d4f0e9ab720499bec276a,False
367105d4794640ed9bb6a124f2ef89ff,False
9951035689dc473cb605307f52e4053b,True
ce446e7a73804c1998cdb6d07b881d7e,False
3b11c455007c49ec9e414cada5bea187,False
ad375f1cc5a74ae3b06339b820a8760f,True
4bf7e6f9ce90440fbdba7031d5999380,False
98ad74646dc64b9e9a84d828c2c8193c,False
6832e43c3cca48cba44880306cb2b84a,False
77977c2a071f40f0b7df807be377d5aa,True
fea253501a5a432d9a8e264bc1a3c4fa,False
32108803016b421083a8f9c60e25673a,False
80a63925b5a14baaa67ea98b2f76a5c7,False
8c769fcfd1164b96bb313c4e91ce5e6b,False
09e90f1e817245b5adae2ce237ba6cd9,False
17a99813202444ceb7665c0ad4f05630,True
0059a4ef61484fff92e9e300140ba7b0,True
7bb39f042e0f4b5c9854c81a44e62405,False
d9b87b7d0fba45a79b9888ecfa8f77a5,False
5ceaa36bf2064ca2bd8cae55aac7ebab,False
27bfe99fa49040dfbb05d894dfdcc3f1,False
d590269bccb443c6bdfa00ccd808d21c,False
7ae8603bfb364bb0b634977a58eb2259,False
2a2e668b0e2f41fa8f3afe44971fc8e8,False
769acc1e024c48caae36cd03342606bc,False
023aedb81c0f49bab5030508fec1a8f7,False
300202fe5de243f7a7404a7a9095312d,False
94a5b3ef9de04b91a0e560c6ffe33075,False
dd1e54e9c2d54489a50682b9ac61fdb2,False
ee000708dafa47589ac3da858d739a88,False
b89c33db01444c9689ade07098ba65fe,False
1ad7bb335aa645f29d40b22b3a4dd8dc,False
1cbdf8ee6c38495fa9813b22b2c3e9fd,False
7344be73f41943a084749a1d15deb2c3,False
deb55ed2078b4d1e9b6a965af02d5dff,False
2622b271ef7644909ccc3a8a0a6bf409,False
9dc84d74930244b1ac9f43add0abc0e2,True
03d5a84d97114656a7658cd068174366,False
1ec674ea5592407688327e8530f4af06,False
ddbbfded5e0f4791a8de0b83edcc7824,False
774af361c8c64faaa13d425083232751,False
142dca123fe6456e9026b5792a1547d3,True
8972dea02de544e6a232f7656e8fc548,False
b42d3f699f6d4c9fa838356453fc8865,False
0b648952ffe24cb58dadd9a2673dd51e,False
0caa74b3467143cbb251fffc7245080a,False
1a7bf85911a6451e9c315d16b3a6b00f,False
0da0b3857f164aa8bdb18eed29f6ac9c,False
237fc63260b4435ea88ad23ee63d2190,False
a3fd88dc60e74f8ea4d69c69d615dc9d,False
774f09e1fa8b4dbd932093e0c785f1ea,False
4ce7e759509742009b79985180b150e5,False
a978d2aa289848779b5c52c81e1bce49,False
8ec9544e05aa441f91cfc5ea3f1d9bdc,False
88977e62e5e343758bcb9a0947f9612c,False
7aaa91d5002248e49e1277e9353a5e03,False
7b3a36c3d8a04026b01dd1f194f629f8,False
c77d2bbc284e4842be50ea93f03160fe,False
1e8b308376e248cfb42015a05d0d11a7,False
cfd6f6aa8aa74d17b2b08a3514732db4,False
c597dcae1bcc4887829c22bd56a25a3d,False
6b3293d3293a4243920fd89962e1ed9f,False
5b36cd86638c4caa86e1043a6ec80fdb,False
a5527d339ae54f608cb70aa7c921d3da,False
a66bf1bf10c3407f9dddaa6bcec8a027,False
e4a26f1caf674c2a981617226c0e9eb0,False
e2f263048d6348f4a8b93ba04b139956,False
d61699d162314116b060c858c848e0f0,True
a0bf75ee829e4987889978bf2f022943,True
2085f44fc1e747799d19fc07947c9da3,False
3d48dc94aeb944caa848933582ab053d,False
43171f65d79c4484b98dae0e050a3528,True
eb04ff7bfd3247a7a6020c3a9bc6e87a,False
bacac05153194c0e93f8d7b33efe9749,False
69327bcdeea846d2bc2db44306f16985,True
4e2a947c2abe41969628730bdb2b598f,True
5a6402f1ccef45d19e4928e3f0c0fa70,True
a7105922466a4867a68673c2c69a766e,False
f504598bd3a64505b1e95daaed65bcf9,False
54b34f4dd9ee4727ad85a511351a80b7,True
a3ef2671543e4da1b6a40eace5168212,False
c223b5f3d8d548c6a937483eb7383c45,False
2ecc4a5b78884f18b0467e5508e145c3,True
a37e3366fc7b464e86bbd1ebd37a7592,False
135846a632f6456a854d75fa30b54ec1,False
d9fd2f8f40954dea8a5c2ceeb2c2d95e,False
92e4681444b4487296bca4697da394ba,False
3538833412ba410980d9a179f06839ae,False
093ea8fbbd1846bd9f34c4aaeab7dac7,True
4be3b6ff43354dd6a304bcb071c97619,False
551ae145e4a448459f3cacc88b78a7d6,False
00d0dc6e70e1494cb7f58c579a00144d,False
9e0abd0373234766a253a50a5db34518,False
d65ac245a8b74d4fb46e6ea31fb7c407,False
8c85313e684046c0b2849b2fcda7a6dc,False
3cc394a2cb694683a5f1719cccd54855,False
d69094483da1412a87ba1caf0bcad508,False
74143bc9bbc443508e5ca044dc59eade,True
a12bc592423544369294613afc0b7387,False
789d5cd74b7a415692e7c3cfe4289023,False
827e402541ee4a61b24bb9f26fcb64db,True
f38e651140514259a7c6dcb79adca9d4,False
9a8eba1ce620497eac8c8de179cec175,True
e899198ae7e646828966d1b55af195a0,False
e79713c937f14675b7b4f20c02cc0499,False
dc2bd48dd36240c7ab21dfd49ba3aa14,False
65cebbf877c046a090f129b4c358987d,False
5a837ac04cf340df83d0adb3d86a7478,False
f65263a8bd6b465fbc4f85e4839a0f89,False
6f0fef17c5e64c86bbe4a716901c0b0e,False
da4ffdb3c5b24cdc860a7f0598451497,False
d2f6b65421744f1b9e593180618c0c93,False
8559999f671449fca9f2f87dcec0a99e,False
6ad05184ff8e4b75aaf7f30662cfd01e,False
afb73ba6d5e242b7a40e4d240ddb63f6,False
efe16be1d5dc4632a2f16e0f187eb68c,False
abed1a8cb4224d41a7e8a4dfb712094d,False
9d64bf370a5f4d63967006a1eefd60fc,False
fa518f0c5471405b9b27151b4cf6380c,False
1d867dfe9b114bfebba9ee6965a96af9,False
045cada69f444e4bb6744d4fd3e96d33,False
71afdc6a966145d7a0adad1dc6db569e,False
32a27f170e2a411f93cf81297c2ca37b,False
e9141ebcec8b48e094e12776e26302c7,False
889228b4b9c74e86981ae4f5052bdca0,True
5672b007373c42e38417bdbbe2741b99,True
891a79e51150431798a90dab14f4ff51,False
71c1aafb46e943f6a19fc4fe71b8bf29,False
f4fd4bf1c91c484080223718e6dcbc31,False
dd2ac3209d304b24b55074c60db9e456,False
e3de3ed1728d4b47aed4bd55acd87257,False
b5e1230473464fc7aa05201808706edd,False
1dc128363f184d8cbe386e1d3a0e3f97,False
383eb3b3365d45c58d47caa4496ecfc8,False
5f33cfd7c0b749e4b2b174c52b1268aa,False
71eb3551d9b947e3994d8c02ff12c283,False
0101dac0a8e746c19f30d58b8bb71dac,False
e8a72633be784868a30c24a1df1c993c,False
4942d465735843d5b7aabd21b3978715,False
e0440b02d94f4f469104cab392e6c7df,False
40cbfa3305b14a35a17145297d5df89b,False
c6d12ef33e414aea82d0d5868889863e,True
e5270ba082de4b09a8c13a38f3276115,False
1f68a2b11e9944c5a71140eb3b875ef5,False
7ed5fea468b441d9ba79537feee7a0c0,False
3bb4345e872f490c801f711ddabd2c26,False
d5220741a3204a82babb8ebb2fa86a1d,True
31e41d90004240b3b5c2bcf20b77ef3e,False
37eee277093b4e899ff9abbf38e73e89,True
bf95a1dc0fd443978f72f0f7fd63b528,False
eca8186fa42c486286ca58154f7225ed,False
e95f0a677f18439482841d6f7516c838,False
3f1176134e744b75ae542b002b3918fc,True
a3a2b750efbd4650bbea453327a1a5ec,False
b57f7804ddd44e9a91fbb872b510d217,True
234bd80e05794bf7a8a8c7c5c4afa166,False
236913deb730472892a17d59f45bade8,True
2db48d1c698840de845a49fdc8e796c4,False
fd91778879534ec4a6f4de73a91ce50c,False
ba4dc7a5c67546ac88c1064db3019ed7,True
11dea660b5c34b4a87be6577f7a50c11,False
a01e9fa34a494184be9ecafb85e38976,False
486f95ce456a4519a28e14d9b087569e,False
17c7da6fb1d047feb14fc490022dc75e,False
2371016b099f473c9f54177710c8968a,False
529a9f2f76174ea5b77ad508a75c482b,False
bd6beab6e3bc418b90401e9b998f999a,False
b60f79903cee4ed3ade142c3de1f5d22,False
f33eee94687249fc9beb19c2a7db2344,False
bf1d61b4d48c43b1943f22b4f12f2a09,False
0ad7fc55fba3472db26a0b6cd4fa1cc0,False
f5ffb80ce28647ac998d97e115a62cec,False
2424e355e4b14ed2b0e3a14f134470af,False
967bb3377b944b39af0b6bcafad100f4,False
2a7f1874d7cd4be6be4ce59406aa474f,False
d2e85970d85846d09c00347e92fef96f,False
150df1ab584340e0bbc21f5bf4e607ef,False
6dab84b036c3455eb588b7ecab1195d1,False
3cf04acf2b804d00a7d2fcef04281a20,False
054e18ade8fb40ea92591f91fd43d2f5,True
38163c6adc9342e4abbbb21d9ef9d43b,True
0e6f7505628242ebb7f69ab46087b9b4,False
f409b0e97f4c456589f2fe4f62ac176f,True
1f4552a05c6f4b1a8eb0670b3053996b,False
01f91af572654d41bc688b0520c51703,True
a07a9001bb1a4ef4a8235a6f0120c8aa,False
6c584e98859443199e02f0431fa2311e,False
666ffc8efcfd4dc0af39cb050a4f4dbc,False
61d02015a63c48a790b0a94f899749e2,False
93e70d9b8afd404fbdbdafc6ceeb841e,False
c2fc3f472ba64818aec4447346eb451f,False
4fc84c5ae5b94073be7ae054e1d4fac7,False
987b4b05ff3f4bb69d6dbc4b5b9c6ed5,False
65e95583ea8a4fa9908871130b95623a,False
0ebdec60bb764cda9c15cb7eb0a87422,True
8a1bd2267bec478391e4d427cd55c45c,True
7b4a47175d144a0498212a8e091955bc,False
3cbd9b2d5a3c42d4bac51aec9be47c3a,False
a411aab206d0407a9cff1b0d519c16bc,False
98993cba3a69491d915a3a4334d7a437,False
765343a2f0544d3a9d216035bc845de6,True
1258e5a6411f4773a16093a44428871b,False
8cac9ce76f924e3aadb7893e28f55cc2,False
ba30e4c0de914c65889c56457493ca5d,False
5985cd50a367442991a666b3a4c0457f,True
aefbb09ef76d4b26915047ee32d0302f,False
355a7b8a7ad444feb5baf60dc222fb16,False
e0f75ca997f741dc9e3de8e01a87cb2d,False
e8bfc3ff26474fbf9e7761e715e685d8,False
9ae9e6ad4f604212964c32a4fd6dc44d,False
e2216691b73945b49ba69be7e466989f,True
5006bcf5777a40eabf23c020cc58c35c,False
051fe1a139d244679385e072245e46c9,False
6bcae41226c6493a9d6ba3833179ef0e,True
c69d082f196a4a62bae4ef763b0630b6,False
6c75ee615174407d831a9425a3b8c117,False
a44714a3926f4d70b774d3fb8ad4e7c4,False
5d98b2e583744ef0bfb422fcc2941886,True
839c9ddaf47c487ea637a5b2d4be4f28,False
535cefd44d7e41c1bf1ba0a8401b7339,False
c3d700616fb24d77bbe03c0e8c3bcde4,False
1506035abc5d402a8637f279384d361f,False
a3d351552af0457e901635669d387b98,False
70940da20d6740dcadb3f467e5adb9c0,False
cfcf474f45504e31bf54a4a32f85e5f6,True
1261f5830c644e9fa7786b1197a48a66,False
1fd542df59514734986297767c0ace95,False
64963a123c224c759fadca5fc2656382,False
6fcd42777c624deeab126564241d2d84,False
b9606cd4e9c74197ad4ffca29dc6aac2,False
f500fa08c0b84fcfa6153a0bb4b01a3e,True
240e63c9f4034ed998c9d9bea3b36940,True
b288d67c79b141d7a78ba03478fd582f,False
827bd277804a4639857d4b8810ad8306,False
37d5e0f5969740a9993f8a83bd991cd8,True
c6feda66dfd7489e8ed7412393711a9d,False
a7f1faf274d143b7a4c005114b76e5c2,False
daf1a94fd4dd4b5ea80b1632416a27c1,False
84660a9a70e64176b92d1f5a7080c888,False
6567f074b6ac4aa6af6cd5ba40ef58d1,False
318c37d3ee604e6fa95fb6ef5a519110,False
ffaee2174ed54462803e8e17851f772d,False
26ca268fb9944858938208452ff357b4,False
404a51a81ab440338a89a9108c7155f5,False
ff19c78e69b64e2a989454d91d07de35,False
3e79a871713a4399aeb69f820905b24f,False
2980530fd3cc4a3e8523086dbb389605,False
ee8339bb34f94e1a8d7753438d26ba38,False
9bfd782ff7cb4cb18b1fd9b07e7b840c,False
9d8ac9e8e5d94f36afd9979d31d33ec3,False
15ba19b5e6634adc8c13a41e020550dd,False
b33bec7bda83495686ad90f2e2580ead,False
c31f4bd00ce748cca8e5c8897ac9041e,True
5fe0186f50a84afbb2beb2f62ce0f68a,False
fa5d2692033a4f9385ad121ffb5c2316,True
aa439aa7aa6245edb42bd0ca6ac46163,False
03da0efa8edf4b65b4a36e8959f5be0c,False
103b370436be40e99a1f2598f80f8b94,False
bb50a07f10f74abfb8115d46bbeb1ec8,False
ed41d65c4616480d9cc624d990f58dc9,False
47d5bf50b181435e817ec43a9f543f3a,False
8ed73e2df564486ca1c97fad5ecc9aee,False
fe681a9c46924bf4aab1fe6d0f29f27b,True
d2d10877c81742078536b944c82ac2ee,True
86c16057872b406198e483da27420345,False
0832d040a8d04673be95fad36c141ae2,False
28df536a71434a6896e124d9672a8b0e,False
abd228b4348c41f1b626ef91e0899929,False
1744beb0966a47ca9d9286a8cc2ebd9b,False
0a1822faf21540549528b68d6c6d6141,False
ba3f6ce617b04f678065dd1f1c0a3f15,False
f701505e730a4a04aab588a272efca57,False
8b93adedff3f4f338ea99d88204900d5,True
b746295d77b64ccd834b664769fba168,False
aa8a5ec0afd94d71a422d7d945bda4a2,False
b57cbb877a4840a197eeadb8aae62b37,True
b4b38159f86b41ebbfa33594e2ab1d2e,True
7ffa6e3ab3a64719a30962bbaf1751ad,False
a529ab6c71c24767a0135b0df1448668,False
add4a00ec7514d88a59c2039ca1719c0,False
9bc5ec359a8b408ea2fd1f1bb632bb6e,False
15efcf37a1234d2b825a6823bc20b1ba,False
928d7b56466740c29bc14a36d7975d82,False
b5e54e807e6944c09f78ce2de06f72dd,False
9d29d1e2bd03430fa78330a3e765b1b5,False
5457f700f0b547a099512d141efc2781,False
2406c64e67444e128725c1521c4a981e,False
b8adefaaaa7246f090291dc520d21d7c,True
1ede2ba2c44a4d17a28c1622788626f2,False
9fb1df5e8d0a4bf1956f95ed965786b8,False
0abb076faa8544b8a07f6bc6c9d61ff0,False
54cfb36af5e24bd18270d86dfc69b191,True
fe3e356940c14f8ead2a88235053d771,False
c0fe042e578c4dc2a83981d2bebb2675,False
566f3114e0264d4f84a8a365e2782ee5,False
8775959aeb9a4e69bd316c0a648159d4,False
3495d7899cf84564a3fb3a38121cd653,False
c76d8fa08fd3468cb324521914a8631c,False
fdcf7a0e6b0a492182046ab77cc64c8c,False
360bc14d4b334664a1f9332091585dbc,True
046a6bd1e2d440718f783aa435318806,False
8521dbdab835485282d181a2eec5091d,False
cf34fc6181ba4b31806fdb5131d2c3b9,False
604384b838884e6eb7a38a65bafb65a5,False
e28da6da2f454850a40e06a71b9cd91b,False
a6c913ec95c245099104b99810d4e4d1,True
01c05e9f98b844b58882b110b2f78dee,False
3482440c1abd403fbe374d8cc1b4fd13,False
628fdad9a54e4f0695201c0a0f47f17a,False
6ca98d590ee14168878537af92f7a45a,False
783cb93236774de9b17f52d82d5c4925,False
4c43c3a4066743be8d6e74c9f6f78bb9,True
712ee36502ff4634a62304d9e019ab59,False
0bd610eff9f74defa1067dfb4fb21371,False
679bbbf80a914a1481cec8dce29ac3b6,False
3890d880eddb41bb88520ba06e305a63,False
7fe71cea81b64144bf7fd94fbb0036c8,False
17fce6d37c4e451eb91914533925fc90,True
4b9620192e0e47b7902ba4996627c62e,False
3138bebb4eb24a10a819a9fdb3cf7548,True
48545ade8e5f45beba6ed3385b62f631,True
902ba4495a4c49308a11bd76d1640a92,False
774fe5c9e87f42ee8681cf75e972ae89,False
218b92d3e1234fd39263ea73ae85b647,False
9f9149599d8146079a584ef82fd8d1e8,False
3b9595a3f1624393b5c0b7e37176ffc7,False
c96d7f911e8346dda6205eedda6a9a88,False
5b4a54e4bdbf43968a976e3e55d3b61e,False
7b878074fd634e9bb51d20edc3e47d85,True
cd2cd5c94bcf4b24962b7b7a53dd3ba9,False
3d5b1e1a52e249faa244fbd9ecfcb22b,True
5e9fdf526e81405d98dc0d8f0fb8c55d,False
0ec9a36b8e864aebacc101519308b163,False
f0995611cc7c45c89de41a20475442ce,False
4f2020ee2a534516ae70288b4f800969,False
8ccd7cf2e5324aba84a1694fc01859c6,False
cd7171886037466b81011d96388bbafb,True
834dc63bdbb64dd1a9177a02206e8837,False
58ed47d0a2d149688e69e0ca4c8ea594,False
3310f98458e143b9b18144f95d9aebd4,False
f7ef550fd2ce4af6b5762dcc2373738b,False
0cd2671bbff54edfbe187cbb1709b011,False
ff075274016d4e2a91d01b56b7c4a1d8,False
0fb10d533ef14183b5541c08e79a5549,False
0decee9880424d07b2a877d79b563934,False
d20ca6122c774bd7af53b6b9031e69d8,True
0cc93d4de5724a78baf571e6aae6e7f3,False
e16b278be284431bb77c53016dccb7bf,False
ab2415de12be41068b701e0db9bec4e5,False
6260ca1639e9474498ae48c16b5d8d36,False
e1dedbed0dfb495192f10c2199865126,False
cad9fa06854548a493fed6b0e1d2b526,True
45d21069b4c54f29a0091986e5af3f91,False
45975048807844eea1e1a38987f68b35,False
bb39034426b14c238f57b984d28bd65f,True
a276ffba8a914a91aaec029a02e063e1,True
aa7ce976910e460ab2e615db170ed6ed,False
33ded7990fd54aaa9d9af545b42ef48f,False
5e69b20908a94206aee42ba9aad0b083,False
aa32313de7e74f3e91c378e56a5d77d7,False
8efeced372ba4b78a1b99f86d135e2ca,True
7a69acc2e3514e21bb32bd29c91d398e,False
20ba6fb4540d4fc4aefa8d1b3ff18654,False
c43c8dd41494405d9219d242de8ffd44,False
fc50bfd496614266a24937ddd900cff8,False
d701b429db9b4926b60c732e6c3c9677,False
7b2204803b3c433c883074ff9de3d8a7,False
5c4f209394ca4d8d9491ecfa33a7caaf,False
8410b755d20648998c597d9c9971b991,False
2f459d35322047a19c9f3ade95814cd2,False
707770f2570443829fcd9f1e5ef06eec,False
090572843ee9415fbcee68553cc978f3,False
3d104875ee3745a18e1522775347f8ba,False
c7d3b828c8784e96b351736502d733eb,False
d2722a318b4f464ea997d3e5266d37e9,False
edec6599c39b47eb90c6b9b689dc77fd,False
cb963c4f8b9c4505a5397917c1c26296,False
672f9d6bec354b9ca3c994ae9dcd7ee5,True
9abbef0f1b2a4785ae934d1b4250ecf3,False
c00b482e7bb04d6f944b632a8cb31eeb,True
608d46d727644fab82e68362533f13ac,False
71dacd83bcf34c61b326a1b56291cb7e,False
c4ef5eaf58564244921e3ee685b2c7cd,False
5b6ff9a08fa849bd9522675f9feadbb7,False
93d6413f9db64008ba1fe9842d96e73d,False
a5fe7d17c3c64d639d34da31c2b2c05c,False
17a68af2a5fc4b7fb62f2f86c3ad9cf7,False
fa3fe2918a8742c681392ffc3329ebac,False
fda5136a081143ef9458d3ba59160e82,False
64cbee0258b3418b801bccc26c47b44d,False
6a8671e650bd489c828122bb929ef5b5,False
432abb4498d844d1a4ede690a14222ae,False
0ef6934b55df4288901884680973b3a5,True
3e17e16cdd2848a2a3c6effc4f4dd9f9,False
d4067ff976d5473b8c6a6bdef3b1ac64,False
5b2f5ee985d84ff1a1fd73a56d9652dc,False
e3fab1d88b204f51991ef51c17af67c4,True
61f7f924df5b4e0995f0533bc7f4b805,True
f4f7f416a21a46f3b0a8a4f6634271f1,False
c44130c5babf4108809d3042c02dc2ff,False
ec8a8970de7941758d3f42aa4d924e68,False
d9aa8072b8084ea68f2c8925254dc810,False
22202913514348848c6a302a873ff66d,False
33398f52959743599ae365fe7e2c6846,True
6cf09436286d46e69738cec110317b50,False
02731f86d15a49d1880a0632b32df45d,False
f3c52e8c17be4d249f5edef3b6a5b553,False
66af6105142645eeb97b186d128289a9,False
3284cba0a2c0419290de10d18e74b05a,False
ed234b8fb63b4aabb335e2ddb6e6f4e1,False
1e7e41e323404d5a9524e76858a69c7a,False
3f91ccc20dc8452e899e5c136a9ce83c,True
0010664174eb4acfb1047953ad86f926,False
c6af9c704ac9406a9696c6f1403eec9f,False
d3efe062b74f42c08aaf523c1a9d9ec1,False
2507fda5dfb846e19b5600f48b564fed,False
6f9d2916d57c4e2fbdce533a65fb0b18,False
62e49d3c48a246909bdb2f98ccea525d,False
4a668f9d7dbe40918fdc4fd1c6059d8f,False
f7252aad00804e92b9e6ae28f154b740,False
d0c454c7a59544c8aac0fb206c1c5b51,False
80803571f4264c90a474b37e14af6e2a,False
36a1b09c7dae4504b39de0a40820734b,False
9b30eebb6b6d4b199ee9cb8cce480aa5,False
7be9434476834864aa4def149613ee51,False
ac36d4a8df0c459b8d448baa9dc8acad,False
2d4541178dcd4da2af5b60415f98602c,False
6279a960bf564a46958d12b781c4e684,True
730e81ed33254d1c9d59ff8769684aaa,True
bfeddb6ef17f4905891c4f8e8a61738c,False
268f2fc382e44022be0fafb889369c31,False
827327d4da0d4f8285c863b12463a9c1,False
1d8214d581e84b9795e8b2d77f21ed64,False
7a8dc1b4b6374fa8807771de56ee119d,False
76f008d7222d4aa4a4119a4012dd353a,False
8c933d312890437fab9545df0b88c003,True
dc4ac40635a0492eb3ce4a30a7f558c1,False
1c90a3b1cc5f426ba391472d93fb39d7,False
522cfed3ce7a43c393cbbc7e8077b834,False
5936af5c4bed420f875adc748eaf1472,False
25293c7c7b034d2c9f77961de710585d,True
472f313a634241fe8c98aaef816bf7f9,False
4010d80f8604437c9e6239d4e01a85ec,True
47ff313e0cda4f83a71f76dc10316565,False
3b88d2098d1e4e62bd0f21b674e40786,False
aaed6edab8c3458896700b0208ce4d19,False
e7ae88a6f9cc49228111bca2bf54d78c,False
7b8002ecead4493cb489ae0e58a65537,False
9f3a49905b1a48bfadb8cd02714c8ad0,False
8a1e2d3505d04a5c8155b9ca9e258efd,False
ee22f8334eae4484b1241b1bb37f87a2,False
7a2cad3e20e34df89a1cc6396f83e685,False
36f499c8c5bb4f779e218ed6ff05256f,False
a188274940a047d1bca3da114fe4c780,False
1f5c19f9c6b9404b9cf6d596a4d2d5fa,False
19507c558d824477b04703c56642cfea,False
2b9bf50bdd0d4cec9c7e2d09aff796aa,False
1a932d69b99840d7bf2347dc5103dbd7,False
9a319b4332d146f9ac7f6c722587342f,False
6e33e369d2b64620ba44828615c82c0b,False
4c88253cb86b49d7a2b850b858ec3d83,False
8dd7b774fc8b4a9899c3a9c6ef1073fa,False
2ed67a10d27145a8b72a9c6a9fe46892,True
252f5b6648384135affcded38e9d6fad,False
a4018d3b314f478882c92f26eb925675,False
e6214c1232c54aaabbaaaeb5ab2b1840,False
1ba9b54639c547e2b897bad113b6fd8b,False
30a52d54d4ab4488ab98033bda5226e1,False
2a9fbbccfe544dd8b0becc336a015005,False
db11c3dde4ba4b85950d4c5ee6e4cce3,False
10a2efb3560f491aad784f30998fc7a3,False
479503021bef41ba901e2e764322f220,False
856b98e58a164a8783fc5bf4c960cfc7,False
eaeb3ad27fc14378b061ae934d2d6894,False
2d01031bf0334365a424ad74543ff92a,False
61363614d6284fd8a9daae61bddf5623,False
d0ed0e2fe5464f249b8848837b5857fe,False
73184f6fe3954092a9712db6e506cfa5,False
5f87116d0921465882447800c71f2004,True
53d49b2f30eb483a87bdafa43fe2de05,False
a654e470089d428da58a74bfb5469f55,False
bc1f27ae316b49e0bbe2be08e91c89cd,False
d017828749c64189ae5d1f005be1f0ec,False
613c0b20e3854ce4a34e4f2ca9bb192d,False
e40651fec9bb40b18ad6110db2b8a5a5,False
de0d6339b282498bac18efd4b72951d5,True
cdb363a52ecd429196dacbdf5bf9e1f6,True
a8be91bfe8ba4ac58e6ff297ac19d1b5,False
75b92e68e58347edbad0021a15a3e955,False
94a608c62edb48269b5457465f2114b6,True
6230452b70bb46d1b4fb539d93d106b5,False
4482cdadd0c04109834a4624ba40835f,False
701d416d59214e5b8883de8a3f2950f5,False
6a4265e0fce54e5a891991605169de22,False
5540dca0932f45f8b9080e11fc32ab5e,True
d800abd956274d01b1788956c10d2e1f,False
fe66b302706d4244acf50ae4f6466777,True
5b0d99809a54461090aa3340c348a5d7,False
bda11d3171de4ff6b32e4fea5075ae92,False
985fe42da64b43a192d2dbfac705bdf4,False
9dbd6884847d4e2f88184ec5864066da,True
10d8fc8f26834db982f6ce493b274dde,False
8cbda418a377443c9d1fb6e7927a580d,False
126fab18999b4b08a9c20fe09f3a4387,False
bf1516192d4a4c2e99eddad8650c60ac,False
c7b6559980394e999e427edf614de560,False
ade4e2cc311741a181885b90afb0bb3a,False
b89ce846de6a4c5cac85ef1c25b33d1c,False
466bc01557bd4764ab2cbe908e4e7342,False
8c3088b00d364bcea8889d4e92da4e74,False
dc9005da79444bd29f26006ef747434f,False
53d9d13db2f14e268c8d0ec91ac8f768,False
f7aa11ffede04a3bb37af0a264104e5f,False
fa895d9ceb584694a1e10fe931c07314,False
8ba51310729c4c6e97380ce7ba4c019f,True
00a40758457040feaa353ae218f7832b,False
11b85e545f974f5f9d480352831e935f,False
d26e71402ca64189aaeb7c3396447004,False
cf8f0a8703114701807f04b653bc2356,False
4006ac2af98d47d5becf09f185dc404a,True
82b0046fa89941f38a1dd7f2c0e0f476,True
c05b82f94e62493ba07e14704cbbd7ab,False
ab9a6ecc263c4e82aeabc41c6ec59f04,False
4bc1a57e07a5483f94ccbcd8718679f9,False
63c7de6270c44c12b2f2f5e1cf7380c4,False
5b4c719579f243559f215c13190a8d0b,False
52902a20a96140daa8a6e1a2965bbc15,False
61e6142af1f64259ba9f9ff4dc88ebb2,False
120da690da4742aeacd90fae100d36bb,False
34a57d2c852f414eab4576003479ee50,False
57e452c454ab44dcbb66e125265a91e1,False
be3e23f9d6d64bf0a8d8887144be94dd,False
a2eb3e07ebe242ee859d8419f06df0c6,False
7f7b1c8e6d82439699354d8265541392,False
bfb13d97e7a846c3a38b234711429530,True
d9033fa4fcf6464b9bb41219a867bd1b,False
a27e07f089ac4c4aa11b1c69b6165d41,False
6b818a6048124c7db4de431adf4b7031,True
194b12db86524e1695e2e2002f5cf7e3,False
d330f995804b4d1cb2c3cd5573720ddf,False
0ddf333009b64bbea27264cdbabbe86c,False
1bf9e3e5d2c14b29848c45c2e5b3e371,True
7e31844ebbd44a5385400933d9660b5a,False
a9f9ac9b50654466a1f37333167172ba,False
633a20d15dfc4191ac2cbad0b823af60,False
0dcd8ac80f41488b9700504e8d5f2519,False
442425c09abc44f7bb9d7e5ee32a8349,False
3bab3877ebce4081a53888388dd96cd9,True
6680aff75c86443283db7f3a98ab9704,False
00af16be255645f684481ade70c1ca05,False
df67bd85052c4b7384a7d5b5d3e3e468,False
f6180a9531e9460eaea2d3651aff01f9,False
14213aff9c194335a5b61b45e789122d,False
da29a4f77db04c7a92ca0eb9354a1c75,False
211784b44de24e6db2af1552c4e75953,False
e9bb9190fdaf4d8bb30b75b1c1123339,False
1e4be1f122774c74bc468a38989c5164,False
8ee5f588177a4496b2d5515a1b2d5892,False
ed8676db21be47779ef94e3b2d30e165,False
706524abc2bd4b12a1744fef9001fdd5,False
0ccc8622f4e747eaa148847dde57405b,False
6664b75fd2f34ddc9e165b291f29aeb8,False
6f7ce5b0942e44afa199921837563611,False
feb24300f62941238dfe9d306ecad223,False
00c5a92d416e4d5d83f6c7e514099e8f,False
5ac718ec00e148f2ba9a75e9a9933a33,False
a28b1f4ef58243e78a5f569405e92313,False
5da7c0a8d8864e258a30aea43303ddca,False
3bae6c4897f74070b9bea5fd4e1ede9f,False
4a59a3ac4bca4476a7fb39a820663761,False
add74af832794e6c9bf0e258c1c11710,False
4128f94ee84a46a280204179ce31a6ce,False
e78711d7d9a84fc2840ab4370e12d081,True
dcd7e52f7d3a4dcd8fa5013c01bbb8d0,True
a18a5b9e0d024f5e8a0ee74766ded296,True
2ed7d9f5e3ee4b6b968701df78c18408,False
06d92c56cb7d4ab1843bd1e17432d8a9,False
52b472aeab954f1a9b7b8b37c0c2b843,False
0a68cabadbc3410cb8e620f9138c4b95,False
21545756edd244aba951bdda3ad91024,False
c6ee6a3d84b0487d8a43f1191762d5fc,False
17b94eb76aed47229d3c2169c9aab28f,False
099c7432840e4ad7ac72d4fe1d31e77f,False
4d156ff0524d43c1adb758589a681540,False
f51536ff0a1b4142ac027fd2f019fff0,False
53b51dcd8c134e5697f76bdedcb0cfa6,False
ae7170c068c7451ea25b010a13f1ea0b,True
618c40e434bd4bb8818fa7f5edaf7212,False
f558f1140dc94e8d80b14ce990b73302,False
30445e432e2c4241ba263a7b01a60628,False
ac3409c3d36e446ba6abd77ad2e73057,False
3374e5b9d225465c8495bc741a6275fb,False
9c854379201a4566b25a6186766c772f,False
770da45b21dd41f7af5945557c4692b3,False
d84c50eab82e42ba8335fb7fba52e096,False
36de6fc2698c42dfb75e0d0988244cda,False
72ed6bfedc2e4b10abb909a352b8ebc7,True
72de35adc220476681de9ea483fef787,True
44b2a924d8394f848ec2589607545e1c,False
9e33d9ef0eae40349ac96fc48c75a4ea,False
0b1ab9b8ac3845acb01246c15c2e2e95,True
e48dd427e2164e32a9d6ff1741e1bfa9,False
cde329565f144093a98f8a92d982a38c,False
6d9cf7466e754a969c7ed7e2d30b7a9f,False
f8fe74dfc6cf475ea69946abaa28def2,True
98f958def9404b8e87a82cc2c598f946,False
17d852b733fb4e399f1cf0156d35e567,False
d220ccb8331e4030aef579b3dd68d53d,False
9f2718290b9b4741b2047e6f8c2b3911,False
76fe8c1d25314e4781c3bc07b0bbe42b,False
167f18c5db294fc2ac6ff6b3e54c1ef2,False
8dce17a72c084f079030b8f6bff85d92,False
ec915abbd921431b979b986ac09a0cc6,True
0e882ff91d91497fae5590488afb707b,False
7e96b43b0a2c4eceb18ae65cb385f92e,True
8fb19ad1832f4acf943630f14151cc23,False
dfba410461e84976a11c586be317d1d7,False
ee0a2abeaf364d62b88775aadd1f46be,False
dbc6393fcc0b4400be22b2bf2c36b13f,True
6ce1afdb59484ee8bce683c0adf8fdeb,True
129ae9f0c2ed4b56861e2b315406c387,False
4fec3cf6313449f7834874cd874a5207,True
7816715582594154b2165c016ccdadd9,True
a2a49b72dcb5457f9e8503854970c369,False
a0121db385f14f3299f492795b2b360f,False
c1688804ee1645c0942e92914c3361cf,False
18030db9a176409ebc64bcbdc25b4b34,False
0a314850a6b9439889ff0b59a560abc1,True
df019c272c1f4a019155b9ed0ef065cc,False
adff56b3afd7480e8332b7077e438859,False
0ca2ba6e16fc44f08cefd9de470d0dc0,False
6b5f451d23414d7bbb802f9630bb0982,True
2f3fc956a9ba42a2b3a892e84047672b,False
0005190634dd49a6a45f5770adad4c66,False
9642cbc205294b7a897941a4ae9a1b7e,False
88f528c31b7144899443a85bd8d32efa,False
962fc0239dbe4c3d8916e7fae8976cce,False
43c658c5e961409e8317e2405ae96299,False
70f1e633a4664f358f2db8c9b0fd2b65,False
280982bdea5e437f8248348bb5439c80,False
43fa0cbce7a8479b8ebc80e3e2fd720a,True
a7a5a5e3482e4d1f8b3ca2744fc6ba18,False
328f0573243544a5b4f7edbba534de61,False
7c15a14a33b14333807517fcbe0d2d97,False
7da11cda01b64c578cf0540e09ea42c3,False
b26ad73bbd3347bbb3b37c49de259207,True
4e6bd8ee346a4d8ab85bb908c69db007,False
59ed1780390e4a7f9b53bf9e642173ee,True
8b8b221ee6f349a98267992027b5bcf9,False
5f731cf698774a88bc3603945860dcc7,False
9892a94bcd894b39886169a61e7ae769,False
a9d4ae1fcdc84b299905ad5d6ef7daff,False
a8f48572f9814f9db158719473a761e7,True
a892ecb61b514e57bed59882e0b48099,True
38b131f5905145189d52c2f841126c38,False
0ccf9e8df4074a228d502e245a1e973c,False
91484b1349e0440ca0c1c916c2f5c333,False
462a1e8fda1d48b58eaeb25538a14f66,True
a75fb90d407c4141be8139c8698a2127,False
ce3b3be4d53b43d3b60450073ad6641e,False
65d7bacb46b34d4cb51fab64e838c747,False
56073c0fd75f4f4eb59fa5780760daec,False
e090c5f529c44caf9ac258a1e1a4ca6f,False
de37ca62c65c4f778da0bbca2a0af10d,True
88f28bf93e1e4763bccd457816778f27,False
a48cb7fb30e948828043471e825feb56,False
a342e17fbcaf465e9123337555735584,True
c775f8b63be248d0a89749fdbb22dbb3,False
cf42bf72bff6492b81ddb637b0f05df2,True
8849be4fdb614993aeb4be6365160a3b,True
8ca6265acb7b44738bc9faf25ae0da30,True
cc2f143d58824b34bacdb8fd2dddf905,True
7cd746d13a1a4d3cad391d5f00c5e0c9,False
d545605e3b06481e9be2f054ecfb354f,False
9c9b392923e842d6b2d0ccf5d78d30b8,False
d66ae1aa26de4cf6a0440e54055c0195,False
da090d8c65a745edb24391f95dcffef9,False
ae22c5dd63f048d98ba17da618aae272,False
09080d7957c646bb888a37fbffa041b3,False
fb69c1f698bb43309bcdf797bd6d1bb3,False
7adb1b285eda4596a489b804d5ad8578,False
b83b5dd2ddc549c9b9149538a4001f16,False
dec803c7952d49b7acd11136f64465e9,False
17741fe8d6834ffeb1a66b24475b5130,False
0d99ad07be2c41a1b25c659318a681c0,False
0377a07be70e40e09e17f7ffefa88425,False
3a9cbaaeb29d429a86c03ceacedd601e,True
394b7be3589a487a83376b5bd6d32074,False
eb4e9c815e8149fe997680567da09917,True
69a1f3e343b24c8eafeea90ccc253cf8,False
d3d8705bfa0f4be1968b803853701859,False
99fc152cafeb49428cb6222b72d77beb,False
b730031d2c304542a3e624cad617e2d4,False
406ca654fb004da4bb5c342a5fa6001d,True
d46c23314e14428ab1042f9269790459,False
6278b746063c4598aff9dcf9c396ab2a,False
38134a0f964d4abeacdd46c33e9d1406,True
9d9aa3c3100e40858e19a30005432934,False
8f98225882534504b207f9897bee59c3,False
244a426b8e2b41cca7a8e9a45d9b9c41,True
a5fd2f9fa1744d209ad6b2d76193d6e3,False
2cbd03dea59e46a384aea77ec80733b2,True
d7e3526eec7f40058e16adad323fbd0b,True
3874036f56bc40f0a8231f15642f3762,False
bc4cc6d4224149a9ad798595fbf958df,False
939491de13de465e8bdb5518938411ce,True
9369c772b17b426eb6fbcf50f97094a4,False
57c4cfa98f0b4640b9cb05533d03fc6b,False
80f600cc42c74a40b05ebacdcf01b321,False
4c1e8bb985074153832d25bf5f6760ad,False
c8e272c68f9240cd961e54a865bbc26a,True
8307333e5e564734a54c2f955fa4d22f,False
8de0a8ce01094ac79e0d89bee80e7baf,False
8a9674ac6f42481c846affe1d8bdad74,False
b07a57b3ee564ec8bd1f3db0e8bc332f,False
8ada7789115040da8ad66fead4a0b94d,False
3ed3b4bb7f2a4981b0e4e9e9f9c7670c,False
eb91313d10e14d83a272fc508d0dce64,False
1bfd4f102f3f4744ba326abb287fbd23,False
d2bbb14bb2c84898bbce39cc6f786d29,False
f32d9ee0fc2548449799ec883bf91137,False
0f77027a0d654b6591803d715c1909bd,False
de45cdb4fa6c4a959a3fea5d9a01fb41,True
945ada872a764cd1b9bd8dc1b1062f41,True
daf429f511444a25b2d7d5b7fd298877,False
895f935d289e4ff99d2b3d0c00cf4d10,False
78ed43b8fdc5425180b292ba908268e0,True
5cb321b8aaa14c199962a145fcb5d68a,False
defb9638499d4eadabd36b0c2de7a9fc,False
f7c2705de22f4128b3d8998af7533bdc,False
a0830b93e19b4e159a6b518cfb543e8b,False
1874e35bd43347b09d2a3002002e6dc6,False
ac03e65e742c471b9a42ca69b9138bf0,False
4ef13cf5f11f4290b30a76f962dd7371,False
f08f39e5cb4c419ba24d8528f904030b,False
81cc18fe4aad44d194b64324d76d3c0f,False
9a03e59149544ea9aae90cdf6cb6ef7f,False
2a98b7ab5c3647e899a145850c0a91ba,False
abb73353b3664976a7292b203b2c99c2,False
7fc06e346189426295e75773a12cac56,False
482cc8fb9f11479aa6ff56207dce1d66,False
a972f01e01fb42acbb85be0e6c738d2a,False
64d9e290c1d043488e5a7558b818d557,False
35f9e754101e48e6a6851d9b7f7c1785,False
026378a468784030827d2ee19fef3726,True
fa0707c22d9a4c1483d1dac71268b8e1,True
44d0317b8c2745d3ac80dbb08e34b5d5,False
65b35f7887aa47f7a74ce23bf6e9c39b,False
a1caf57a37da4ee7a2182351fb8cf1ff,True
6b3387397253417d875aa743dcc93f6a,False
dc70a4ce617948c69ee51e95d4686e6b,False
3d48769ad5784814abe79ab74e53b05b,False
63620f3b6dea47138efaada554ff2a04,False
f92322b16caa425182c0221864d3562a,False
6938d7b9a7174b32938ab9386aab3914,False
1bade89587344843a20e29c7c9838ef4,False
f8444e5f00994ce7a86471f60144e309,False
5b1d2dd82c8a48d1b3f4947fe0710d80,False
1add192c3f8d4a0b8ed4e1b42a4bdbcf,False
b87bd2905905440fb1fc78b838041ee3,False
d2402928c80c404ba9d84ade7acd73e7,False
e43c5539a5f64bdf96ed012b23b91652,False
1f33ae96740147fbabfdaa0e2a603665,False
f7596e97682e485fb5770477375a3dad,False
7fee19df6b02427db25a8a1427ed59a1,False
406fd98bce354d53aef7c1c214bd73c3,False
0f70a7c9ac83472985d4c550098c5115,False
3de9ac2ae60a41ce850fba86cc8830ac,False
0492fba0496541f4b0d0f86dad6f9477,False
f019bb3f7ea24010bb9f7536cb18b244,False
52879391d087448f8139fe011c66cf7b,True
e3f92ab432fd4a8f8f7f0a6f786d4057,False
aa55ff980f154c8eb21bc99c51040a3c,False
fcb3d061c0cb43449f0a0b428ebb13d3,False
419cad8d631249bc905a62844f209863,False
dfda7c0abdb64360aa4c4dfae3f9d310,False
24bdcaccb87b4c969d2a9a5b9624f195,False
298ca3c5972a4a87a08040c038aa0c72,False
2488da6d632b40dd9bd66d8b8810a952,False
5262b2494fa94632ba3d4087740e8732,False
b4240e941e7649ee96d19a6c865f0c48,False
ae49f5b90a794780b9de10833f9b4470,False
be52ef7cb0bf4acea6f2bfd938e56300,True
462ce3fe20524056be6d433da6cbce80,False
bb69c56d2f7344ffa80f0daa9f1613c4,False
e8033d46c4e449efbcb8c60fc138e493,False
f92c5e906e9b461388964f3f6e2e23ce,True
3b86ccab593842459961fc2bb40c163f,False
4b41a344d807431cb99e8be8ad6b0ff1,False
24584d2fefc940128381d7bb19a8eb23,True
2a5d797a146c410c9d9f877693f6c6e8,False
58dd4057d7274a58961aef469b1fbe27,False
0ec3e966a7b94457b89416fd0215e759,False
8898922272a14592bc76a4183d1cdd26,False
c98ac80432364be69d71edc16347b5da,False
46bf4c7e15a14995837999a7dbd52baf,False
77c49ff8c6d54371acc34300966dfa50,False
945f6187753b4f2dbbaa1b18d90fc46e,False
1b9db62a9a334ea89d0f92f98e73e737,False
a1e7b22976d84bbcb70b3239dc4e8497,False
cee9f5561b8c47acaae0fe9ca463061f,False
7d61f8b8434c42a39ff6233a77caa2d7,True
437f47f0423c4ebdb1da7722bc6c2821,False
411129a3e54243c0bbf0c6e14842aa6f,False
8e4e0fbcd8e34d13a699ed14160b22a8,True
8d1d91cbebe84f309c525c95c0257af9,False
66ac61f34c124dcc9a42d278491c10bb,False
79ece2d6ea8f4f8da68be23679bf1155,True
70b4737115d44ada8e70bf0b846c0419,False
4f8094533e0d44239d0f4bf049280767,False
5c00c67ac9994384a491cba211e6ec38,False
db5bf59f34b542afa651bdaec97c6363,False
b13f06fa9b094e5789d0d80e7c296af3,False
6b74506343294842a49843031041b4ff,False
db136cef490e4f68aad1824281ab1560,False
db53c82b0ae64a6a9b31dcfbe4a1df5e,False
a2b01d17aa90473986ea48648795546b,False
eca37ba5645b4519807345c1de00cbdf,False
ef94b0152774428f8714d9b876ff7808,False
0ace5e4a39df4b5b82726a3238119299,False
a4f8aff84daa485d83253b2807d1f24d,True
4038ee70abb9483f916acd651afc61bb,False
62f518d5a15648b496ad8658caf65934,False
cc6423d9af7d455ea51b04e2b7f732bb,False
4797c008bc9d4f29b6afeb5de8cb3409,False
de672618f9ba4062b20bd109eef06c90,False
ebdef96e7b384b3095586150ccd659d4,False
4c750565c343453e97b9e4bb1eab205d,False
38c7eac322934a3890a15d97e4eaeb97,False
676c9034aba341a1abd26e18aa556061,False
12721e5cd2854f73830ed9da1bc64c4f,True
b5a6c3a5d40c497ea0a40475cc37864a,False
d4e6ec551fee42e9a07419b8951b3c83,False
da2c8866ce004f08a1b12db053e39b61,False
deef74baa07644e0949d874fb2c0134d,False
a5b2499488c04960b7a884620a7af18a,False
08295fd0bc624c319d6b62b24fa78482,False
25c7e286323040b5bfdc23b5e67e0312,False
4bbcda84a4be4d7f9e063f2f33966469,False
be1c81d238cf4ba0b12d6d9b109df9ca,False
3cea7f4326f447c29d6c6883d22956fc,False
4f829ccb65144ab6b494a0054dfb7ae7,False
4bed1df6b70d4b678766388f0067dd95,True
8e0d2f89f5dc4a48b010b104d2c057b9,False
66de0119934b4721a6fc461f87f25fbb,False
69e765b862b043e4a9953522a222e108,True
ec190e39f3044d80a0d37faa3d9cd799,False
746c8ba37cd548df9fa867b6d53d5ee5,True
e308e5cb6a9e475a987085be578167b4,False
58fac2f0c24b46dca3cd16d397242764,False
e6ad5fb6bf8046c1a455c2df29d3b5ff,False
62db42b1d2cf4b96be84dc141a1159f7,False
3e27b197cef2476b951c7d9e70410135,False
e51f64cf4dc941f792a1831bd6c4574c,False
d05f6f3f205041feb28b62f20ee9e691,False
a243157efa2f46d081c67b9e49d80ae7,False
1151a76bd09341c1a55e7358ef36565e,False
8d5bb1120cdf4dde83162e9e213111c1,False
afe1d8db3b74441cb449c2546fc22261,False
e9ed1d5960924c45b39bf444b33b21a1,False
4372cd269c8a4d72aed68e7be86f616d,True
be8874181df342c3bfbe0fff10c1451a,False
04fdeb71feb94edf975b6b8259359f51,False
2a7c5ac0f7c9447aba82e3c27dcaebfe,False
3e64ea7807be48229fa801841a85566b,False
82bafe2648d44df7a7f5148e5739da09,False
962be4661e0b4bdf8003964c3ec0b840,False
26c7784905994eba8ad6135861be8bc5,False
71e84928eb28495786bc800ac0a29179,False
3f9aaa9184874d948bfe3feaf1c6429a,False
8f14b60fe7594655acf5745ca74ce099,False
5728294418b7460a815cfd1f4c5f2c38,False
1aa2b5f1679b4fc6b090093587df4ceb,False
f7b99f2c314747f29fa49165ab6647fc,False
eb257f43c2814a118c364cb08325d742,False
7b25864abcb84067be257f05aecbe0d0,False
f25a44530e70490da64344e3f2d37e43,False
948c33e1e0c143bb8d202ac2839ca4b8,False
9b6d4b6525e94e3c947f547b9882e038,False
3aab73da5030423bbb697ec4f5fbcb98,False
ac1a3c9d434144da88fd591a27f2c1e1,False
9ce1cbfb50484794bcd67be2d28d06ca,False
fc9ca9dc25f04b6bbf95a360f2bbb784,False
8b070df66d7b454c9d7fabf3eadb98df,True
8806565c8ccf442d9f0ab496e2657b62,False
394fff6c2b814137a3f6c4707725dc45,False
b518ef87a3b2476cb293dd42a080bf6e,False
e418753cf0cb4a1ab4ae94e7a9a42e3a,False
736871c797ec4669a67fa2474dbdc340,False
837fd5625374440383bee7929ad11577,False
b089af82c8234c1e93cf66a328774ec5,False
d393acf749994b79a0c8b3922a752ae0,False
a94068df84e449b3922867c366db3acc,True
714b1b8e4dbb4ef2839adaef8bc0233f,False
1117a1d50e3e450f992af351929011d7,False
c44fe7d5282548eeaab9d2c683c4ab61,False
85f445fd790642cba5f76ff8c42fed0e,False
9bed2691440043448a7af09d41933a4f,False
202340db7437486db1260032cb3a6b99,False
63100894870b4ba5b2386faac3f07da9,False
2e2787f0a6a74afe8395adc7ee2e088d,False
052eb09c0a56472f92dd1d2bdeaf2bb8,False
2a474299dd6145e1ac5add8ee542f05b,False
3e8425d7419340448ad88b23c59f9d26,False
9b8a6d96f46f45eaa69111a108a28175,False
45b120becba044f497c568563f8c6e22,False
74f8dc0e085345c990748e4492e70f19,False
4cacf97c8f1f44f89897c63f5f1290e4,False
364a16ec136c4357afc0ec57e053733c,False
2ffb9119f8cf4e1f85f33f1436eaa87c,False
3d3ff9bfc9bf47e9b151b2942426c0bb,False
cc43f6f0a4c54eca84dc4144c6081050,True
6eecfd5b7637445d87b20241f34b36d7,False
4ef8466ab20846ea9ef151ce3fa57344,False
81dcde8003594f0494ac4de3bf7dde39,False
76be87689607444c8465ab779b898b58,False
84e29aea48cb4e528957d1db0f909269,False
81413a7f57e24e3b9a63dec626cbe0bf,False
8c1ec6d59b514f79af0889f7b8d031e0,False
74455e268e804fbf8747ec1463761c2a,False
f3766c7c20da4e5eb8b8a0a185d2c5b7,False
a557babeb8684050b31aef59136b3c0d,False
d0dde475653c479a985961af100e6db5,False
7bd70479ca2f42a2899e5547c64a3494,False
cfd23d6fe622417782129d182722b442,False
37337e88e8a5451484540f5509321f30,False
61cef81296494955ae8426cdd5d031e4,False
d337fa6ccf0141ab88f1092714fec5ef,False
2ad345bc4f71476cb5b698b955de7c95,False
d37705ce794e475b87112526a3b407ae,False
de694247c87846f68de1d07ce579ffb4,False
c85bc6b0558643cebba7e063d9464e7e,True
e44a0336cb7240bcab2dabaa9795089a,False
ecb12bb5f83a4ce2a6d5e6d970e25f90,False
a09abf7a9cc145fdac6fb5573a9e8458,False
7c284b1500fd48349e7f19d76107a7c6,False
6f55b5281fe5468ea2d390ac232805db,True
8c7a62c774324e6f94c84a07e0df704b,True
8fd386ba73f041c8b0dcf78c6aa5d166,False
c483876921a64837b522113e3ea6f48a,False
d5787abcbbbe4efd8fb9c8b3b0da8e3b,True
7b0d991f29af4bbfa4cac42b238d3006,True
40ddfe43135843aabe890105a68f81ff,False
acd7b94ad27a497a8602294cd7ac1ebe,True
2b8cb09f9cd147e4b8a339e61b11ad05,False
893c2335acff401080883e6a5a116591,True
7b03886979d94b8da6f1b5485ce7a33e,False
c44eb07c19c2430cb741e2d594a1ee90,False
8e5e0f040682474793082b5c9eb9ab80,False
fd9eb2fde7c84413872c43cb3de3b948,False
c9d4a3bfda934a9e8ca89f2f5c47aef3,False
3bdf0cf0e1ae4cb18ace84961625316d,False
320a167d8d7441e2a9e3e474e8b77e74,True
eb5cc656d00643c2a7ad8a135190d1fd,False
f3d24490b6b24c2cb49d7a06cb493434,True
fe1628f60cde45d0baaeca988d7e8f7f,True
bba7bccbbd464c179da0ec68778385f1,False
782962cb28154cef9b96cc3b11a82258,False
cee5e34e348945148f37a92a11b9a09e,False
1b744aa75f364bb49539d5d3e77aeddf,False
080749709022464b986bc5581fc0650f,False
db93ca165f30419b84abac2e2bb760ed,False
b7643dd22f354d7fb81395f490729e04,False
30026368e0ec4585bf6142ace464eda5,False
ae7616ef883c400993caa2b57985129e,False
fdbfa7f63da844e3b606e94307e08814,False
786108938e684e2fb6663e55290c6b5b,False
156d5e2899544e8789cdc41dfb232443,False
a8cb18e57ed948a6bef87c7ba3462f60,True
1e53e444ee994d13839561f6c706e667,False
7c4bbb8d71db44f9857daecd916be7b3,False
918623c7a5594d80a398675b2ad1f6bc,False
3aeef53da7d14edb9f0e474e59f29d75,False
4786266f39ba490ca8c2bd32c1567449,False
492c7aa548284b3d8175010e73ea4190,False
d94101bf5e1245cbb975fbb231ab8ab2,False
63b7f66e4db748f5a3f52fd725006ef7,True
226ba312cb974a25b007815469ac7993,False
0659ddcc3f4347f8b8527d7c0ee693fa,False
db223729b23b49f2a83981556a9252fd,True
e88498196c354e3ab9bc202faee68f10,False
096dfa73465843b3bf4fd9a576560e59,False
ba4b6327fd804452b960e5b8b6d68ec5,False
09729d97757341239762295970d1a47a,False
3f62324015dc440da7b4201bf12c3d1f,False
051d5926a59a4deab407364228b55d77,True
84ab1bea25374607bf101508cd2ef8c1,True
126158acfd67402387463256888d60d8,False
259574c534e54d36bf824881a1e6f2f2,False
4cb43b9bbfa64e318ff0ec3bfdfaba0b,False
8accc8bf588141df9caf15eb1b3fcd0c,False
f47d9ef54afb4c5f8e140951e29b787e,True
5efcb3e69c7f4322860a80c45764b196,False
5fbdfa24e9a0497cbea9ca6671e341c4,False
5f8769eee5354bb49393520f37a96ff3,True
74a6d0a30e4d4724a26935d555c034c5,False
0d21c4ab81304edd941d434ed6c1345e,True
573970dd49d04e9aa274cec44a53bbe5,False
3596060f4b72499a92cb23c26e0028d6,False
356b510992a34c9ea99ebbca53493654,False
9e83076252d04dab9c8c5f6da5c80d94,False
d7807fe01755408ba524eae751cdccd8,False
1be0bfe048814a9fb9dff69cd24525f8,True
4e71935923584f0ca2a202a2a48f5875,True
7ebaacd6ad8a466fbc9180432a877483,True
22eac127f61847d4bdeb6fffcf7387d9,False
e42b33ea01c64b1b9626c5d142ddf0cc,False
382dfce6b18c47dea9eafe489f3e050e,False
6a57e79e34524be78f3507d552d662ac,False
ad005995f68e4d9e812cf2f930576d8f,False
a09d1802a66f48efa609c9818a16a805,False
035668be6bdd4cabbc2c9c2c32e0e790,False
dace4e499bcb42c8a479c49e9777ba14,False
681e286d32074beb9b4f9246220c4158,False
bf6f45792b9844959ec824976d746d54,False
52289874a9fa4627a869a409d8bfb509,False
8aba4fb0fa0246fbac7d95e777065add,False
27ad98cf76de4c78bc62a03493b0d7f7,False
25a7ffbbda554f4fb2d5388287e66cd4,False
0cd370793dee449b907e7089dae141d0,False
f1a79777ce56436c85df7988c784091c,False
adc3423b73fc4b1ba622e6ee071f73be,True
69f877d85f3845dbaddfe7835c53ad4d,True
75091d9edb874265a991aa7652f23dad,False
5fc60483e5294c55849338733dd01526,False
2bafce1dd9104b83b584739ffbf77876,True
669bfe5756d84a478cdff31fd0807f07,False
53f3bcd7e65c4800821eccd189427ec7,False
56faf702303045a5b78b2e6c6c4b1792,False
50281d7d22524eceb2c1a39ac73f4a33,False
8319095f60444183b0cd732ef5fb3087,False
7856db5cefc24a95a7ca7ddf1922e54e,False
c136a2b86b154f62a772d29e128d6ac2,False
b6af4bd1568541d2a085adab077c6531,True
b89d17beecbb468ea7f973477ce5c9a4,False
299c32d36f9d47d38cb399e6727a865d,True
6aefa05e5ea6419194ea2ae59ea0723a,False
faeec25da8df4ce3929772e081ede6d0,False
588f065f77dd4ae68891f380d83ed177,False
129bbce33ee94a74bd06598ed959be8c,False
522c5c47e50a4a78ac37609d33091740,False
40eecff0d47c4ab1ad0220f110710bcf,False
651f9c9ae4cd40b79500c1adecbf8575,False
b9db97493dd3447ab2b60f2cb5fb4e31,False
855a16c267714b80b174d747968b5f4e,False
6d42fbf7d35c4b45b9725c687cc745f4,False
28dd19904c1744b2be524f4b54c6af43,True
8f34597f9e9b42d4ac35ac29aa7dc4fd,True
cb532c2ff39940b9a6012e2b10f5c7d0,True
093dd5e0516f4589b013181588df6040,False
ac8c8bc3f6f94608be6bf3d2f39ba1d7,False
7b5f13b6ced04684bb13d82f44ead591,False
5b110d932e3046bbb597dc74a17fb85b,False
6258618a36464348b9f692aaec8f7502,True
1ff4f8d1bc304536badbbd4bb6a3eb4c,False
9a7285a482ce4dddb1d6b27f2e220ee9,False
53f7da6f3cbf47749c6697b3f4f1beaa,False
ce3ba277646d4b3e8b8724b56a3d272f,False
3061d7fa864649148adb0075189ba29b,False
7f8970c987d345bbb623cf0563b0e28f,False
40df1dfa887343bbb912b117018b1e0d,False
7d325810f3314825b5e613a62ac6b078,False
86f43463976649dd8fd97844552b9942,True
eac81e5c5de343dd96e35692a6add0c4,True
cc39f03b9edd449ba9ba1e60287f4c4a,False
143093f2e9e8435a9cc2b6f8ac8fb380,False
5e32a333f14546a5b810ba06cb427954,True
7d1f834a287a4ef5be25632fca9364e7,False
94dde50012614860a83e0ef3538c27bc,True
9b71decc7863499b97cd346ea7dffafd,False
4772c1af82094740961bee9e7aabab5e,True
c014de7ba7974e52a1da5ed49ee2ee98,False
394f464053d34ddfae90c1e21c516bcf,False
32863b6e232a40aba6262c35d582c07b,False
a5b66d621a1d4e90a7c1536ebb7931e6,False
f3be8e24af9240429a7939fc44c0e04f,False
97f7d461ffbf46e582a830cdccdd172b,True
10de78b2ea4342d1a5b80aaa1f7924de,False
3a293bd4752c4ff28aea44df35e6d14d,False
e07a50eac5b947aab33df9bf78e6b135,False
606e1189a9544ad3947f6526401cafee,False
aa9271352ff244809c85e7df04c6e3ad,True
a083beabe8674e7a9ab87ca3895dd652,False
b2bbdef9e29d454c91f7cb0f76b8419b,False
f9db73ac5d1d49438acb89d3651c25dd,False
997795d98e4d45fea9f4bfd74b0fd662,False
fac1852bf89a40259dbba35487af78d0,True
51413594eea641698dc01a1c35ff99b9,False
2b9594283ec94320b2bcdf6139d4e12b,False
df7dc3c704164bf890333f94afbedd3a,False
623d29357795495d9784637ccfe93ef2,False
3adf7776b0a94faca987d67dfd7ce4cc,True
7dc706c5ffe14218a87ad0a7c097e9ae,False
352d06e6e35e48188862dddab9524664,False
e27654261c1e495faa6911ae7cbdb7f7,False
0e9086e8072149428c64d2d11547b434,False
5f8c25104a8c40e4bf3a3cdec7e8e079,False
24a0783d337d465e8b06cde16c8c57bd,False
beba40b9e245493a987fba0634117bf5,False
45c13763b7c24dbdaf836b123e2b6142,False
301dae764d0849099376b6c57ab77088,False
05fe671fce824ad28d93dc44c8ff08a1,False
4ec07126c36140bb8b9b62dd374dcc11,False
b1705dc10248491b8c2251a9ea58bd57,False
00c3b47b581542a1b7e88e794723c8ff,False
53d68d74619942b2a61179271828c718,False
d839d3a268884544968ce0b6242086fb,True
7679f4d4b77c47d6ba3e925820de5998,False
d2e23d9f9c7c42c3b1fac6fe1b25aa1b,False
538d527067e047f391faff7ae077c55e,False
61f08b999c724ebb95733017e1e64391,True
bf0a3d79edc542b09fb67f4132d97531,False
4482e23c1dc442828a99e258be2458e5,False
4ecacb1bb8644b3abfbac95bc20d8d17,False
0ffed96941a24bb0bcae9722409bead0,False
1c4f9d8dfc53461b8e2442c037d402a9,False
6c6b83b8f74047d1b1cf2785af00f9c4,True
2c7e8890327646599a2811317adb5df6,False
0b14e50672b344d2aa92ffebba3567a1,False
a81a71f611b347c984b34db8d47aba54,False
ca0a9b7563d64bafb66286b6b6b23767,False
83861a2a33e44e3aa62880775bd20a1e,False
09b8d936ec514644b1bac5b6da40ef14,False
a05387878fcc42dfba57f1b2d1581c67,False
b8664af1c2fa44efb9f773ec1327d01a,False
1c068e5283914644bd7d5b07d53175f1,False
4ed6d56add16468f9e155265cf8eff6f,False
986d752ce80949bbaebe1fc148555437,False
6f2e71ca3c424726969bd1b1b059b7ff,False
ce4f0ebac3344af6a10ace011027fb13,False
b8167b26756645c3b153465d22fc93d9,True
8c3f0d2c92b446e98240d23d70e7c3ad,False
6c0bc8d3563647fb87d90e3e13e513f6,False
e010d7edd1c2435d93cbe98f4bbd3805,False
7f2adbe1b9ce413997437805365c4ea6,False
1bdf811f40d644e49b22cd94c287f1d6,False
b6a07efbd2bb4162af37ae21a94ce497,False
a500803ddd0b49b0b0739eaaddc3498d,False
6193da199d9c44d7b316586d8390504e,False
aed3c82a8e6341d68b2cc06c2205a673,False
2d5cbc2c8fb64c709a392b5143f5641a,False
d2adb3a9187e4457b41ab314855a4d04,False
6e5564a4a240403396212c0640b2b4d5,False
c65de9a31690450abe8d00bab458f130,False
546ca39b705a4d7abe6a787a28640614,False
e6a56f2164ef45c49c674081a3ede94f,False
5551aea91afb468ca2500f4b130927c7,False
d9399e670ac445919c41915116999430,True
235d79f787c045b0b5eb3cad4151c560,False
32ea01e44af244e6bab77d8b78169e47,False
10e147f7c53147529f0f9472038ab0d3,True
0ba24329994d4f49aa8c3186c852cd96,False
b538d465b0034548a950e0fb3fa7d97b,False
70b1aa013d7d44248b2e18436de52b0c,False
a5fa52536ab84364b98bb02f1a3bd151,False
fa359b44c6074351a8d53cb5f289c19f,False
edb52c05c6634f1e9595e96084be1a01,False
38f8d0b157ba403ebb2cde01f13f9044,True
c439db2af8e5419584361897156df30d,False
443589efc5fe42d8a3ee0845d1a9a83f,False
c905a09be5ea4627b7d5d23aef5f6b9b,False
423bba46c50b428cb6266e7a504914d1,False
9f0d329a3ce24b608db7811c0ffb65a1,False
093ee6084ae248e8a1b877d977c990ca,False
d5f2d501287a4a86b459d9b2dc7dec45,False
721a2be15c8a482983f339e6e05b660e,False
7a6385a1f8f54ce88eba40380c3ea47d,False
156e7f717534430e832798e2e4efcfa0,False
4db9f93921064c019dc8f267e33cacdb,True
1c053cfc8ba942b69f3aedbce6418ee2,True
0f68fd1eb6364be7a86fbc73db3acbbf,False
577fc42fbb124518a0056a70f1ed6185,False
6b3729614c9b4266a51aefdf4fc236fd,False
798f253644f146a3ad6c666c22e0265b,False
6dc0f21e4b4141b6a48d5feab7fe5f65,True
a1d003c495614a5d8197132770cf5d0e,False
82c6b0e15ce14a5c95ee3d0ea9e5e008,False
66b0b56c51d14c89a7c3fd23d25bbafd,True
40154cc5a60a4e3ab9bfe96e0c4c1c77,False
0b11f53345de424ab0db14bd9b9928d0,False
70b08b61858d474da8de0e82bdf161e1,False
12ca40cc34c94a6782b7a306c2b09796,False
5cb22ad9a4334684884a8e0c2f1cd0c9,False
8bc465308d7c4379b1d2116a1d445712,False
38dd918f5c6e43158cb8fd9c2d9e6a7a,False
f1c7f8841e194385b370b1e98d321e25,False
be23b1e44e254255a3d2a8b57ffe55bd,True
36f8f1e46f4d4b0b93e655721413459b,True
f90b1912307c4260881e7a7bc3e88f91,True
438bd53856c64d9898ef5b67ac88089e,False
50adf766446249d6b2bdc5268ea89ea4,True
162031e38d4d4d0f81129f672de7170c,False
cdcabd215daa47b28ff7eb2aba2e869a,False
b56426fc5d434d7eb93290b7cbf14ef9,True
6bc6722626144ba7ae57f0cefc678ce1,False
6db0049d4e57410b8645c736ee756c81,True
d03b5dd1c30c4255be670a15618ae316,False
c97d8c81c1c149709cb622bff05e68df,True
f9216daa783b4830b9d1f9452a51439e,False
047fb42adc124c918e70932623c4c452,False
09f51fceb4734b3a972287ef0f00a1bb,True
e0fa2e0e7bf94c958b26b6f4c0e3f26b,False
af9ed85ccc414eac887719ddbf98b17b,False
d94bb6398906468fba529cc954d94d7c,False
3f7e6733eaf14aff934449c64a041b3f,True
aeea9696acf84972bdd1788fcd48e7de,False
03469a484aed40c2a0b9038e1ee3a8d8,False
120b0baab54548b0a7c54f26c3e55b0a,False
0bda6f5beb3a4b73bdddc92a8214985f,False
643ac31c7f1d4ffc80531946e76c8707,False
c838e8e7cad54d7f871b13ce3e7c66d7,False
64a1134f66e948579eafe65491aae062,False
5c83d2a712314061a0b60b8602d9ca6f,False
37ccfa09ca494260a7b4c0bcc2a5b73f,False
c32cfcf7de9249d7985579ab32bf9c0f,False
d2bedf4487c34282bb5f4b57699ee00c,False
c417579670464a21afbb3ce7c1e3f74b,False
bbb5b2304e604898bece7b76494d354e,False
03a408e4f1bf459fa9ddc06c56fc6fcc,False
e89ae967664e4019afb56aece1260b41,False
0e2cfaec993e4e97824eb01ead84bdf9,False
dc4c4cb7f0514e799c767a3311beb9d0,False
0aea3b01b46342c89ef0f8e42121c781,False
b18c4afe1f0245f988c3aff793d7bdb9,False
8359f65f452b47f99556f5ffdce03443,False
1c3f456fc9374e9889393b94e9c52618,False
8ebb30624c6942e1ab0a07095769c9a8,False
428663d02e8b490b854c5198f271ab8d,True
d83588734683459db3215efe565707d9,False
758d7cfcacf743839f3c2eefefc73aca,False
051efb0d90ef410c9af61a704ade6fa3,False
ae0f8fd80ab34558acc8cf45161653ff,True
cf911f9045a24701a54e3e2c9ec54548,False
3f1aadb9ef9f4c7c9d040a4e3c4ed27d,False
dc1e70c41dd24604bf5ba412c9631477,False
a92bb734ec0d4a3894a2e1c01d00ce18,False
0dafc098c29348c7b43b9f81bd68b6bf,True
abb18d6debd94af0b1256137b459527b,False
e0fae007bb6749259a7d9f360d4aa5d0,False
ff60b878ba2d45199ac06588b0cda3da,False
96cdbf0214864d48ad7d83c7b4c91315,False
302f5f93dae945498599f1c8ba204c58,False
ed4498ddbaa94406adc23378d8b8ba7b,False
54c292b1ab00413a82576ef446a1c3a8,False
aade3b5e1570413b9b58250444845901,True
d8224106d88a40fcbe968bfc9b5ce8e5,False
315f080647af4ea9954d1692c7505e8b,False
2b6f58f2299642a593cca4b2772a2fef,True
2ef1fc7654da4656a275defb5c8c7124,False
abdf02b0d4f542a5842ee5d9343a35dd,True
6512112899c149028eec79758f4c7a48,False
4945aa3307f94c329f29669ce01e57d3,True
27c7212d9cc4491abab753714a33bb52,False
8463bf05e96049f1a62f1dd3abf90727,False
10bbdde5faa1483fb0927090524e7306,False
e062b3f9acae40a694a19fc715461658,False
11e6da92d88d4e2c9113d0a87e17bc01,True
4c4f9aba8ec6430e8374b88484d83517,True
4c275d79de9a4c7d82c4fee288f7ad9c,False
fef22f3fb2e44ae9bad5fa1c304c0ade,True
ed2f632eba294a4d991301cadd38cf10,True
2dcdfc4345ed4c8ab82f5a4e5c204398,True
497c492985664da0af0ab265048efc8e,False
a4dd8f686bec4b128f9a02c65cb877ce,False
ebd0fec0cf054210966d5a4b8b2d1547,False
5078ff7aec4d4827a96cdcccf3063716,False
30a80c406c7e49b8b459a734deeb7718,True
0b0e97c1679c4dd3b95b94b72eb9f592,False
d9c80614be9246f59bee0989f3c1c6fc,False
4fa79998dfb34dbaba6fa6f18a323d7b,False
8ce366a0598243e7bcdf4c4c460eac14,False
dfb8bcaed78f4a28979158329e4dbc13,False
c28cf11524de4349a45a6c24030199b8,False
346f973fa77d4a6fb488464a5b7db9eb,False
3867bff76cce440fad09aabd05d7faff,True
0e3ecc0bb3104c14b6ce73c7f5826297,False
435cc4f5368c48069c3bb2330cb88105,False
51ed746be1bc40ba84d56011d09d94a6,False
83633e9612dc416c9aabd3897a234745,True
0f962eb957db412fb67cede603f2ef40,False
6c80f8b70620488ab06f834dd9bccd49,False
e8681812996f4497a4e63b1332d23448,False
d62e7d94236d488081d8f53d9675b623,False
6ef7687bda994f8cbc3e160ccfc804c1,False
835fa49301d349ec897675fcb4698144,False
2e7aede816ad4115afcec47991d42838,True
140387d37960432f88a9797381a3d1b8,False
708073f843844719a6d0d91c17eac246,False
ca69a20c9c4b4c2e9f2507a869459422,False
6fc55d2ac0804216b4cc0408ac1005e6,False
576a2d8b2c254aff8612caa007a3f14a,False
c2674b53ab2643b9869bd7ceee02436a,False
b4482480e5654d6c9eba6cf39d19b57b,False
5910edcadf134244995887a7590e276e,True
4ddfc4c6018f4c319b916d497abf605a,False
0c704f52fc024ad7860f6a02b6cf88c4,False
e0faa52652464130ba2d2c14c367e7e7,True
7807441aea234626a75ecec55f123f14,False
c96025a9cd8f4f0cb1e4f670e5d243b8,False
a26f00c5d5484753a226a5a770fddbb0,False
526371955bc240278418b1785d525761,False
0b39b9ff62a54730885f4c1c85b62bbc,False
0599d3bb0b6d49bcbc543e6c9ff4842c,False
d9d4b19a5df04ba484a09d32f53be79c,False
53dbf28e9cf94f2396591b1cbd8d48c3,False
57e0b09a7bef4062b550a3bac94418ac,False
c024a149938c44d4a57117c58c606927,True
c66de5c130bc48f19c0d8dff8b44e761,False
ca2ff29601f24ba795f780486255c91e,False
5ed6d1b8aa6b45319d517b372133a84d,False
41173956de0246968e23e0ee64cbe718,False
c1c9514d38c841579563aa192c6fe3d8,True
ecb27db6110449c0a314b54fc2a0967e,False
c0cd234b91c440c897d567bd8d6d053f,True
f32b728a0fbe496da1d4f8ba090ac766,False
a411f7d4b8af4e13b487c402c01a3363,False
787c0a3a86f94ea992b4a0319a16eef0,True
51e61db5a96c40e29f948c866f6137db,False
d1c7029bebc14fb59006524d53dc8569,False
4febaf9398da448f99841eaceb56a5ec,False
83cfdaae373e440fb1d7a1c670dfd540,False
df9d8d1346cb45ca976f6448b4c97518,False
a12f99ec58c84c8d9c925463168d88a7,False
9d51402a6a854cd3bf34849fefd5c563,True
ba7c81276b394e97b947d73a88812ce3,False
968e515fd33243f3890b413c5e8d6e85,False
1a2af594b6c54664b87a9c739c313b32,False
a9b85c6e25fb449fb595ba2596a09cd7,False
33e3c5c190614bbe8e4e91473dc3b920,True
84036040f59a4968bfabf066258b9b79,False
c12d7530287044b0b5b24e32a8fb6827,False
a8165b7c90434db2acd9bbfe0fe0c883,False
b5539d0a3ac549feb15fb1ea39e37544,False
e8da3f2d9e644c1cb1e04e6473b20ab4,False
583de7f1e84049489184ab38fbeefa59,False
09f13b3bbc7440868c2c83336c585949,False
77f149497a3f419bb2c928b5a995af35,True
f95deea7dcba43969ce5d9e15678abbf,False
ee554327fa134fa9b9e3d1b8d7b5d34d,True
a20bd039a3124fe2afbf1d517445ea8b,False
db1a1ab0381b41ba931ce2511d57bb07,False
8e7e232bf6f94a7caa43084a19140299,True
256ab606c5bc4a9092cd48bc626bd59d,False
f9399d546eff4dcc89620c58d855401e,False
ef9e1a0c6347495c9cf87f53c616b3d2,False
acb9481e1de84020bc72e1fdbe5cdae6,False
5406de75864440c8a835d7a3f2951b63,False
9566c097a32f4c8abfef743c7d89eb36,False
5ee8c2d6cffe46f2bd7ae26c0d4da239,False
e9bab6f9892a4f6ebd2de883f8ec1a2f,False
5033d29284464b70a50c183545bdf293,True
9aaf4dbb6e764f49a8108046186b7078,False
f426b0fb85004d0e89d396fdaeac99c4,False
d06d3395dce84df3a2548363464b5d02,False
ea24df66e0f9447e9f1be41aeff94fad,False
b7d163908a3e4ce7b278966d1c19c6a4,False
5bbdcd699a0448708354ee07d5563b60,False
5b249fdbf04642a3a04d32f98014781c,False
67d30a66752e4cdbbe362a06387f3d5e,False
5e447b82bb594a1c9260a48004adc9d4,False
e9c83a10b7644a5f819f520d468b0c2b,False
df8ce92eeeed4d1ab9caa8d1d2da9845,False
94513df2ffff4a02b32adabbd6100267,False
3074cac4e9a54bd092fc36818d38f4e7,False
79e680a2805346a7b40e5f056ad692be,True
8f79a36715c642bd80dda6f11a499d40,False
5cfb67ef416b4fb2924fa5ce663195db,True
27e8bd2cfc1c4e8aaff46f5c6db6614c,False
f4c7c9c4b225439b859818c45ae50b92,False
efa31ec57d304dbcba0ae65fa91c7ca7,False
7ebdeea31283489d888f61994b990fd6,True
e05ed9e01bd04c81872f5a0042813365,True
b21049b39ab74ce694365c79ba980aff,False
706840a0590443df8a75d48a92721df0,False
7181c0ae2c444547ab9e3e5d34c5f725,True
1fc1f92f44dd4ce7a653329d19484653,False
1ea1e549308f4d1699817da538e5f499,False
f2453a3446eb4b79917e9c26b67d83e0,False
90722564adcd4fd5ac368f3b23325789,False
d7d3a7f478874161a72281cf9e2addb6,False
c496c9e845444630995b3a09466ac1ba,True
aa30f9186b544bbdaa2213540d0cfbd2,False
3080e4171af24124a105fc04db9c44db,True
1ae6704948a34c9bab19bc85f867a947,False
81b8f944d85d4240a74b80e178084fa5,False
8b127634ebe2429ea7c55cbc2271f9c5,False
8218af3ce6724ecf93db884e703a179b,False
945f6d240533453aabf3d9a9473c2c70,True
2e8aae05afb84775bd6d31ebc611b3d8,False
5924381c97944ff59d0046366b8bd807,False
a2e09120a15d4d65b30ce2f2e8768d78,False
1f9d926eee3248c7a353326b27f32cca,True
389d11da611946ee9a16cb1960d1792b,False
cd9af0c3fde74d51b0c3538ab4a1e891,False
8f296285a2874d4c9535530f2716f500,False
25f7a52c7fd346c2944136ac62b09cbb,True
09b0931b400d4f0b8ff560836e6ae553,False
70e76094e46448239593e47227b6860a,False
a71b4f20872e40eb8e0a3f28daa998f3,False
4dd4939be7154d6f9626f621a3255c7d,True
d56b4fcd18654a74b799c86fc35f0389,False
6c70582ec05140748f565b99e87b3802,False
a3c1c76856f748c3a8829b809a7529e1,False
a257ac40c29d4d36a29d429fba1661fa,False
6747d7ba9cd04d199dbd3d89ed414245,False
d390a52abf8042eca5c432ade845ecf4,False
2f848795d7964b148dae5859c7e0af91,False
4c5e6b0824c6475aaa3152932b68fcbb,False
689c8ec0899243af974722a8a1413433,False
542b83c9098b4c43b0ad5a21c735b901,False
a1db2cb6c83e48efbe314a6d25b86867,True
498d75a4e0d343ef93bc3379a2adf933,False
bcfda93c02f242dcaed6d66d98fb96fb,False
a406e590fe8a499a8ae28a12c90bdf20,False
bc414e03d7f1462586c2a431668a2c82,True
78d67d1d45964775ae8be7bfeb92b68c,False
09607b99addf483faa33a86a019836dd,False
b52d3ed50bc54c849a749e2e366f256a,False
3c96b278155f49fa89db751608bbe494,False
c54121be33c74b669d810b506c184b0e,False
461a2d1f55b74d35950d9070485a5a39,False
b9b0e6f3e3ef4b058ddd3d5e9b46df2a,True
f5ad720fbdeb4c64951e83f2342d754d,False
1261d07d02ec4715a309a3f15392cbbb,False
82007e7f4b704606bb3687bc9bda6a1c,False
ef0bfdaafd4d49bcaf3ff37eb978fb31,False
1f3d0318968c499299de9016babafaef,False
02353d2458de4f619845ea1ca268645d,False
cde1bea8904647218fb2b4fde3dea30a,True
bc369ff47d5e47c18da54c0391e6fcdd,False
d7a0d2ebc98f4303888cfc12a5cb7378,False
fe87e9d272314bbc86b609b580f20775,True
c3426754e795415b9f43ccbcadf4c68a,False
3e0ff10076a5430982c4bbcbae0f5521,True
1de1c54a7e864aa3963f1ca4c5401d88,False
8e177f11a1664275bbb81907900f0338,True
b5e5c7da253343a485892c3868c6d491,False
362286734df04d7aa615ff61c1a4b838,False
43b2a1eb55694733a12ee98407964997,False
c25e6b4703824da7a9000d9814bcc960,True
7ceeec0df9f5475b923a356687c7129d,False
9bf64852f1784284b242c51689d0b5c7,False
2c9b529f8ef64c13bb373a55da465cd5,False
5fe14586e8374d288bb9e8e8f6e4fea7,False
6ba28970b78940b3a731bb0f494435f0,False
3a5167febfd743798d022000655a789a,False
c329df04f621476abe982742d9ebfda7,False
9cc68ee1fe004d25be014452f2740f91,False
41840d42200447f6bfedcfdbce6ad130,False
1368b005e6ae4db68f9cf6dbd9380c42,False
83e0c9e262a34c60944e99ee68c26da5,True
a5cd272081d74ff7b619a94a274c6c49,True
e87947ae708e40bfb23e71189bbef83c,False
53fbe067795b4f11bb83637c20d9eec5,False
82729c252eef4268b6e705bf1972d3c2,False
c276caabb97c47a2b3e7b2ccc7b501db,False
19284277b17d47f79e59641f84307811,False
83a1d7c734d64d8e8d8db0adc7b27ca1,False
a952e8dc6e9d4f5f834e08c82a844262,True
242365925561437e9f216425f3d5d1a6,False
91e61af64f744f5eb890560a357f0ab6,True
5daf8b71fb004ece8d0a57ee5dfc92ca,False
fcaac50df83e4c4c8c3de681781c0b84,False
39a3e226e27746b0a6038fc0e1d9c43c,True
8ad422d3a1974c439c15829b77008fdf,False
0d3da8f7f44b4f0d833507397e9bfd8f,False
f9c9c34a8eae42c9b526af790178abd2,True
c0ea58799e5543f9a2432c390648ebf6,False
cd52eb578b874012ba99885d07109bef,False
38d0093a28604779994e8adfae15d6aa,False
53ece37a1c8646a8b83ba953f6de86d1,False
cbc7973342af4500b03306f3576e467f,False
963cc0a7a4694efba47f8730d1c7e99e,False
701a80d61de641b19be58217ed82450a,False
b26330579b9c4aea905a03a654158e3d,False
d5d6bacfb8bd41bba448c95b8b183d7f,True
eee318f7fc264e5dbc7a84d498974519,True
e96869e0a9f04e3786077cd03b740d41,False
ff4d2e26df154c81a65b388c0cb6bde3,False
e7db002e1f91469d80474797cdd5d810,True
eec05d3706e1437d803f001dd935c6c4,True
7c8f0e0ea0ff4090a254cf58da3cf76d,False
65d43f71b60941c3ad18ecc04bfceccf,False
b15833867c2f4331a07d67a4aa44d2e8,False
c5f521ae65a44fea9f4444db63f740aa,False
1ce1869b24184cefa677aab3278b238f,False
0b25ce3592d84e6083bc60c6bd9cd015,True
32a0d8c9518b4a54ab6b7cc6cfafbda4,False
c7ad79a1d0b04e75a3a11d5d94598316,False
aa7eb0ae12264e5ea6545453f650e079,False
6fe23b6a52d64ee490af95260fd3261d,False
fcf4b1b00c104ca59cfdd7f0303710f0,True
77e230318e324ad893574272c7baaacd,False
2ac8d6270b0e41b0a128f30d8e21d833,True
4b9bc6a672714562ab495969fbf7c329,True
caedc3d1ea424fcc82e31315bb1e625a,False
74aa047729ca45c39967b0054c86eeef,False
9faf43042ca3483f8d47ace3acb24a7e,False
c5a2000023b943cb9b807fa5b8382e93,False
9628c635bed745a09281b07a010a0376,False
1892a5b1bdf648ffbf819dcc31f4c4ed,False
c2aae2ce4ef7431eac8565df7eb0200c,False
4e342684ae154ffa881eff5627ad4614,False
b9fd68dd3d46468d98b02000c7ccab15,False
7efe9e0821204bba8ed0c4b276f2ef1f,False
8a59815d23944a32975847a2e1a70fe0,False
f283fcb8222447eb91ef1cda36f73954,False
7a2009f52a6d4de8a99c2294e91d02d2,False
b75e4da2a2fe4cfab3903db41e92173f,False
0393055a1d204f4fbc226bdc0110782b,False
847d969eb93a44cbb909f9c284abba2f,False
421c27c1b4484947a3316326de5027bb,False
1970dc23eff049efa2634bd7746773aa,False
2495f324c6dc413abe0828076af758d1,True
4909b338520c4c9b9512f04329a2085f,False
57a005b2ca4b4c59b9e4d92c1755b760,False
75cb53f4ac2143a09d2fb81fbdf3e471,True
6effa7e6165d46ffa52601dd19e57c25,False
784c13b194cf4b49a2ecae62e7a037d1,True
c520104752544e189dfd942bfd4e7591,False
97d0e411fdae4ea7b9f08dca5debb25a,False
d7126000aa8d4862ae98a7262e323e94,False
cffe7a571b994a1e8810e67b81ae8b93,False
823f94a509614cac95f5e54cd77fc0ad,False
c4a69250d06942b9bd1747694b1e08fb,False
6e8f1fbdf9404ff9b66fb0a8dda93ae8,False
8709902a3b8d41f98fa9cfe07faf816a,False
1478add5811f4ed2b06cf9db96a829f3,True
9b665abe2a294dd5bb854864f267180e,False
289032fbeb7049388d5e5b82a70f41e1,True
8fce0d0ceb5642a4b66ec78d6b0f5b38,False
aff54442fdff4aed8d0c2fa9ad033d65,False
82c5024a4d0f4d8e8249eaea37e9353d,False
22a2a640943d412b81890dbdbcea080e,False
13c07f9789c543b99172efa4be7d1913,False
f5f05d279ad14eb4a3fd5db05375decc,False
042c01b8312e424fba29d41b7b5063d2,False
72afc5432cce439ba09d36fa38975446,False
fd56d5be6d9f4928bc822b6801674813,False
f0525d367ad142d0ab470c2318627a2e,False
2173bf08ddb54b98b4de49fcea308b38,False
8cc5de1549ac48f89abb6e69e85bdb9a,False
d55fea693d9f439e9636a2299c2f3338,True
d1d9d6a421eb400c9f2cd4d3c6ba1545,False
382bef78604d4b62a3912f58e9b2881d,False
983904af4ba44d0fb9f6b96153e1ae01,False
9878ff05e8c04f96b0cb2e5b5fad37b4,False
7b5061b78ca84f6ca0f097fe81ce4ca8,False
a3bdd8ee4b954cbca46831745666601d,False
d1fcd081c1f941f8980478ab57ad3cd6,False
4178aa0362d1482dbf710abd97df4aca,False
0c15b28da98b4d3cae2c7511074134df,False
da24ec0f0e0b463187f1d83b75565285,False
dd8003a7262a49eaae30fb0af07bf780,False
d03a873a8a5e4f40b3498bddf048e589,True
dc61eae6bf954c65a2fc90070990e3a2,False
b55ac83ce4d746d08d6619737e3ab8d8,False
58d7ac6d53d74b9fa4afd8b291fea1b0,False
9a860f11ecf14a419d79475a0d88f9ab,True
13cf9ec4630348b1b440a8b6b66c234c,False
7e46be80cfe944c6abfbbf9aa698ab8b,False
f880014fd6b84eb68672de041f972804,False
99264f45d11c493b9a3bb2222db3cb56,False
2daa741b488742a7a19b2360a46ea434,False
016a676079994451819c5af34163d6d2,False
252e02b032da4046b0e2cdff74c0bab2,False
2a454dddb10a4ae8ac9eb204bc79e000,False
9734597b3a7643379260ef31fbcb82a6,True
f5cd3c170f914f2ab8b773789e5afbfc,False
43d9c030b7b743a3ae90bee8887b4e12,False
2e5a2701581043a081644d912f97ab6c,False
a25a037c01ae4a0cb85d727ef54c18a0,False
349edc638a1d4e3795dae1e4581ec128,False
5b54cc4a3f0a4a55b80098482238e560,True
99a794ad4d67422eb26e28f62817d5ce,False
39891ec1667349a9beffdd7427844ef8,False
c8adf0d6980040ef8dc90ead39eb8bfd,False
da1a0d1a09474c719000b278818be630,False
20ffa21170334210a141acfb4a8de5a2,False
4c7f51c7fa834a878c47b24b9c6ef98a,False
56bc0780eb65487c9741ce8e6c00016f,False
4dd1769c6c4743e0b2e54c0d19dc66db,False
1de357b3ec644d45bf65de206a4edf92,False
f930298ce92344588c321899a6fa20dc,False
8e4cc26901e74911bf793e3ef943b731,False
69a38d5172f9476790b0e33ecdf046e3,False
ca62629e870140d68331ce7ea50476bd,False
83b1dde3ce6941fc9fa7cf0ff36d63b7,False
858238f056de4fc2b157dd6b1d78d172,False
4d35090a0c8543e790068b6a28c54888,False
0612d2dc66c343bb85f837b77fa42799,False
43013775fef64b409c5ca16e6b5b2c81,False
a34c191918b34c259badb64312b35750,False
acb94553882d4abfb31bac8362e52a70,False
493b9aa4bc3d49a5b6ff544a1cdeb38a,False
0e0d928cb6444194a398ba0b8bb6dca9,False
bb3345c7f2364308b4adb90bd375988a,False
d733302d10dc4f6bb6fec7e9ca1eb26e,False
192b7c0e5c224964be0ff5d554838bfe,False
f9fbc58d23134a33936508cd2d41b58c,True
c357a9738d1c4c46989f81952c480f6b,False
476155662de34db49f04806fb3b713ad,False
2b65c4abc87d4a66a0d52213e03dc37d,False
dea1f12e099d44009df6468d9cc98151,False
fe57e374a9fb4e3c8433764326adb3fc,False
2de56795760c43ee990059bcbde1dbfb,False
60a3848f7ce148d78bc52955618ac5e3,False
19c6179ea0e746aeaa7fbc12810efd1f,False
cf14279f1ca04ae186b93419c66156e7,False
b80be74ea7da41dba1bf0311571d2ce7,False
ad75b2df3c664daeac90c2027e5a5df1,True
ca0d7f649d9d4b46b450623fcfc42a7b,False
b6699fac355b4d4b92fbbe37e396f154,False
69efe047bef84ede83b75a45e8dc7cec,False
59a872b426a341ab85ff79eff3ff9ee9,False
7689ed77a01c4bf0a405445dd165a0b2,False
3ae916ea82744a76ac90cfc0d5c263ec,True
133f78823f1d42b392e3328a1c438c65,False
ec97b19e2e6b48afabc1bb136bfba08a,False
51247af503a0487fa351f3d2284114fd,False
54ebd294ea4d41139fa1f5bcf22fdda8,True
237e2bf7abed416b89af608fcb074129,False
e47c77f3f28d420f94e0a0997551190e,False
01d9dc0c0f3941b59782b0e372731847,False
1f3f2661636c4a6ab685178b0af229f9,True
c80adb4ebd5e4d909d49d9fdcd265209,False
6f2bb1877614439b80246685588318c5,True
dca72d81d8874869b43a8c6a40b049b8,False
bf32bf988e964c2cb77fd09118833229,False
a812481c1a294206ab942e4a2e9d8408,False
50514f67c2df47abbc5cb9c48d9d6d74,False
98dd4150615947aaa40f84bc712c0cc5,False
63635a640bff44a2902e164f1e0b619a,False
35667f5b2d3b41998bd2509441f232b6,False
96d82581c2844c0cbfc8e85ff946b7dd,False
b1c4c567492746f8be78f2ce230d6e14,False
7bd5a247edad44f0bd8c6aedb3b72d6a,True
7afbab71475540f99c05341e7279a939,False
b4cc6b45e4b742ad82d31eea1dc71edc,False
039875c2cc2e4cfe9993fc8cb21433cf,False
d8302fb686f04334b625bf3f2d764bf8,False
e34cbee842574fca922eef644aadbf7a,False
046d8154f8bd490da51de32fbc513278,False
4cb4c9e2a1e54582934638f08f762a13,False
52b5304b3d24469a93ace4c21f498014,False
188caac4014e4438989e633b0d0812dc,False
dc4de89f0f6141bf89dc3e073d069fa2,False
432a60bdbddc4a5c86718e3a9f852dfd,False
52c253e342c946e09fe579708f59951e,False
79063d592ed742778a48a1cf2c1a699a,False
729af09d3a1d4903820963ff914826ed,False
282ba7a04d9940069c4f8f5692444a51,False
5dbcc953a03a41e1b22aaa063445de3b,False
23c1590756544e76974d8c6381e9ee39,False
af5c4c35b5fd4c1aa7965ce4b118b461,False
94780d3a9ebd401aa40eccbb3ab81534,False
a5e1127ba34247979290190de25bcab2,False
f451cf7e6fce4b08a320f4dbfb131e2c,True
19b9563f17114bcca980b08d407c2b1e,False
13bce5eb343b4f25b426000f05a8679e,True
76d22f50369f478781383ea1c5f7928f,False
f67d09a5f0e944ab846b00b5ff580edc,False
14a7a42fe92b42b595b2b44a8d4b420c,False
d401a39e656c4cbd817db88f01ff1404,True
365868c7c75543b4b248a3110f30e69e,False
a4769554c58e4164bf6cd090d5dd7e4f,True
45264a12c03d4e0e973439332aa960c2,False
eeed72bfa581478b9a9ff53c8b9b62d3,True
6194e6a903d9462ca88b73bb3f0a08de,False
f79e1bbabc5a45b0bb3e65ed68506d34,False
1adbf71cef554f08836cb2b9687da37d,False
7c644753515f42f9806c8188a548feec,False
46c4b3bd49954d21b6248ee912fb84e2,False
b798f74b63ae4fff88bec8c42524bd14,True
8083956c8c0e407ba6b59feb7f709022,False
0fb23a885fb44965bb79f4a292adc525,False
f40d8e4f5ccf4011bfb7948b7cc03f8b,False
9f329ff5688947509fc0e3eff08c9177,False
4af3e69bca704af98fd358fd82aca09e,False
8fe996f9d08a45498296ea8a04ef1474,False
67e0b1d5ff824fa5b23daa3df04a77cc,True
6123358c6a964dee880174637251024c,True
9c66ac838fa046b3a8677c955fd9f735,False
1649bb70bb1b47bd9885f0bf4b51bb4b,True
b4a26a5f31d64105abef16be84c720a1,False
755f48ea5a7e429cae6d805fa1d03676,False
52a2bf05b5824367995873d5093d2731,False
4682471dca384e5ab25f0ff11642c083,True
77c5835eba9c4e2e825077d6755105a5,False
c7e2b47a50b84dea865586369685bea5,False
623dd35c659248cda4a1cf1fd862a3de,False
f2fce7d5d82b4819929388d73b84a313,False
0b8119741e764f97a5365b73af45cd6c,False
746437c8025e4efa87d9c487d4128603,False
34c55875a4b1471bb546fb9a714ba405,False
176ac7a061924ab1bab456df27d48ddd,True
fea6bfa6c41f498fb38b2e8abc96092b,False
443436cca406434a923ce6b67f7d1579,False
8dbeb8ac8d904f0b86a5e5689f878963,False
1c997e5837944089b27d793d0044933f,False
70ff8886d8444e8faaae1f1af2e4712c,False
65e513b0419248cab2f40ca65fc54706,False
2742a6779a224769a0b688288dcc9894,False
7e27c882e43b47dab32e9b8a2e5ca8a6,False
9cb40a48986744fd82f8365236cde5e0,True
8a82b35e66b041cda8949fe72e161fce,False
cc81459be7a14b80acba1e05e3d873c9,True
83239f3e1c924406ad7fe4d3454cee83,False
8cba13a468284fe2a2a9de6dd5dd2cc4,False
6dce075717b44147876cad0d238becf5,True
604f2816b9104d6897b36f467a644b40,False
2c6c61c378fb4660a53b9e683b7f99db,False
057ad9e020a845dd828b86a69dbe8518,True
908200e468da48e18e402a6e2c05bb36,True
c0d8cdfd03284afd9d6d4bff4844435d,False
b6ac281329d244a7952e54a65dba62f3,False
233aef5575e24e7695859cee80a753b0,False
beff574549e44c2cbcf46bc56b9c5630,False
8e406cac76e3404fb934880cee6fadc7,False
26bc91fca18e4da98570342987ff2189,False
aec57fb915fb4c16be05d98de6430ba8,True
836d19dfd9344ac3b27378d80345bbd9,False
55fe8c2aa82e4c95afed5a0bccae5c4e,False
c3d6936b245540b689449a910957ae0c,False
99c6a37508174520b56e5a19bcbcf253,False
ce47b3b6316e4cefa4d7b24b53c6ea9f,False
1a8fe19c5e1e4f47ae5d48f4d2ed7fe9,False
67b5a5c245404874873d197744ea28cf,False
10322d689a91435790a9e28c9c41db1a,False
f6a0d727608d43d98b3aa66c7c3c0cca,False
51ab33a772d54616b5154a9b9438cca5,False
5b6ce8f3f7d24d3096db6beb98546a27,True
90ad3db591e34e6b8afc2b328cffae94,False
1403433c1d00487daf0cbe0829d18dfb,True
bebe456880f3459abdf18d2c3a1618fe,False
c3e3e91c062742aa95a3c4461a7f940d,False
d5d063860ed24c32a4fc6141f94fe2ac,True
f6f6ae436eaa43e3bed75ccfd8465a6b,False
177926f3e1c340ed930df732c40c9374,False
30c3564a354f48bdbd4e3108e4640a8f,False
b190310bf2e5494f9a768e188e197518,False
69516dd955f4458a9a570f2c26373c30,False
dffea61bfa6a497099dff3f8fdce63fb,True
7bd66f724456486088ea64e62300dcff,False
a459e55946004244bd09bcbe16534b3f,False
8bf91a63dbff48cebbc3c58828f53516,False
a9e1b0c3953346a38e38d4b768b74b10,False
0e26193351a04331ac0f1d375f3eee57,False
59eecab1a4fd4dc19db9d8b2a83209c4,False
61e96a6fdca045b194a7327d22164990,False
bad51e26f09c4445a82d225207e45f23,False
538701373afd45979f3bdd6a18371518,False
68d391e9935b474f9099a7adc6316d93,False
38b00a44883846d1b335811240c20a52,False
1850a2b752f54743972a90d20207223c,False
13c194ce2f204c678e3d1fc179f10999,True
4bf4d2068e854211bf19885bbe9d1aa9,False
bf6a4c2bed864ce18731ad30b3e17c2a,False
5791a1f2a23240bdae9f408f8831c1b2,False
27f9d01b1b244af087c855c83ff0c5a2,False
088bd3cbab344ef29c610f25a2a4ffe2,False
88b5b823b5034693b28c85513a3a3a0d,False
af25f3ea7a9641d49c35061a74fe7572,False
cb48ad1a691641178ff5b185d2ddcf27,True
477c508ec6734c57b3df17b3e8d84ad9,False
f4fafc5c857b490a8d105eb1b3c521f1,False
d4241db5645f40368cfd90918e475eba,True
e3a4bfdc6f39473ebcf93007cfb839e3,False
d4829c3219a84988bf9d488e99e484e5,True
b8074071c02644e6a6dc496855047f7c,True
e49e026340a440938ca6f1abf99f70cb,False
9294d008c83d42f6b295d8a266294335,False
49850d3f56034379ac5df0d7d8fbc3ab,False
9f353583d7994c3e844805bdfd8793e3,False
d380defbd23646c7a3bbc46bd08d6dbf,False
1e8c8521386b49a3a8929327e81532e2,True
51b76ab287f541799d0278ce2eb2a03f,False
9b059969acae4b399aeaf4e9319596ca,True
37aae280540245508900297b5fc24232,True
ea68ba8e7cef476ba84078cfb080dc94,False
d997cd3eff5e4198902e726eb7ca5be8,False
1511832646df4276ba68ae4ebf261b07,False
2464deda2b234c6a81935f8c4d803f89,False
a4f1cdefcf654fbabbe622442992ac3c,False
6ae7e441d07b43f1b992d266e5e42ee0,False
4e5c38dc976f485c902c2e7bd1762e99,False
0aadea31480044c9801459be76e4ead6,False
a39905848b314b3db2ae0d62f076b113,False
de35f855479e4da38358fab02aa5fb7f,False
d93c8a6010b64256b567d17383765159,False
33bcc5d8b00b47179968a2cb8c486595,False
ee45a4f95d46447db67e02a19be8d0b9,False
f5df888f3a78479db0aca61c764f41e9,True
0d287da102a74961a39f8a4781ca78a1,False
522bfbe42ad84eb88ee3626e139e8508,False
a8aed86820af4e769feff52b873aedd3,True
8651b288a3974567a4813fbc5c81cb58,True
71dd21d879004a5aa12d3d68899a1f96,False
6425b029431643c1968b766e4e3ee7c5,True
769a29ba85314d178167b4bcdfd31538,False
fa7b163c75a04cd8929c095752208b9b,True
78d2f2c54ced4ea6988e44b518ae3c38,False
ba60510bc08d4cc38b2f8201b2a20111,False
188d3a2151b9400ebcc2fe06703c64ff,True
eb517f9efdaf41cdab8199066c9ff9e7,True
b0bd060974d2492ebe21477cb4dbf651,False
6723e2eac2aa4a78ba4311d729694e25,False
69335cf86a634c19a2a61a0ddd2a8a72,False
b38cfe243a5c401187fd117aa0879291,True
37a06f00f9da43f7b1870d3d90eb2a4d,True
4ff84a6129d74733a97714da07f6ef19,False
50c695c95eac49d88d82bc0c19218f5c,False
fe7398c4becb4c899090ed4fe3d68cdc,False
ed5a27aebeb949b5b363fda213217fe6,False
c066d5664d9f4382b1f38161379793ad,True
af36c40acaf841479e91ec82634df924,False
863436a67ba04b46882def1950465f3f,True
b5b34aeae87b46a2bc8c00848ad7915b,False
1cdfff9e54ae4c548e9b8e543404ffd3,False
e92da600fdc24894863ec450a264a1f1,False
8fb8540d68e0403697cec359ee4628b5,False
1478fda0cdc64cb6a3df47484914e751,False
471a71996ccb494d8f782cf283957d49,False
49f0759838ae4953a425062f5f527c0e,False
dc424daafb2e4dbe83b25fb1f2d13830,False
40d408c7b70643b2be6f24c2cebf4775,False
61bec2df9c7e4f1d95663c80f3917ccf,True
e1a9efcf22c14b3687debd19c58655a6,False
76d7e42e08fd4f779bbac486ae59b900,False
2ee8278d9ea24a1999f7438bcc5e8684,True
0926479357064984922ae8c5712a64b8,False
96edfcdab66a4b298f3356ad723dac6f,False
c40c2cca963c46b0bc88c892fa9b2f29,False
b3c909acfd304418bedd8482c0600903,False
de87c1977419439db466cfec123d8b04,False
48bef64d4a0f41988a33e268d558d2e3,False
ff9d1fcf7d884ce8a39e73a286c89a29,False
2169c6f2a3ee48a3b59cd9f2a8c742e6,False
6f19acb5832642a2b45fe70b09e4b4c3,False
2f131442638e4358b299f49976ca06e2,True
1a6ae25be6d84ea0a20da8bb09638753,False
f9b92f2e0f4e49a4948663ee22f4ee77,False
593af41e237f49ba817a24278d447eb6,False
74650881dee74af3836ecb535751dbf3,False
a475ec4007954d3d822ecaeed2dbc95c,True
be8a5cadf4ec4467a99b60439d807b02,False
3a3a2785ade44a37baa805786fac29cd,True
4611d932e9cc458b82a7208f911399a2,True
962e8d38f4ef416f97746b444f4f4a7f,False
c05b3572e33044e5ab071062430d9a46,False
404341ae55044201a480d685c2a1c5d9,False
9f26368faaf4454f9cb79b9bd154e036,False
c35d06ac08444f748c08ee4ae29b69be,False
a215cca608294259a0b2070e0582b5c4,False
563dc1cf891a455aa1de506362bc68e7,False
5832d17ea5f7469883dd333f88cdc032,False
e0d9aa7890bf41fa80c39e00ca1e313e,False
433cc7f181554b9daa49daa11057f4e4,False
fa3d1e7bc0104bb6b19b4fa3e38119a3,False
adc6d2103eb1422e8385c13b95ede5bb,False
e2d9b5aaee0f4565ab488ff7dd487d13,False
4a99d877ae32419e9d0897ab87980f5c,False
1ef85898717245f8b46a8d91c0051293,False
6113b52373fa4db79bab2c1f6ebef2df,True
59058365699944b79ee919cdc991bd67,False
ff66945ab13c45448dc4f599e9209976,False
52c71eab335949a0ae7584ad25eec191,False
12383fbfb1fe43eba6512de904185eb4,False
06e5bf76abe64dddab971214bcbdf7ce,True
dcce24eed0664bf891ffb71529b14545,False
224bae5101ec4166ab3157d7fea8a64e,False
42b65a7504124666a42afc48ab1b93a1,True
0a73c1cac89c421a9385ba8e787d0a04,False
3a05f0d85c114dc484104a5e8e577471,False
bc554bfa036444ceb0c6575d6daae2d0,False
7b7a28e8f73e4f5c8a12f736d45c5442,False
3b43ca6019014a7eb2ff5fec1da70638,False
2bde453812bb46afab5815e3ac7f1864,False
a55ae0d5f56c46be8eb9af83b820ae5c,True
e97675b7113344769802dcd39a716dd0,False
09e91586f1174a309e4772a55d5f9fe0,False
4e8d6401b4544c078224306d149076fc,False
70d02d16369d466c89fd9b9afa2aa155,False
d5c8e693f0d94726a427ea21044f1315,False
f478bcf7542d4c9c83e0eb2c1c0d5cad,False
219df8d8a85b424fb5308ac763ee126c,False
a5ad96f53ef6427c98ae460d041ef527,False
bad8eda615594e229e5476db7278261d,False
2530636c4635478bb7f38a33f1119556,False
e4d74d401c204fa7bd9b9c2a9bd5664c,False
2aae46157b0f4b0e9c1326d698cc5a6a,False
96169f69229e46f8938b21a72336982b,False
b1b282eba9224ec2a6354d0915600da3,False
5498d22cb8ac424583e329ad79104638,False
c6ed4dc3c9974d048de6ad81941d9770,False
271df00b5d5547959e637df5335a2dd6,False
11bb3bd762644c829134829a10980dd5,True
6ef3e1494f1e4ab4a1fe2fa43c5c950e,False
c49b70231a6e4ec9b67455353aade30d,False
31825a23da314e468a7a2025d11e9836,True
b721117d9dff499891ba206b2eda21b9,False
af82180d5a65485f80fee1b541f43413,False
8c750b741814412b912e6bb37f5125fc,False
3dc80e8982fd413b8ca7ca4e3bc8f00a,False
4723fe497bb9463d9630f42566bc23d7,False
dc71c2cc3c4c4b7d897c6dc825b48520,False
ac9d696256904babafc483575ae39e9b,False
0ee0cfb53be94a78a17a1b8dd3141bc4,False
d3ce4e4f695f469cbe4fa59afb527b47,False
35310ad509b149889f856dce9c5618b0,True
6ff4da4da4404dc791f21f9d2057917d,True
64fd728cb12e46589bebe2caf2daeb82,False
257c78dfde204587944d1f0e24df06bf,False
2cd721a4e0a7442686ddb607ead0add1,True
b4c2066bd3d342069f6fe07956dc373e,False
ea43095798b646048e3c39210cf8d100,False
717bde348c784a7eb9423b8c76e87449,False
a93219d40f0c4a829b620e6b177c216d,False
bbcdd98f65364a2887d6de04f467dd5f,False
22b081a0ff634ac392fcb23e71860768,False
1f2184b1476f42fda6f0e3a8b027aa11,False
ec1f77af5c604c1382ae68a1cf054d99,False
f440dd2d7fe94693b6d348824239f63f,False
fa143dd31ece43c885180357bb621e10,False
04d7e97dd38b4e1a908c65a15751578b,False
58f66d1960fa4158bb62fd3fe8a11bcb,True
5ba29522fa554b52a53529d0fa69dbca,False
32f303e8d4dc47b5a5f59b5b0972dc8c,True
90a90be48756456d8e7ac0e1bf09fe63,True
c19924b249e3457f8a09eaadb712d973,False
b85f5f27d72a4e9d8073f4005830dda4,False
1dd2f22699f742a4b127bb655e318776,False
e2f9c94f40984186bac51a875a85304a,True
415273583ad143f2aa19ccf2407e2b6c,False
5ccb33f8b12c4f918abb9e56a26069c0,False
422050e56fcb48b5989d98be787769aa,False
059a79ff8d9e45f6b09141ca41c87e7a,False
0f678d3e2b40402c9bb7175aa436cc49,False
3ff6a9a7554a414cbf7a142f604c84e7,False
208493484931416796684dfa229ff6fd,False
e4fbd033c84a4704b7f687074d7d2495,True
295a1af611d94197b3ceceff3ce22186,False
f7dcb22d2e004bc0966a8d1ed2c3b60b,False
87321bdb1fce49fd8e04679b656f7c02,False
1ed0217ddecb4e8c9baac1d45e3fb1ed,False
2e8afac0c06d47749537b8415f5af7fa,False
32199be44d53419eae5533095b43b81c,True
f9e813e476304b8c8ee662880df2e3ad,False
5079cc1e76bc43b087422e012e574191,False
2a2b497b4f80438c9e9ae88153072545,False
ac2393d3be314089ae4de37900ee119e,False
2718c917253941e2ae1199b09651b84c,False
9d979d766c9142a9a450e1f84ea5c2ac,False
0286fb75838148de87bbe35475baca65,False
8d3efe597e844355b552813dba2dc7b9,False
f51aaeac31a941b3bc770b5ed220e4a1,False
bc8400ecfbf745969ec693785da65cba,False
919bc2a3696f42699c2a3e0210c31e2e,True
c41956a2ac02408e9b35e1e744dc6af8,False
b69c210e61914203b3b73bf506b088c8,True
2c839ce6ffc24d4f8ca113b17448e9b2,False
a485ec8eff1c4d288d239df677164429,False
47602e2c45a6465e8846b323998a750d,False
f192e41eedd24973b6a4a0ede1efce12,False
3d8ebc29551d4b7085a8465370b4d81b,True
dc79e8e1d6c84282a55560ecc7e0eda5,False
b30108576d3c4b208fe829d4c74cf10c,False
2418a80611be4b9a88560b1fbc282b01,False
f0d0a8c4626847a5804a5319a4abfc58,False
1a360c14a7b74d7b81bec2c20df4f503,False
b4a273b1d46b432abcc1e1bd3faa97eb,False
c4f807f3220d416e9ecf581401aade40,False
8575da7d612545a7b797f38347981bd9,False
7fa50cef86714aae8fdb93d330486153,False
d5b4f615b56c491488c7ec898100df17,False
c106a69dc33649b6aa1292f4237a1d01,False
a21fb43005534ab88ae0d3f654c513e5,False
ba81bda704c64c6a97486e131dc3c4ee,False
3833766dfa144f388b595ad605c5397d,True
b409bb37301e4aa48f5c02d95243f630,False
d34e04b7d8fc47fb805805d6799f8e7d,False
93c0cd2af86d49c5a67a9e2b146fb92b,False
7bd79e1d397445f0adde2c7a5f7d6bbd,False
f70bd0274fd940a890d7686732029344,True
f48dbd1c166541c2a9bc90639872bec4,False
8223cc6e60274ad1a94302d1ea8acf76,True
ca53d7bfd0844c478c4c5ab2edd7f9f2,False
17f5f8b9901f483aa4be58080e4f2843,False
d20909f74168414fb1c2055779a2e45e,True
f27738eb311d4c308c0326b404ae4bb6,False
751723ba141143c5b68cb6c403161ba5,False
a672bb48f9c643b88cd4eeaabb25dc2b,False
bb1ec02ee23544ee9f5a3e1cbedc0519,False
1d617cbc87a64951aca51af260be7c89,False
f85520d03c46479b8632d5f9fb528fa7,False
3df1d9307f794224868abe2bc081e5fa,False
8deb51e166ad4002a436dba64e6f271b,True
eb21f346780c47ac979398755d767534,False
96c745da2ee34a669994ec2cee519760,True
3b499e8b33fa45dcb451dd6b2d69fe5c,False
792331fdf2af409b847752b77712acc4,False
97839fd54ba84085a9d6b8da5c85a97e,True
b7269f21ba59410184620662ad07a82c,False
dc2b960fe26946ed84573a1fd0d6b261,False
e7d9082d45e345519ee82e4b6ba18087,False
1dd1bcd1a3164bb5bdf4cd9ebe8e0924,False
2c700096339345f290222009037f3b10,False
c61afd314cfd4e6787dd380ceefa0588,False
b6897d9883fb4a2287b44c0c17739da5,True
a25f6069856e43b4b5239c7343eb44a2,False
fb9a101fe9d44771a5cb6fc2624567a7,False
694e68c9c0c6419586df112209e80e92,False
782eb5fc78a0477b9823b735ea38df16,True
58dfb4a165f64b119ebce7888ca01bd5,False
3e84c0249d2145958b4007d788a0cf8d,True
d46749bcec754b7b989992d075c155f7,True
c7c2e48009d04aac8d678eae637b0434,False
2417c953532f485c86f4826e7dec9ef3,True
e1d410b1c99747cd83a3021f49a71806,True
8dcf379d14524c50bc6fe595d67d5264,True
311558d5a1904ea298bc00166e80a40a,False
0b02d6f639b343ed944fd20f4f9863f3,False
0fb73f73d54d47f6a32f42d0f6100549,False
f92b16aadb684410bb882a6fc0b3a711,True
db91263ef93b4d138cefe5be41937cf0,False
c0235acc84b1485fbc1f3efadb76c506,False
10f168181a784f7bbf4d94d8e4519eaf,False
2b7bb530509241efb3aa79d86e70321a,False
304a9c85fc654b9a913b1042eba66f09,False
5b9d51b2845e4a2b95953ee77ef8f989,True
90f11b88e9aa4a07b2455a47ef2758aa,False
60809cd6b4fa4d27872e40b2b0262a22,True
43cd323f078b481099fa97faed2c5212,True
de79599cd75449c8ab7228584dc6de85,False
c1212a795885423ab16c22730e1afcf3,True
84f95b22857e4c1388374ecd9f4c373e,False
77301955e7844006ab8752c91c1e2471,False
98d2e8fe1b884d51bdbe98b3688f65ac,False
091ef1c9b5474d41a6fbe837290c8566,False
20a73ff8dae8496096223ef0f6f58ae1,True
fae8c013d95f422dae4977e1ba6c3229,False
7ebb88ced9d440738dc788f2e5245915,False
2fd4d3efa3e74bb3bd933711aa83ff3d,True
b4d6c97a7d184881a14f776a1df469fe,False
15d67ef637cf4f859ac300774a69e7a7,False
918238e7c0674df4ac20588a89b6bcb8,True
fdddc910287c43ef82a2639d943d4361,False
84538ea9d7dd46ed9f65a1b0f922bfec,False
cc65c0ff01af4359b5b028edac218dca,False
31e4ea78cada444c96149454ef18e9e9,False
36ecdd1e27e845e4ba8f91221fbc2555,False
7419d114f28944ebbc726fb84ed7f9df,False
01539f4c21384b18b5006e06aad6dccc,False
2a8d21d5c1ff465cb097663ca0de468c,True
652964aaf6e7416199f3d169f096aeab,False
d64b406e3977498b933aaae09528ad09,False
9c2178ac5e7d4c0bac9e2f29ec6268e8,True
d952d0ae722440fa9d9729fea5ca9471,False
72387d3da13e493f840c425754bb8d6e,False
fda8a46aa5c4415d9cd0121e9f41b420,False
9fd6ff442b8a4592936cea46743f118b,False
ae03dee81b564227a7f52f07c840793f,False
06cf0001947b48ebab0212a4f1c4f838,True
f84e6605ec214823a8b2bd7a25f856da,False
ddf36eaf518247bc8ed0d9c15ac5afa3,True
45a53a6f25fb4f339c3ee67f43c39c2c,False
846d17d5571146aa9ecb2e98b37c1753,False
5694d50883294b2a8764799c6d2feefb,False
9a8d95059ab743f2b96b4196a707ab4e,False
01058e6bc30340c19ffabded278876ee,False
8254d6e01ae745b1b713c438f9bf156e,False
30e09839187f4900ad1db46eb00f1d52,False
ba94f5906afd457496270eb597316fe5,True
9b6ff8499ec2495698d3f9ee83378fca,False
b399472e52e44281a9ff0d5a7db4a4de,True
5c65d3928a47433b8f8ce3ab13ff6815,True
ded94dae5b924210bf26df52c0d8cb18,False
3b5aba1a4f44481bb28d2db90ea80da2,False
be664107db184804a56fe45e277594f4,False
0f57d12bc9a64104bebc37f67f663427,True
189aea31991344de95310ba8e10cdabe,False
64f22b25c3a942ab967bd872c18c563a,False
47b179b2423e44829c9137ed2906d475,False
9ec4d3e635354aa49dab0cef7e6691f3,False
833861c853e84034a0755b64b1fefed8,False
edcbeef2fdc04feda48afffa0bc7dcc9,False
ac13b31d088a43b8b71f6c822b35306a,False
0769ac2c52504cef8677a5a31678ce2d,False
95a94c0d87d34e7f9958376d2a6d3c0a,False
311e96107c7f4929ad62d75ba65350d4,True
74a40292cdab40faae002ac577649dd4,False
8790faa4499c4a6283ab93aa1a9bb90b,False
e0098c9a82774ce8a5476329eb4429d7,False
8568acd9c1624123b88d6b667a8b054c,True
8f380811864a4dd48aebf25755bfdec9,False
710814c6da5847ba9053c4c7b0ecdf7a,False
483c09fa3c8b4920a3a797f5fecc32c1,True
5d6d6364ef6f4e73b9e2b26474d6eb88,False
0836ebd5e79e4690b246f9bf89d8d8d9,False
f3088d957ea74b9c8b26a57e519271b5,True
8c8b61d2973c43588c8cc99dfd854db4,True
8932e228694c4f2ab9c8035fb69f5543,False
b71104a820ef4be3939967b600b5c998,False
dbcca79485a049aeb83c54b27ebd6848,False
91dd8664ed2e4861a036ee1c08d2115e,False
21129abff4364d89a0cdb3c7de84ac08,True
53a82dab97d746da853d9a16891e0977,False
28fbf745d0b1433e9907294d6020b66b,False
9ce6e4de6e604f2ba61dacd3b931676a,False
d3f6170ca99042a1abee58031a4e7b59,False
942674847c1242ae8fc0da28dc680a47,False
ecbf0cae5df74dd5b8f6466c008b4e73,False
bf00881a0cdb40c49e2d9423c5a9611b,False
ccb32e0930164d799e152a3343e35b6e,False
37fe4c136ac64022bdfbe830c1f00a2a,False
fc2e792797e8403c94eaefbb5f64bc11,False
ad05c28a46cb4bed988622d9304cf397,False
54147f310d134f7eb83a52c0bd3326f9,True
04dd8a2c017244b9979ce55a4f4ba0e5,False
f9fb823980ba44209b57617c2770e614,True
890b66576c1c4b5a9e99b4f8c7f2b096,False
1750054eda174409ab3a0c6dd96d7e7e,True
044de589935e43b7b112057574885ee9,False
2a1d89c4c85945a890bcfa6233cf3793,False
dc4e3379179a443896ed8e6c4c5f762c,True
b37699dd8383440fab1e2e79f78ad3dc,True
b1cb99acfeeb4ba2ba4fc7bfb438422f,False
d6453ea5974d42a28d9aafd1339da8bf,True
921a7ed22597422ba5002c9c49278fcd,False
ad33e3fc75d94af0889d88c08e3be8f1,False
5c1dbf6cedf148e9b68385c9d6e26090,True
4213cb48954245ee848d8f0f5eaeaa61,True
9508f5f0b90843e981aa4138976304cf,False
79e87d32c3744fef8cdd36e3da44e729,False
f7db2eea4c604c1d99885443c1068479,False
63d9156fa84b49b485b8b23636ca08df,False
1c28e504cf6042bcbe0448f4accc71a0,False
177f1da8447344bca7e5c86ef9ed6346,False
b50ceee8c0724c1b8fcb15f203fe8a14,False
5435136cddb440daa29d2357185be2fc,False
cecf0ee77ea941b4b26b52c6d294453b,True
3fcd8fe4c76c43c586a1c334f198d3cd,False
1e5c7e75404d45349a4b9ec4bd263d4f,False
08736cbdc50a470d8f212dcadace952f,False
a0b56db6822f45589ce6afe11bc2fa02,False
23f0f20992ca4e6f9e412829d4df118b,False
d044314756fc47b48acd8475d2271e3c,False
43903ad1b54845f79be1385401705b17,False
1095b85e4ccc40b1969c42aac019a1a4,False
458073eb9f4543a5afd2c5b0b318bb0f,True
818867e3aad3410a9b909c9683619443,False
6943e4222d9449989fcfec6d67408b97,False
1d2811edd9744bb5b3289c07be445018,False
affbb3670ca742a1bb3b1900790a026a,False
4b4b0008c272482da78713ab064a1c71,False
58f9908f210c4a489cac4b276d0c762c,False
3ae65fbad30f4bbba0d62bbf1b65322b,False
ec74ff6144a9423e9114813b6b2def3e,False
ef313d0d85934dedba207585d6b5b0c0,False
996d070fabb74b83be295fd5a37f79ca,False
355263fdf6f24fa2a247bb193bee2b39,False
9b166a8ded474acbbbebd1d3dfb1987f,False
20f357a9bae44e42b866dd493ee40225,False
3a35d100ca324b668d99e90a3a36ab88,False
c6409fa3eafb41ad84bbc005bb85de8b,False
90fd5c897bd74081a14abc79a64a37c4,False
f84877ded48549c0a17f053b2c8b3af9,False
a106fc94ca6446f9a5cdbca9456ea2a4,False
60c7315b9ff5432b989d4195bdde08c2,False
53afe24823ff48468f7309bec9186479,True
c553253c80bb469ea178fb87bea7eefb,False
c638efbd8852440b99d1e5567325605e,False
28272c2fe4bc491abfa8753a985738c5,False
75c965755a804e9fb611aedfaba22d48,True
dfcbeca880b34718ae6d5b799dfad6b4,False
a856b2dce73044c9a42732e422e55a74,False
09e29129ccd74831be7b8c7f919eb73f,False
f14d5d99faef4691b6719de715a15935,False
0ae73b6e019648988b7451d944031fd3,False
6fde9efbecd140e1b52ed7e721f3d46c,True
adab8ef248884eb3958c3261c9dfde58,False
c5e611c387e94fd5bb450437c52a9791,True
58688a9c52c74381ba5849b9725c0aa2,False
030a42d678a242d49a6b92285d74353e,False
10b35de0e19846bfa7a3970a0e587568,False
3b4cc4eb649744eb9d9e790e41aa6b46,False
40b2763ce19b4ca19d9bf9f611c739fd,False
1f3c45f051b644f1b5cbcdfa5c80ac37,False
7a9cc05022b84342bc4c9505cf587d94,False
fc9c7f2bca444ee0982e678052032b97,False
e3ee1864c58249b1a8e257ae6a9ff151,True
3665180166784baaacad003e6f434a19,False
9f6b7038a709418fab3d58763d4afb00,False
91c2fe00f68e4a89944b323222f69a2b,False
b7c7d326014141859359d709b7f235a0,False
9870e053b2574910a87c71cebe20fdd7,True
feab6122dd46466e99677a73b093dcf9,False
c9009f16356844d18aa139d1bcf8bd55,False
540059454f8c4f4e8846801cac0d99b0,False
0c1abf0100e24c7da1388f5ed81c3f2e,True
f5ae0fbc9cf94752820ffefc456afc4e,False
2b6413cc065247d88019aa16f414f821,False
4e3083fce6ca4b49946dc597b43492a4,False
ec43237a9f1c461f811e4ae76766c69f,False
ef161f117dc8472b9c640652d003d903,False
7fe9bdd9226b4ea4be08f0aad1a5dc5f,False
5bbe07e71862484d9188c751701cbe12,False
24e672c7b65742dc9f48c0e378ba37af,True
da02f3f9aa1f474d888b85d41ac7317f,False
0ba846eb5e854208873d009d19f65b2a,True
9c5aacf2b2c54ad6bfb7d78000f8d383,False
b61cee796e8b42a1b427f829c7e26d3b,False
11afc0c030c44154a0f0b4d9159e7dfc,False
2a42c848da4c4cbc8928c783a5557b8b,False
4df389246b0c4e2fba9b7de2ad38e741,False
96025a9b92a64e0f8f60c5d8200f355f,False
177889a2c56847fd8223042c3b081167,False
0cabcd2407b8468aa04927b0ed3f1976,False
c2136909d7d8444991365a2156845197,False
ee2a3f41c5aa4650a87dd2c194046ac5,False
78cb1ca5339e4698a0b6c0e4ddee9d2e,False
5fa1e4f432524a61b22d1708717d5d9b,False
6de51c4ebb0347f8b0239c3eb99acdd1,False
37cb38d1d8a34874b08f6f84f60e2297,False
d02b40e4f47c40d991030c55f6ce92a4,False
0e961118b2804f45b4ce0f3273997ce4,False
1abb800d7f1f41e1a5197627fa7327e7,False
74e42f3431f64cf79bcedf9cd0380073,False
3510efe9bb1c4ca7a595cd2daa393d59,False
e57a611f92414b4ab7803a03a90b3242,True
2b3099e111ef4dc4af87d7a6922dd6e8,False
d680f4b436944b1385c8d7b0cc165e38,False
8020ebdd37c64086890786141c85f7c2,False
f88551ebc83e4460a4ea0c1db644fdd5,True
84684f62b6284f8193e89dcc69200a19,False
bec0e52c8c2f42fa9483cba097f6847a,False
98a9d7fc90f24980bda08251edfcada0,False
ce94d5c541a44b3daab244a10b0baee0,True
93c8f89e7b1e4c6fbdd40503334e7de3,False
ed9da484d250472bae67c8795d7a3f24,True
9fa7e6a7613d4123aad0fe342c7fd1dc,False
fd156a76eb764947a3a974c990231ef6,False
f6dfb0acc6f34ce489650b56b23e48f5,False
98c40587066047f79cb927a8cd46d4d2,False
76ff145a5ecc472d8e1bff556c08242a,False
06db94aa8e894dd2ae6f7a6ccde9c080,False
a366ce3610be4246985c9fb1a899c251,False
57101e9d76fc487caa1a1c0b3a240baa,False
aadbcaaeeb754344aea5142ead605dc0,False
933f9db952de413486db7887c41ce826,False
47c6dd0ec7bd45cda1df7c2e9809115c,False
665eacb3b9964618afeae95c12948170,False
e706e9a6b7b140a8aa589aae924b8088,False
20eae3201a7c4df78324634805a4fb6a,False
e1b7c6c8689a4ef395442cc7eb16b6eb,False
fcae7feaed124c97b11773d8805c23d4,False
129f0c34dbbb498a90680f4ab0840313,False
d02da6a34e83436e826b8faa919e669a,False
7692642d86fc4c8ead86f87bfdf14276,False
dd94549af12b42f9b4243a9aada2aff1,True
23686be9d61840ba8340bbcf7fd30045,False
33bb432363814aa5b425ce4cbc9cee15,False
6b3caf1d355d407d89a6e15f3984bfd3,False
8d4ba1b2c123476d8b5265d4baef1c80,False
a2c15ff4c0d94958a322cda2f62ad3d0,True
1a954d02de5e43d0ad046be9ea8a86b6,True
0300c6c38b9646cca71a78dee6651ff3,False
882284d34e9c4fb49a380d9a844349ed,False
a6e7097e4b154ffdb27b6fd8a68e0030,False
57ab137d2e2c4d14ae0469ee651c0016,False
78f343e805204995b4dda30c38599c27,False
c1a37e10f7684ac8bb26812928b5177c,False
bbd61ad78cbd4b248caabf4aa7f80f56,False
e02306556c144f21a3bd7ae02b579b41,False
50e3575fd1634e1c9f92ada7dcf6c858,False
0f94f9462a004b7eae45f8a655cd86ec,False
bd5ae6c721a94fc8b67a231b68c739a3,False
b5b16e399854430c8c6ed9e841099157,False
169be7d15d7b40c58fc159965f4251a8,False
10c005b57680435dbe46c35d4578cda6,False
f0272d4ad82444b4a882ba7b74d6cc64,False
2b6db8caf98a4634b9d75fd09aefc210,False
454c61103bb14696914006217c067b84,False
1955cc105eee42a09a9f26b0debf04e0,False
e8e7916898aa4263801fc3f3f5841c7c,False
8c22c38aab6740d790517cb526bf9123,False
c66da6f460644f5293da8d55fdbf52cf,False
eab0d93255f2495988358e97d4596cdb,False
413daadcd03c4cf0922d35a312bdce85,False
3c260ebaf599420697671aff66ff9906,True
6c031d3948b9462a949df544099d86b4,False
1df9b6e1c312411ca2e0cfd8ef165a5a,False
0e80aec93e9541efa14a175c251c6d0a,False
e550c8e93b524984b9cc0e15d3d0df9f,False
8db11f03071145ccb55753287061923f,False
66f59eab41c44902b76df2fb8d2158df,False
c5504aeac461476d965fe499990b4714,True
bfda96a486e64da0a27974e9e1b843c4,False
32825b40525543edbb4d49ddef2cdfec,True
1d6c197ec0794165a196351088aa6f72,True
5b80f377d5e741c9a351a71d07cb4003,False
12b6468c23c54a509157fb85a326482f,False
61abb1db980c4d7cbe88dcf2ab780646,True
00f72a8f47804c17ada343f25becb366,False
636837e627a84f109baf8a98b4afb5d7,False
efb59233a15a42dba66173c2f6b1bef5,False
3e66729bdce8490ab0c44a0b5715f306,True
b5d0306da0d84312adad78a6d09626a7,False
48a3ff1066fc492f964156ebabae768d,False
f062bfa4ad3d4bdc9f8d77b6a57d69fd,True
5d36ded9fa924609b440e9e46722fe6f,False
3689774359784ed19b6a1e5da9a32049,True
a4a5d05393bd49479e914f037d91ce61,False
5b3d1f3cdf824fdc99883ca0abe633b4,False
7151935d4d8445f8a94e39726d7cf916,False
84633d99d7a34027ab72621559495dfc,False
e139c153b1f743bca6dd56ac93663e38,False
ad80c9c106534766b156f3a841a8f907,False
560de1014b6648dc90a7aa35b072ab28,True
ccb47331ad4f4a96a210b76bdf009403,False
1f99d51734014611b6d3042a5ac3a23e,False
c418363733404b6cae55f582223ac365,False
617df868c0004c9bb49707de1990cf4e,True
1391359534bc4c97b369a48ce7750b6a,False
2461d86a336c40a99d327c91855a89f1,True
40125efe2eea4c7a8b9ba5b48631cc23,False
812a205fce2a492c8e5b76a56e0c1d73,False
3822ca95991d4773a4ecd0104aac58ca,False
e05dae8ea6ff4d1ea49a4895de276a2b,False
6c88ee1c5c8c4ff9999726f497a00098,False
9caf823b272b4effbd1455008b7dde32,False
0aec32a4825840738dbefc926210fcc0,True
bcf96adc08ec4190981895772580b5d0,False
de884a1262d74791819c1adde537f194,False
4467eb7584554abd9c9610fcfb7e383e,False
c579baaa0f1b447597ae27333209d0a8,True
e4b1d276c0304f5f96d567e9ad8fe453,True
ebf5a1352de54052a96960955d384133,False
b1711418ba0548328c52c8d046bb17a6,True
975e409e268c4caf8ac93712074f0784,False
c3c2afc8a3ed44d28bf6b77692eb1f0e,False
e81da7139b2b4c6fb44626d49adb3bf5,False
3cd222c183bb41d583fcb3e21e590b48,False
4919534cc3ab48aa81a11cb86b1c7aff,False
42a26c4fda854d4aa1b59cdf9cb41008,False
9a7e4ec239454b5c969aa129f41dd634,False
113939cf3f494db1a9ae1235be4638b2,False
32689b89c7bd4c50a10ff5fefc2475c2,False
fc801a25065041d39a12f772c1fb9bd2,False
af6ca51b833c4753a5d7450902aa6e7a,True
1562e212627c40288fd3e9133959575c,True
2eaf0184fcab414cb9acecb3135920a0,False
10f2d7d011a6425c92f810a45cc8fc7f,False
75c2adf3385e4280a592fd3a9ed2db93,False
b0f7826609f44ca0991e46cd62c6af2c,True
11ab030c5e3049cd90850e65fa08b057,False
e792daf319144a4099ebf120175621c3,False
8f82a65beabd46ed9a11b10ef4ab1390,False
e8755f0cb5984884af34b300bf3527c5,False
a6e0e7bff55447c2af0239727e90cf17,False
49611c35bd1e4851b602fd3bd0148212,False
2e4a1ebb746b47d19865794c7c492c92,False
6e356aefb9f748a08f6ea3da8421cb83,True
31f9c9ea41c74631809ff02febdd2748,False
4b3a594fa0ba44ec86b47b8bc3b97e09,False
653e10a7c8064de183429b5c26544d6d,True
6aca06febfaa46148b23ff4126d022a2,False
cf9cf0be0e6748949d7e31cd6cdcf4fb,False
9395b1a62172466baa9f7aaedf2876e9,False
988b5061f2dd4df5a0918f9d5d4b9c1d,False
e57ec6e0cd714fa9a626d1c03f88821a,False
deaf14040e7c4d28be60d3a0997cdafd,False
079dcdfaa4ef4a1a989c2c8c1a6a4ba7,True
27542898608945fc9948e5854d9f2f74,False
fb3648faa47141a98efbf8e514b030d7,False
5a305c8c22524bf881741380de3cccbd,False
d450be6f14cf441ab9bd18a7fc1655ce,False
457d6aa556e1448486b3bdb1203a1859,True
bf6003568fb647bd956587a873decfcc,False
0658fb0c1b4c4ba9983c481a237f5522,False
9481b4376a1d48e381324dcf8d4a21e9,False
b4ceb029cbf94ee5bd4a00bcf064d88c,False
15612bb4d02a452490df124b5c9545d7,False
f2b8dedc126c47229636576db22f7da7,False
b1880ae93a504a1f811cae6e811b0476,False
13081e5972d4462a8d7e4bde8bedbc6e,False
4e4435e9c394420ebbcb6b04aa5b127e,False
b9a920b8e67c45d69734c2255104b6cc,False
fa6d46f2f0b54b7788c9675abea50c37,False
0fbc78c24bb147cc9660e51507976813,True
08b2e683b027478ab2204af78f0199fa,True
a0f5653368454cd19a9be01a10129e14,True
f066e5fd82a449d79590623dd151e386,False
5f9089af60804a21b80ddb012980e769,False
96e90692dc204bb29994847e1e3e857f,False
603376a4fed0436f863ffbfc537a04d9,True
01f4d2d12d4d4d0b804c3126c9118fa1,False
032c72edeb9747a69b2a17d3d68178f6,False
9e487c74946e4a2ca22e09c1927659c8,False
a8afcbcd4b254cc6a71e2a4f65ae58b6,False
8b8b033725bc4620a31a1d59656430b2,True
8eddc8219374455e835393a0e8c6ee32,False
21b7edf6554a4fca9bb2104cac3fd157,False
3c88d0eeef9e4246a8fb5ad734e9b814,False
46842f4ea15c4f3e86ace5c0b8dd8165,False
ead6248ab6aa46dfa9eec80094d79f39,False
0f9d53912a084511994b02815830bd49,False
8db797bfaf3840fca1e53898271e91e1,True
f2d693d7e2fe4ac3b56a3e7a64e1e3d7,False
e7fe0b4fffb34e5ea0bba804ac2ad450,False
31eb8e37c2ad461b971af8bf7cca7582,False
653bdc7415ef44be8271eb5329202695,False
2d613df24b3c46249d3fcf27fe33fe39,False
e3e44606ee5f457586c9ddc28f66c2c7,True
7a027f03125c44dbbae3e9dc2a945365,False
8aac3e1b147f49f5a93f6f8db9592638,False
76e07a6baab64ef5962ff93c93c8928c,False
fbeb9ec23c7e4b7ea0d13d0920ba680a,False
ad1a9928644b4a3f9da2ae0dd1a8adb5,False
ca9ee51c431d4bbe8f1a25342f64a0c2,True
aefb6f6db4d04090a587699f45e62f0a,False
de5a249b5b9a4b48890d9dd02da4085e,False
2adeda24f37a42d19f415d5584ac8fcc,False
e52e0f58fb6741de97fce406d11ac345,False
a3b4206fefb84469b6beefaa311f9fbd,True
14aeb61a36cb456b9ade0930c2b0aeca,False
6ff223b8a8294f3aab02a8fdc49aa312,False
513a6535eeaa4f368d9ca23c4d0edbae,False
cdb28952cbda4e82961dd758696654de,False
b5387a0388cb49ada5fbc7009c005786,False
770c2a7412bb495cb472d9ba6771c75a,False
c22be2024155482aad583df98b6b02bd,True
3007e9267af0481eb05e68c4d7a71417,False
10ac2c053f304fdeb5045df35079eb77,False
217fd4bcb5494b13a46e920952f93406,True
3bceefba867a4ac8bc26ab3a7a68a48f,False
ca4397f972824df6844437073987ff85,True
da3d58c43fc94e74930150379002d770,False
597c5ee796e043a8982d8aad7492a276,False
8686d977358940ec8683c9d8f7940ca3,True
745b21dbecd84e16a58325ed181844b1,False
7aafdcfc3074496292eb5e8b68b7ca2f,True
6e72d520a5364f5891b4de13299f7ed5,False
eb10245c520c4495b4a1ecab615cc0cc,False
78784cb40e564471848e88cd5c90ebb6,False
7b3c2031f91b4a3f87b183861ff7a767,False
858511fbddfb44f7bf4865014879db5d,False
731fbc7cec6e4044abae0c778ebe6e95,False
7b4f6c71ed5546f2949dcbd97f7094b2,False
ef280ba424c94e5184d4a2943bf43778,False
3812de7a91fe4a3b81d72c2ef4dda160,False
922b831de41a4c2682d9dd9d7e2e7751,False
09267ac8b5344317a28c3ada6f2e742c,True
ebcedf2cc939496692ded7505fe8036e,True
c8f6fa08f1b8475ead20fb8ad7fbb930,False
03fb7bf1b0814e24bdf6e0ab31f3c888,False
c1e497ffeecd4a3ea5af9143aa4030a6,False
3c638f3659ab4958a95b4c6213664486,False
411a5061cb6a474a9426292cda932a26,False
8aa5ef8688cc459e951e82dfd4075a89,False
2289a2d5760b4ab08bd0dabc3929f1df,False
3b34ffb7cddb48d18e3057a277f0674b,False
55906b23ba2b4d14852aba1951340a53,False
8a62863a40f040b5a6ca45ffea446e15,False
a6e4043654974a238164ba7548517a68,False
1d367a5b182c4f65af67af8ab77e2c2e,False
8f42300708af4d19b7ccf9f0fea3ad60,False
a6e8220c289a44038bae33075a684055,False
c4e6d397d01f4158a015cecb3f70eb29,False
8f030970c1f64c178b1f0a2f7323c3e9,False
f04c1a111f584310afa0c451a0e4eb9f,False
2ae84ae1d4174f39a9f3c6b21a6e2114,False
70cb2f62286d41218d131e3900f7d260,False
5866f2bed9bb4cbba765f8be40a07dd7,False
01e40f20c28849f3b96a39ca1b71d46a,False
fcf3238e179248e8881d0c9aec2a0370,False
8d58db645b4045b6b8c4e87e1ed81ca3,False
99f00b02a1254d538d67d89e86efd9d6,False
87533395e0b34b9cabedce4f99b6de87,False
ddee71231c334c48bc18df00fbc019be,False
bc602e5bd7124e29bab37da3a53c2d12,False
726c91f8a3af472b93fbe8e1bd8a32ea,False
e56b71068c7b4a4b8df7883832db83ba,True
6ce071116cd34c0aa86016288cf73c93,True
4a13c1a2257f4da395457665b7f7d0f4,False
206eb56a30b54a69b4721b0d4fedf656,True
437b094031c04059b442c6d95e99ef94,False
0a445925f2074ca497ec9cf9a6e9c78a,True
be770e9659df494b9ead082f4621cf13,False
b210aae6faed4a45a03af5a0c8f0201b,False
e3bd3975bb5f4c63b1bdd37cbcd44998,False
d6b980a0040342d4b2014f3cf5bc8776,False
3ce8784213814174b068d99211dd8ef9,False
4c42a206f6f64b86845eae12146f6a15,False
e7f35f4689df4d9686e845f56aadefa4,False
5297fb6ab01841cc878a82d768df3084,False
2f525a898ad846eba40930270ccf4e1c,False
c2bd0516ebe74a819aed2e515fc5035c,True
d6d57d8fae6b46609d27824d685e1227,False
a7f2e85bf7984dd59f728ec8c7c9ac0c,True
21c8575060814c3a9fbc555af8692104,False
c642b255f50e434ba676a2f773a9e90e,False
d6a5693a8c4f4131abe8eaf21da80410,True
9c38534410ba4984a088269b0df263ac,False
fd47bf41f2594160b79af47e8c1453f9,True
0d78755bcc644f4695fe0142a909fd80,False
6072c20038724bdd92e996fba256ded5,False
fbe661b7a63f4ca49b15bb3ec5499afb,False
43357c15787144a4a22d168db7b0894f,False
3d532698bce849db831c985612fde19b,False
bf1a29a0771e484292ac1bab55aabc49,True
88e37c1f20db42cba2bc12f38fc83955,False
a5fd3a5216e34c17bb50f9b910c06777,True
f5a12c794876471daf370b9674ebaf0c,False
5c98398ba09c488c8a671027aeda4e79,False
3b6d7addab394b0e8cd864cd37506502,False
4869dd3550ea46528a73e867b502991f,False
e9550ca19ffa4a6ea1bcbafd320dd0e3,False
e7e1075dc0914f24b52d30d569ac7c8f,False
c6a971712eea4603a0efd3c30505adec,True
35a446177e5349a6bdebd2e5977da7a8,False
55adba8afe574678bb26b22bfb42113f,False
68e4f701ef7f4f9eaa6045f13e56f765,False
b3c1dd9acf2543219c5188c1bf601337,False
92163ea1c98641fc8a9b428531d3e223,False
87f4480af5844ffeb2a29399c7dc3029,False
518e5cf3602544459b34f608e1abd669,False
2fa07cbfd7864b0cb4a9608e915d2f08,True
1ef79b65d9de40ac9f259e700a812ae3,False
68299b184fa141259b096bb266099f7f,False
409d52b1cde9467884dd68da2c5fb6ea,False
e9a95d4809da4597b5922785904b1eba,True
6888b68b435b42569b8f2d1e2ab4dcad,False
7570b7efad6f40d1be757b252e4c9c9c,True
2f5c1bc805d14ae2a3c3c50826017a9b,False
c384f8aed3f349e5a0cebe2540b785a1,False
094b12cb888242c685a58a991f26dc69,False
4f775bef4303492ba0fb0a903a84c1d8,False
fd45af1aaa0744c3b069740d3036df46,False
808e4fffdd1e4f619c5b126c58b23c66,False
66ad22dcdeb44ba4a8301e9b8f327a21,False
9b58dcad0b2c4099884924723c5b26a9,False
6c2006860a8f4855b46a784a9282fc5f,False
eb4bcf699f254a6ea8f1de4a1f0ece0e,False
a637ca100cc3465fb95f4bd1c044fab8,False
66d791c4f1cd45759a6ca044ea4c22c5,False
798d6c53956d4d919260b581b56846d3,False
9bcbd8e95f0f4aaaacbf287f09f5cc46,False
3f11a414966c403c9181861870a39392,False
b294dd24e3ca46e195a931ecc349f55c,True
15b212f0f5fc47ada1858529bde07d7e,False
222a33a6627340b4bfa7613f5eee4679,True
1f49a592d27742f091213a7062945ca4,False
5811d207d6724d9683765d9f58e9f761,False
8e4564d6166343dca4e5ee8600cc9b9b,True
4b67609e55754dd887838d22f6a1dd30,True
2554368601e144c39c31238166f947d5,True
6bb149e661a34c9d9078c3a8346116d5,False
b20542c0c38a40a7b0965ccc7c80b4d9,False
8f3a4cf5376a4aa8a36faf5c065caf27,False
f32b189e5d91453a86bba06eefda0a52,False
63bf41a710424e819bedbf3b2f3b9cea,False
b872fcaa162e49c69e1b2171f571da68,False
73e5cec5dc9b4729819685951ac0a956,False
d0c4f1f52d3d4162b54aae846527aef1,True
a01c249352474726816d54a042648c05,False
e578008ccb754d2f82c4d2c370b3b074,False
4730c424f7d746758d7099d3057ea45c,False
238fda8c10514218964a4e96ff92cf6f,False
074ac1e6e2c1452eb6d56f2c9021f63c,False
b37ba239a71141b4b3beb187bd3feb33,False
83e30ccc9b4c43fdaebcf6618d44bbd4,False
4646af896e194a16bddc0eb4d16ce313,False
007cc0bfd8f847c19d3e9ed4aa33966f,False
1a61cddc916e44a5b3e09f83ea66bc07,False
71d810bf2f254a9e8e780b4f7f10d5d5,False
1d8be801f7a4461197630da04f662bc5,False
42e307d332574837bd9522a5b40c1aba,False
f57e6ea9535044e48775c760beebecf7,False
817de37b47804caba38d390eff8ec53b,False
2e48945a9e974addba83fb548e6cb3d6,False
cc1a6cb5f3624db9a72d2c566c69c0ca,False
8670c44ce17f43159705f199055997dd,False
c9a2b86886eb4b979d798142510f8d8c,False
5416e89510c04da780ed803fb36f000b,False
562c4db4aa63409bb5afde7ad88f4294,False
a333b614f3ec4e0bba3cf318af096ff4,False
48bba7f6052c4c4fb7cbdf75671d5890,False
665198359eaa4c51b2e503688064c5ed,False
8dc93613ace041f38b0edc8224ece27f,False
0a055cf187b843bca955300dccd81b36,False
8ba94fbcaa7849ed9cc51babaf9152b1,False
ac99032af1a444b588ba3e61ad57018c,False
eaa148612fb74fccbda146b1c5d5040d,False
f6978938cf3e46be97c5752260c81bea,False
c46dcec7af06499bb876968bd57e241a,False
a75a6a4da7c543aa91001078c9090479,False
f82efa5864bd4b22b90930428f4f7e7b,False
019ed8e3752c40cc9968427cab5dbeff,False
ff85873cd0b247dc9d59e2a512b2fe1d,False
0371fec26e47492ab6e37095514b0aa7,False
4b516137d1534d8090d0fcbdf36b6a95,False
35f9116c197b49a38729886558234de9,True
a45481cfad59413b9a3f65d145b57546,False
7e3d5bffde3b4e1eb863655e27d9a1cc,True
992851c5a13646bbb7b1a01712223cfc,False
1521db34a0314faab025021ac25ef3fc,False
2b5714f519394d47a2ce095bb9628a5d,False
da82145ea2294a4b9541bc2c78025a14,False
e1acda49c45248d3a7009b326b6767f9,False
99a348eb905a40ac96046b7613b89e40,False
562882b6448448b28f646a3b1d98b7a2,False
22b5c6ec73d747da947dc4cd108e3f9f,False
662e5eabb885418a9344c1b2ef83e014,False
dadf7e4d556a4c0eb0d2ed55bc7b2999,False
f4c0a05df7fd4f35b74e1ab3eac06bf9,False
c64114187e3f4279ac090ab717968417,False
72c24985fdda49e5b7c2d16588d64c40,False
8f31f69ab31641969e7ba65247f241fe,False
1682521b8c9840c9a55ad8d802f4655d,False
361d6fc75da34ae5aad6d3d22419c2ab,False
3ba2c36ded17465da006e5d231035689,True
f41b7e0a80e64c78a4b0f190a0655aa4,False
41bc4b8c736345f6b024c359adf24d67,True
6cd747d992e84a9cb3ce404dfc0ca6c2,False
24b391a84b8040e9ac38c68147c0bd1e,False
f9802c48e62b4bbd927f27770a95fe34,True
5a9b2680f7cf4f30a13196587df48025,True
016c56e793324c9a8a24a296b45c8579,False
dded4d4e689c4f20b0861483d7ef9a5e,False
837a667596fb4764b5eae7183ac870ea,False
0ba8db1682714f80887768dad9799876,False
094b7ed85c624cc09e73068ce58e11de,False
24ab15d2596f49a881ad5ee1184f1ecc,False
b89cce9bf376426db3771c06cccb5643,False
556c657a39a94407a7a2bbd886dce82f,True
db06353efe4a4a53818bfc76e3dc08c4,False
d27ad754cc7f4daa9ca6226668e5ef47,False
0e4a1671639f43dfb7ae068a266f44bb,True
d870c6c8fb644e8186abc405a44562df,True
43b82a0dc0aa48ce9137d5d0fcdc6f5b,False
c7904fea95c14d158418c1a77852aec1,False
b569a81d38514f33a02eca0bf5050422,False
595869c9712e4b6fb8d1a2e4f4e6d45a,False
af19a82696be4272baf1fb5f56bd34d1,False
3aaea6a5df934622b2f7a27c697282f0,False
0eb36acb06ef4f2ba9d9fe81dd80f4d6,False
eca4614baadf44a6aa6ccc297bd3507f,True
a77c6cd840e849e3a29b29d2991d5b97,False
59dd0ad63832454cb5c5732f725cb8e2,False
6cf570fd0fca41378ef2796d0b3355ae,False
b571cfbde4fd4016bcf271300619f718,True
e4fdd08ead894d4081009ea07a9aaee7,False
7daf04c537464602885f648dc8bc6d58,False
22fd5a67f53d436393346a4b2eb0fe13,True
e46f5b5f37cc4e5fb60103d6d77f94d6,False
2f8cb0f78a564012871030676dbe41c8,False
c06db26c52a6424993dacdfcf4f39ecb,False
ff4567cea89a4d06810bc68e3c2a6fb4,False
ebc4eaa3cc7a4335a55b76741a594899,True
6bd0e40f590f4080b344fdd2a1642dbe,False
f18800da28044c86aee36ebc373ade41,False
579d5fed0074473181674db094dbe597,False
51f10a9ebb5947a69d08d3c09956757a,True
886f0afd79d74090b5370ca580c52c15,False
e92a1d5f7d754378b3828dd72548d740,False
1489a8d99d0b4815948dfdd2ee41c459,False
c804c3353b0b4e07897285e296b4c857,False
da76d4ce4ddd441882a0767b377d09bd,False
b305f4757d514bd9bd648f37cae31a9a,False
9d9c2f1033e04378ab1ed1c1aa5adf51,False
44e77c11611547d8b8d3943db54819d4,False
9f995cf5b51d46989309b541245ee1bd,True
96f41ad2341742f58e8455ce780f3fe1,False
7b2de69557be4366843db58b78338b0f,True
2d57c4bf4827480c8815ef4832ac2c58,True
da62e220d820429c8231a00e5083dd47,False
ec6798bc5eda41d6ae8616e367471639,False
b77a8e5f046a44a7a27fd26f37a24187,False
6cee03130f474567805a948a4b6bf0b2,False
50154fd8d199432683ef297024a0c23c,False
2dc91ce5336d4a5db3ce58ab7539f48b,True
72cad04d885c4e769ec0482894366cb0,False
278312e7f0fc4cbaab52a3b9469c033b,False
7d29bc8346c2434b8dbcdb2aa6cae44c,False
8115baf5d3ab49d7a8cfcc91283f393f,False
421ce4b993c74d67a94be180858eec07,False
2fbe6a7234c5499298695ab5d8728ed1,True
a84cc73b29894d0da8edbd88786a0846,False
a623ca44a223425b827a6d46fb646c00,True
4c9e90c4d09745afa2290e1908f888d9,False
d50f456858fe447792237262f3d30b5b,False
a6f6760feb7f45358aa64870b03ab34b,False
11ac7dabcdf54feb87528c4b977cb18d,False
5c2a20dc80c84dfba7067fdf8060d860,True
1a737ff2384a470997a8de687b84204e,True
2c1ac24cbaaf4fe28e8041f8700216d3,False
fe44747f961f49c789b70e5dda6c1936,False
f0d179eb6eed445193fe2a33d8247d3a,False
85f6e673b3d14dd987687f02001db004,False
ced7ea2481b247ee8e9caca052591289,False
c6fb227c9775400dbb7c37672d7ca725,False
0768ea948bb54e3b8223b0fad0ead5e0,False
150c1719f3c34e34968ec42ef6468bd2,True
cb2c8b52491a4470a6f387055fbecb53,False
8b289e10d95f41139d95fff62424b0a3,False
0b6b7646afe24631b9ffd0e90f5d3aae,False
e9ff0d71b4d0454984e881130990d2a5,False
c1a38e4ae26f4ba6864594cb76b75ffd,False
86d580a7a1a4491e937e2f90cce12295,False
864e6d68c2d8400a98bf0d71b5cfba7f,False
60359fab79d745a5bbd7ff1e28de3c01,False
4f0350941d054cad9d0d223c88e0cfab,False
93eb1f65886f4b98a2950a5f420e4a78,True
5ca7a99f9d994ce8a9c109b549708355,False
b817700c831744438cd1db451be091a4,False
6827fd27bb5f41dcaabf0abc7f1e4f42,True
17488da536024369bcd3244a4dd81c0e,False
1e2e89512ddf40f7a7297f024abb1d0f,False
705f2dc745864daaaf9a8d97d355d40e,False
c89e5ee7effc4244b81b098ead82f0aa,False
609b83c6951348b696a680dd4a846de7,False
2bc1bf1915524defaf3904b566820588,False
dc64fad3b34b48d99d98ee8e0cd563f3,False
36e17922ac48433bb19f4c5b1593d205,True
a258b735dff94e8c9f7c541ee7831810,True
cd405858fa2647dfaf38137a2d0a9cb6,False
ff7e35070e6140b1a55b4da90cc15730,False
4cb65968a596491aaf07e5dbb6bf03c4,False
281ea0dd5196435c964574b101d94979,False
fa3c9de97bd9478ca2e4990fec9926db,False
54d36d587c30449c87f280a97ba51b49,True
8f1379a517ca43f381da6b5f427463a9,False
097b49c1741f430d9a5250953e102168,False
3a9e1776a41f4b3db75fe09929cc7975,False
213f847b613e435fb8e0dae59a1f2425,True
de26e264a4194705b32bb7393f048e17,False
df5e3e846af44d2693f2d98c6fc394b1,False
0c7d04cdc1394bd69f89d95e38a3366f,False
1f69ae4c839045bca698fc53a72e8557,True
4b8f2dfb21a04cf684dc7ad4b6de4615,False
c547efa418934c44aafd2e0c1fd7763b,False
40e7b07c6c824de3a0845b7bd95df4d4,True
8d046dd6cbd74880a1b346170f9b914f,False
232c10555416469390fc665419eb5a95,False
5a173c8758f44b6b9ef96d8dd5b5b4f0,True
c08e38a3fd07454fb05853aabd90a2ff,False
60ab6dc0b2584dc5a7d60b0936aecca2,False
88455744d82c472aac22b0ed3f29ec28,False
a00bd3a5c7bf4f889e0e1a012bee1470,False
258de536866f41bbb3a938395fd5174c,False
e5ec18b1fae34eab89a99bddbdfc9f1e,True
5f0eb765447645888fa35819f3854757,False
11974e42bc284f3baf48809f319d6ed7,False
1c563905e90441a1ac36a5d4c76291df,False
8489887f7bbd44d0bae79b9d5735d829,False
beb28d1adac4499a83ad57f914a2ef42,False
f40cb4e34e4147f8920822bc14fc9610,False
7ea74eff56854ae58125bea356c98236,True
c26e7c8d5d284271ac5614cdb64ade25,False
776a8eccf80f47149f15e401e1e4cdd1,False
f9e6dad4f7904cb1a755454815ec6821,False
95e30551b02c46dfad14ab7066ea5e50,False
098873e783094dcebe05d6b92f0ed1f4,False
48061a9dea264d29bdb8d76af1448dd7,False
aae015cfd8e3403ea437b44aef9cce21,False
a58732c4d7d748fbb9a3d124da88c6d3,True
44c140faffb04ff4b12f27e67151821c,False
2cd8239d0d0f487aae243d0afa25460a,False
17a23f8316cd42d3b522f2720f7c332a,False
3aa9c677e7e5410183cad1e5950a54e6,False
d32536c0c4164de0b989c01dc838fa65,False
b5c2b099c54f4c9c8da88e82a5f6ef62,True
9c02bb9ed7094fafba690d90e7cd3fac,False
435e1a04234647c295a943d9f88f6937,True
6034d88e8da14801a9b5077995343761,False
321db823ce66493ba7520fd4ca166dde,False
b9bd54d40ff84bd88473cca24611bf09,False
13c5aaee71034fd188ddd1865e2e6bc7,False
e482cf4fb0cb4876afecc25031f71bbd,True
edc4cc6de7e946288950f9f24852a6ee,False
19662253cdfc400d903dc78093883f3a,False
4a622a9de0b24e7687f35c81ce8ce9f8,False
4034875f13e545d6a8b39c685a921c87,False
7a1f54dca2ea4ae2a5bc685ff54d89ba,False
b314697a1355482693f7dca251622c09,True
50838af4cb18412bb24de14820dccc2c,True
80ad55f091f8451aa5f65281021811c7,True
6f473a680f6747df9385910b7ed603c1,False
dbd7dcc3a74548d8a166cfb1f49764b9,False
9af3d7eb8b5b4bcc99e68e0870faa86e,False
456d546ed8c04c72b5a0adb80bbca41a,False
a8c462f1395849de8cf27de2225980ff,True
da10c804882e4b8eb07d5989832f35ee,False
e376a0f45fd84cd7a180ed3437c6a4ef,False
2bcee445b5994f698bde6da2f4ce1549,False
3ee4b16bf3cf47ae96d0ff6f2987a39c,False
2cfee697148049e39f01f01b1fc21278,False
2b1d507690a74e108005baea2b9d4767,False
585c8eee256d42cfbf478dc153be7702,False
6e2876c474194977adcdc47777a8170b,False
9dc247e8018247bcaf0913d4b301a6b3,True
a2a45e6025124646913e5e538a27f880,False
fbc352547e93443aa60180c7fd7dfbe6,False
e9c0cfffa9324d3894cd8397869610d4,False
cc378241c8a74a4b82c48c0b4e7c82bd,True
040dd7295234429c9c34fc0fd521cf82,False
37f92eca6e9b42eea863268c9641925c,False
5d92ded1a1874f52a1c588429701c13a,True
3827e7e6d51c446283ee383003a03026,False
7a506e43870944b4b06bdc382bf9a5e2,False
1cdce411640f4203aa6c6b9e6c0c4aaa,True
4266a61f90954da6bca93a3196143208,False
c4f2f934568c408b8b4556ac9249d5fd,False
37c900a6aa8e466383e3bf3fd5125b1d,False
0ef7659c440a4bd6819f20c6d010948d,True
3a653755f087456e80f6ece51535a35d,False
a5c5d748b44a4f72abe6af6cebe6fb95,False
1d6e5667fc5840d9ac219e57993c8433,True
d03c7e287a954c2cad3422ae5d08c33b,False
0d9b422ad5ed4b938b8f3a8c7839ef81,False
f521c30f83fe45b8ac1d3facbd32bc0a,False
c0e8040559094a7d8124d31d9d2eff7f,False
085492a254d84830878f010e9fc13465,False
0c03ae338a304eff800015236beff3ca,False
56da4a4321b3468880feacd78481e5fb,True
ddc0b6f947924eaeb94fa8ed5c1b48d6,False
ef6b1d71a013445db7df7077698fef84,False
fcb8e9de36a44f808e92203898e9c641,True
d4343b69ebbd4985b1ac8b18b36de73e,False
334ce68272de4884adf740ed6c7769be,False
e25f064296c54f2dbd1124226d91e330,False
373a9c81f2e64ab5a0da7d0108db9ad2,False
62c95833b79d4d29b02cf51c74ea4548,False
7121ab9218864caf8c4145b2ebe00fd9,True
74266482fac54d8f8d13da715ff6a02c,False
665a94ab29f64d02926a9e4d6fe3f44b,False
1e157fefcf204319b21819c7886d8a84,False
a7ec036237ed4966999fc9a7cfff6c7b,False
5fb4ce4c8f9c48b58da98681edfb0fe8,False
e9afd6403c1b465a9de01b4c39ddde43,True
159a0268c5d748caade261b791952600,False
7a62e17d60ad4f54b58fa3e62d7a7610,False
3757d67aeb0b4992bff16d3059444d04,False
6e2997e1e4174a64ab2ea00add6a420d,False
3685246d5dae4a6985b0869fb70cc204,False
116eda6f197e4dee8a4f9d911abfcced,True
006d5132878c40e3bc5cd3ff6533381b,False
5982127522684bb99e71a2349fe10520,False
f57f5896662b4facb2ac7c8e59147ac5,False
38903466284a4603bd1c7ba6bb914a97,False
9273dd1464a84aae8a04dfd45e94b466,False
23e60c73f0f946d99b68db16a6cdf8a5,False
08314542094246fda695019ef00d6ab9,False
a799c032a1aa4efba776763c05d57d5e,False
e77e55c8bf414887b6d2da096a05c49a,False
53f419905c0d47bf8d3660494fb9dbb2,False
83e5ca2d67e54d8295a95fdfd8a08cf2,False
ae32becf6fe340b19f1e83cee7da073b,False
6d7a6023e3ba4956af364e7fecce918c,False
ee81cb4e8501429fba71413bd55bbc73,False
64f5639b103e46f1ab79339f966eac85,False
1df592468df1403aaf85ea4172c7cc60,False
090d8bfdfcfd4c18b484d95a7e17433e,False
9eb114047c1642f4a6fff441c8137a72,False
5de4b808487e4c1cbf110d7e671c06a1,False
c0178f282b7d4b90848b3af6cc56daf3,False
b2ee9f38abd24d9eae849d3a6f27b65e,True
65947152782f4564b6d947fc3c7ceb01,True
c07231579b9444a6aeced610592da86f,False
8225ea07c3514c1db066498d4c01670c,False
70f4851c86f1447ea25785c3d62271fa,False
922f7d73a91849a88780e53de1363b6c,False
a58318da9bb644e59d3335fd7c22ae4a,False
5c83c9b3c0104f7a955bdf96ed24b5f7,False
ce2912f81cbb41a19310b2fe2b4f8d4e,False
a2b3e302b94d4611b3c9351b3c6ba6ca,True
6d42dab2da7f43daad22a541515218c7,False
0618823aafbd49869106d27fef16ad55,False
1287f90b3e014830a28bc7479c4fc252,False
76af83b4a5c44490b16cd9d8e83bf0e4,False
215b6554f3ad46daa1d8b3e22f4c8d2c,False
979b6fb25ba64205950509379ef6b70a,False
85716440baee475e99c71f46980ee986,False
125e1e27d1494939bcca07555ad7673a,False
a2db5740aa0f4208960dd6a5156986a6,False
a9ca2920abe14970a0d0813809add204,False
5dea8724b2a641aaa355ce8b8ed7cfad,False
d3477ca6efe5441c87cbec2982957bb6,False
47154861154b4d1296c7664f989a9a6d,True
c643641583b04a7ea2446bf6cb9f10cc,False
053c0846aa2442d6bc87fa7be6323faf,False
32bd65d132e049c5aa881c64f41bf62b,True
b3e64f9bacc940a2afc4301e7c2a7444,False
6f08d50f549b4e8d8ca4e0be998b18a0,False
47e9ca0754964917a7e1259a6f622b47,False
2fb4c9edd07e4f18af29b187dcafde62,False
e90d4ccd96be4dd09a39f36f8a9adc9c,False
7ec4f82e3e754b89a3cabc4c0312e711,True
567139f10122429cba6d3c4b10d74b18,False
b2bea746b6b342398184a85038d985b3,False
d886c1103d9641909f0bedea873ca1d3,False
fc8ab81252614126b356b08ef7868d43,True
13c11bcbfebf452aa029dc572ff83307,False
b1eaf906a0314bb1bd0fc521244dba15,False
9b637c659af64da99e4221794f77cec2,True
eb06f7a1076a446e9b8b20c8182b189b,True
f44c9266355042b58adf4af5eebb5594,False
f16ea80e91cc412e8702ac600e5d5d7b,False
cb4a050c0ccc4104b9c1b008793caefc,False
cbeb64bd3a46441ab35582f1c40d0846,False
3994d4a05ce34387bf06da5d7ba47d96,True
545ad01a69c24115a2776503bbafcdd1,False
ae70b221b94d4db0a686062e64836014,False
6b405682d2b7449e9cdafc17a009da9f,False
0ee1db4173d24155b31f6ac6b7697f97,False
f829b344764e4e7094ff908ce100beac,False
2d5eb14e51684961811b8dffbc611a2c,False
3667e7b9835c4db29c73fe7d2dd6b877,False
450564fbccd649c2b455b6cc79b0e6ba,True
c58fc26a929f4a85ae369a6746a0082f,False
4d9f77447488489ca15177af93368020,False
94cf0a51c69047ccb238d8affa138bd5,False
cc9cff08a8af4b94b7291fcb25ebe652,True
76254304197b45db8b4909f93dd6f114,False
18a9e6299da24bbf9cdbcf087d5a2275,False
89c0ca7277234b8c91a742db0469bdbc,True
1df64f147b5a4f4b9d6c389c6cf3fbcb,False
4ed82329d40b474db79f411e19383d3c,False
9e243e3ca99a4f31b30b1843c4828eda,True
18c323ca1b03455fbc6363e26745c154,False
dcea773af91143d88a762355d104fedc,True
7f9cbfa643dc453e89574a8c73dc6134,False
3c89889c31f845279e9bd1928cdab303,False
3fe9f556599c49babbaf50a9edb85164,False
a3f3a8c178234540a94106a3614df5fe,False
29434ceca78a45ac82d02d73939e7cc4,False
12fb525b00da4e8e9c81fd64d8c843ec,False
d1f3ea7db0e0476895b2c9d868c811a9,False
34264e16650c42538b620669bc15b4d9,False
17d550046297455083b981eea035322d,False
f0e4744d11e14c80b6d99ce60f8b65e5,False
0323cdb917014beebf749f4ab078d2fa,False
6e3f80c031a1406c9bf9bef803a1f98f,False
d94a5862df8d42eb80ea2e7c62998ad4,False
e648df1559de468d955154c8d1f27d81,True
6ccc3cd367fa4e6ebc057465b4c1a55c,True
7cf59bd4f90c4843accbaaea741ec242,False
da2f41d5a4bf4d20aeb822a44aec9d9c,True
4aa9224b1c1d497680dc4c0b7633effc,False
a82eb648b4164a7fb8d9a4182a0e89b9,False
92a44c14686045d0b8585d24574cc1c3,False
64933af5979740748e27e2dc40ed4a75,False
ca4f8877b9604c2da492b9c1c1d15ffe,False
d3300eafa0f749bfa50dd9cab5703606,False
ee241133c98d465d883b5c8121e41cec,False
b322840cf1c24b168991d49f8793cbf2,False
727067ca0d7c46db89e62886d201aa12,False
d1c2ab54a89e4d2cb85fa57dacdd7a99,False
65188ced777c49848b33ea570d15ecbc,False
06c70aabe3544592bd19fa32eee2ec3d,False
292e51df964b4c63b0d7382b2c666756,True
6e58c166db514c00bc8bb5372c6bc989,True
03920a70ca944fbea3fd36e940335aae,False
e5ef18e145c54ad98b3411b71d4e68fa,False
8f89f8af06604cffa01ce4523646a2f6,False
44aea27f11dc4efea4498c3b43e6cfd5,False
8702ffd73a494d9d8ac98ce3834a262d,True
c60fb1cce0fd4330a94ad4a0a8bd9532,False
bfa5cd6322ec4741abbd9e597cd71b5c,False
ec194de2600e4acaa5597a94aa75038c,False
4e7a5a8d4c804470bb2a2a7fd8760404,False
86543c501c5a4438bc60cf3148f62347,False
bf88b677729d4035b3c597039d37c5b4,False
1a2b588a84734a5ab979bb96bf8c0219,False
db4bd6d857534449b752f676aede530c,False
294a9cb738db4d09ad35f82706e9c5b8,False
9e98d769a1af4006a4696f71659da20c,False
3ab9ec3205734ccf80edc49cca7c9e70,False
3a6584ea0d6548788c8129f448d63904,False
ab236423eb15466bae3d220742f8a55c,False
79914db8be444a439545c53c3d443d59,False
841f91eb4117426183f3e34e55c462da,True
ee9ba11d613b4bb397f051f2e8b54683,False
3db79d064a284d30bb3bba519618ba82,False
86da45f11e1745d890b5b7f15d29175d,False
7da66b9c169243e89173a74570e3228b,False
33e5b05c9d2442239f62bfcd66dc8969,True
d36f1082d7234158964719015637d7ba,False
125a1fa96d5243b5b04cf9b13b1f0804,True
f0544941b3e6455b834698f0fd567cc9,True
1014ed4ed1c3491ca2e197d7cfa47b64,True
8cee2bed9d5046a9900659cb75355315,False
61e56890017e41358aa07db4ad35edc6,False
4738cf88a3bf444b8a1ff7520ce87745,False
e24232ee2760446fbc198cf0be00c9fb,False
3a4bbfb605a04d1e9e7bad7e419f3dd9,False
c50094e210304d258bab3f49fff6f27b,True
dfea01fd470d4015815fa77d24966375,True
a86f91a1f8ab4579b28daa0a6ed0e4e9,False
9ae781fff77a4963a00603b689d15551,False
b6540fbe65f047218c26516d69f19561,False
61f71916e3484225b8ee6780572632fd,False
f3342be0895d4c98b55ab0cbc07dbd31,False
d6cd0c3fcbbc49a0a9427ccdce81992a,False
d596dbb699494313a15030f8a8f701ca,True
16a52899d596457ea89529b07577ec10,True
c183935106054c66bd23f96a6aec38de,False
07207800f6dc4cc2ac27ddb40a8399da,False
4688d2cbeab34172bae263e4995b5e02,False
04ebc4768d1643f5ab3fcfe547bc02c8,False
a1a801ba465243e2bc2716d185bdc851,False
d91dce99e42a4eed8388fe37e61c9cd4,False
2a9f926d466d4dbdbd29b6cd9194e92f,False
9c165b5efd97470c9f606207bbb64953,False
834a4323f8004a61aee417825893a6a5,False
2b3f039350964788aabaf8cf9a0212ba,False
ef6574d42fb645309f4444fd842496ef,False
c673604a2cc24d3e95eeebacf5d19f23,False
890c511110f844fc959be80ba062f2c1,False
7780576d26c34c1e8bc516ba562a3ea2,False
bb1b3984768a47acbb63222dcd64ccb8,False
72f67d7786e344938e180b4298a2f89e,False
f30c8c50daf34305bc00fb5902bf162f,False
ee1bc2691918479ba2723d9e1a358a79,False
5c881a78989c46498f32074494e29443,False
eeb3fcc6f00243cabf61b6884a0dbf81,False
54ed9614f1994c9186136f30e0104eb8,False
a4a4c774170e4b2597629b8a074fed0f,False
2628e60aada741e18c3271e59955fd0c,False
3a938ec8602d4e69b2ea085bad0208b9,False
9b4f304bdaf34328a933506af9faf4ec,False
11e32ca564eb4f879f9a1692391bd4fc,True
67c3e328c1794b07ae3cb288947fcc20,False
deacf95c60af4969bcf7dccbbce00823,False
bc6a08641eb64f469da4001d5afb2de4,False
78105306f5f04b528a77ad77262f5c25,False
7d8e590e02c8428a9ab98f52885bc4b5,True
2a6bf4f3d05c42f1b520c0355f90e34c,False
28e30c08c14b4ea8a079af9087115712,False
b2691f3bf482437584fa39954e0bcaee,False
32c0e74684794bfdb4507a5dac9df761,False
45189f9eeb3c42b98459666359e24cca,False
5de12a5e040949cc9b4f80b006e71c4f,True
78922330fa134843ba6e7c73eca04285,False
55e952fad10c4a4090d6f7df89785f0a,False
3a5fe273a4cd4e2e950d536705792daa,True
a94a37186480465295fe983d5837b829,False
e5dad728b8034b33bbcdcb39135429b0,False
ba8abe1116f54f3ab507cf0335d97ffd,False
fec76cc6bb0f4bacab7127e1155e101d,False
a7ffe10e207246f680006c0b594afce1,True
374ea74d03f8475d93cf896c6f1a398c,False
758e14740c6d43d6bf47ead7964fb049,False
c0523419d1f344ca99fd5a56f303fbd5,False
a2fe9cf464534b62bcdbaad7ba99bdc4,False
9dff9df21f1747edaba850ed7ff20ff3,False
f510a35e302e46ba87c603d3db4ab6fa,False
2beea85d2685429090d38fddd55dbe9b,False
63d7133cfda94fa4b178c0345cfdfcd3,False
99717b4c1cc4446989d8415a3340906d,False
67d60222d69643eab950b03a38af9729,False
8bd1fce505f44563993981fb9cbe0f18,True
612da847fbe943c591fe00db8a5dc9bd,False
b7baf6ecbf5b4d36b4e094fc0ca52106,False
392bd99441f64b7c89f5df8331790378,False
7c8f21e544374e0c927b9e043638bf2a,False
9faf1cb59e95441796ec47532a354b25,True
8dcf3384f89a426888895f11849105a9,True
1367d9d1495d4b92b660238660fb7adc,True
f328df137ff6403abfa6bbcfe7ddd4ab,False
947c7c738163406ab08fa308f7402781,True
0574d73feda64c928d53c809b11fe558,False
bfb13ade3e344763aabdbfe1abc100d9,False
aef41988e2b84cb0857e5df80de40326,False
5b2c89f391c24cf49432a9242de54823,False
a64da98dcc244df4ad3f4f2851ba6012,False
6664380aa6c14e148c3eb799387bd55c,False
1331417b958e4e7fbb35be2b282bde29,True
823159bdec5048cc9d9015e7d31f67d3,False
30b3085685e84f47b2915328c92a5715,False
2c57c1a8c3df433aa4363efe9df3204b,False
3eb9876032dc4515a172471b32cc9f9e,False
5cd07cf9fcb648edba524314d6f54ede,False
0715516891ca4520b0c465f793f27433,True
52044ab7d164493f8e8332ef90f5e1cc,False
8a342c53f4fb4d7fa2798c8bde98703f,True
8ada3ab82118435fab61a84c00e9f46a,True
87e0149993464fcd9470a7cbcb4d3cac,False
bf39f4f30bb042e49fee97ceeafe9051,False
12da93a29034404d9132f336a7e1f7d3,False
8b99e11e73724016b3769a8b6183d9d6,True
81aee3ce78274dcaa2b52c97c4316df5,False
c734873d21e84bbb8147f33bd51eb146,False
2c64141c0c7f4dadbb177f9a167a1d2a,True
27b99e2975ca42fca936c61ab3dc7e04,False
944f9b347960460092dc15e4a5739b2d,False
263d24f323274b50a3ad1c7439e7de8f,False
73fedd750aaa4fb6bd06f1e68c17fed4,False
886955341acf4049a3fc3988d8213eba,True
90c4cb06ba5747089914a625e55e1e60,False
d40a5088b03345b48453c75c3127c3eb,True
f95d923ec4664e128cec2f6194780f7f,False
e9f5c24bcca14ee59f11224d37b52f1a,True
5c07d15daa95455bb8051d31ba8f969c,False
1e903a7fd1314341b4b23bf12646892b,False
9e66c0605bbb4129b0bbb7428f9654c9,False
52e9e7eaa0594c39b460850d1fa3e609,True
9c17719809324fb693debe27dc6c4e2e,False
11cb7e5ca45540c592dffeb97fff6544,False
a4053fb4714e443c85f751d1895d0ee2,False
411e1d0e92f04011adb6a0618265c62f,False
d0944a8f036449d1a079cdc3eae73459,True
a64724c21ef24557aa679d619c8e19bd,False
b17bd3bf5d814b759eaa04759dabe483,False
7deb826c5ebe49d2ac3c52518c48ac8d,False
08021f2f719146b7bcb0f4182bf94da6,False
964a4317012e43f8852bf9cc87f00de1,False
b7ee2bc4609342f0a77883df90146440,False
f483bac1f01e460493cc0f6c202e0f8f,False
860c2888f2ef4d74a2b7a0b966dabbb8,False
8b8b82b266654063922f9d4c96646e0a,False
ac7b1cf066664d518fb4d1e9975d2ba0,False
9838386da2da4f4fb4e4d6a0f28ea8a4,False
50c370a992a441259def0322eb51a1e9,False
6e6c7c4138224e149f37e3d177f83a0a,True
233e720fec3541f5862ae06d8e818ec9,False
01a0bfb489264391ad56273c6135b1c6,False
ff226ad6f35144e1bd84e1a81cfdd305,False
d34f6310208b41f799c5318b8d979aba,False
60c61f98c8ba4b019f1879e983c97868,False
03d788e36bd04668978abeaa68d6141d,False
6378f6fe2db448e492e34a7260c1a5e5,True
e9f4998f43d646ecb77e75849af7add3,False
ddca102a4d964dfd8b25513c0475189b,False
3265698cdd424a57b6ebcb8a16186d5f,False
b2087b1931774cd6a95ee29850f644f7,True
69155662ef004b0f8e35a07a44915ca9,False
8167de0f00eb4189893255ae24465d51,True
0b02d19c646b4c4f98a3e5238ece3c61,False
21c8a69db26a45f1a3d854789862df83,False
e403cc52f8724b348aa29c073d8f2225,False
57c52463adca448f8763ccb07e32240d,False
90b27644a248464d985d4c758e0b8e97,False
70b0e8e35515441591d390eff382f205,False
575b2e775c6048b6bd607ca88b075af2,False
0202cb2bfc204285a890b779ab842574,True
8f7d0fdd6582454fa7ea53d18eb8d9c4,True
7ab65ef90f024077adc39df26e703d04,False
a6748101ce5a4aaebffd20584b391bde,False
27e958abada8467d947f02d4debd6b96,False
0f1f6f132cc749dc9095108cf54a8806,False
d9949bad8ccf412691afdeaf7913ec42,False
1252fa61f4824d05a78e64ef8a751135,False
247c7c5abf2e475ea2582fd6f8261cd9,False
cc98efa88f4b4ea588ba5c7404fce0ca,False
98c4b2e90ae1427ebcb7906de4b92ba7,False
61d449c9e5444280a3f1da1fae1588df,False
92bb4a5e7c934ba781e45ebd6ed662f0,False
51aa1dee2a5943b3a8049e0bfbcb7619,False
0871fd531c42403b9373b335530da680,False
bc38fa270c704b8090b7d13f48227c8c,False
0d7db23f30334dca8b3f797a51bd5604,False
9775e83020a74ace84d3e0fc1388cf23,True
eb13c1919b1c4c17996d90ae9e3853ba,False
311d915dc4d5491ebccd5dffbea057d5,False
dc2c374328bf466e896b500fd38bf559,False
faa0fb3d821a435b81fc1626fb9be347,True
76532125360e4f25b522c4a3e01044e2,False
85a16368d2134dbc8e2702d005635028,True
c49a054665e94b8aa6b5ded4871f9987,False
091ed8df75d04e9ba3f6482bfac1e391,False
590ba0ac9b0c43b5bb4f39611cfe96ee,False
1554a65a0f544bccbf2ef65309db0101,False
e9c4d3d5fb0f4bb79a25f0b8ec0d32a7,False
e3cd6cc159ca473985cb0b88d6a3fc86,False
d38e215dbcc74052abdaa82ae5965668,True
02907972dbf74400a40025e465a71a13,False
cdac7a12c5c24e8e8db7c428d9911237,False
9a0a7937a42b495a9c70332c36ffd132,False
4241102ff66040eb899eac8b086e2f32,False
e36c8580eaf046e5af7b8d7939968fea,False
acffdea241af4d4788a4fc24a59441da,False
6bdf0078e3374efa8873b0620707e84b,False
fe328495039d4ebfae1af35a4d514898,False
843d96a7f07148da9c677d6b74af8030,True
66ffdad9c914465484fb52731b461b2a,True
7b8691c86d734c86a45ce67676b732b7,False
74445b287edb4e9bbaa6c51d5a12181b,False
2cdd2bcef3a04069a23f2803f2ec9863,False
f69a94b5158b4535ac794ee25fa9f607,False
1c1c9a7bd4764331b17876c394da3161,False
de6d690237e94f83a1db472cfcaaf3f7,False
50d1d75b04a745608fd0fb8836f1183d,False
a9bca8b4bd5940ae838aa69804c7a147,False
7a3cb4df9e44451cbca8bc5a1eb028fa,False
fefbe0c3e6314e0784c43de0e9f69cc0,False
0f2e31a9ca5c48f1bd99a9c7d6831f89,False
94950dd3c3e04be7848fe48f6fa49925,False
9c3ddb2244d14e04be7eef8701ab4760,False
49c4bf57165d4dab835022150f84454c,False
f8eb05a9a71f4838a8c9e7bea45e14ae,False
012fcd31168e45239372e0fd45740b20,False
9e270ed7a51449898232d356383a5f27,False
ab63be012e50449bb6f50f2ae63b649b,False
2b2eda987a7946f889bfd25dec2a0051,False
6622c85d47ec427bbacaafc639fc4f2b,True
9bd22f1df335439c8f2324a54702865d,False
ad2d229be3fa42199ada18145e46e924,False
8358fe7340204adfb1bf5398e6f9c606,False
a3348cd467a74c29b6c64809a51740e9,False
efc5168a94ea4f788f9cb461c4bd0020,True
e9fe7e224aac49108ac8ac4402749d38,False
b88b25d373e44b5b9e3ecf51a3343a7e,False
ce53db3a39744e05a62273ad20e73006,False
9f82855e3c4e409285756d725e13e87c,False
1aab79fcd5914e9298bbde845789ffe6,True
23462313b4ae4de5973b9691606c35e4,False
2e9095e865ca410f8d7dca20641301b2,False
a1f23b8dad6d471d9da63dcdc217c506,True
9d4513f6a2bb4bd3bacb408ec2c9e46b,True
9eb4c35d6f2c40f59274f4854cd69347,False
3a25b609c0c943c9ae0f5e64bbf4cdb8,False
d58ed7d3ee5c4d8284722f63931187ad,False
766fece5de4c451b9473a1ef6191c865,False
9660bd50c5e046e9a24fd56aabe03e31,False
165d388006dd4fdabfc66400ba515b22,True
5cc7d002f4a3462597f9856d87729524,False
ec71e6c9bedc478786340240204290ae,False
745d89b6070a4abea2ca7a48989921d7,True
c2bf53b607564359ab144e788f408d18,False
e7cd8d39ec9647869250e9ad2417d32c,False
77f404a4536641ce97ed340926c3bd2e,False
983860796e274ccd9a68ff086050b044,False
3b4e246afbc74018b8de0b20cc536bcd,False
dea998c237584b38bc1e56ae97daf9ff,False
3c818a30a1c34adcadade0cdd702b308,False
b8248813e9f0453a923ba97c96e96f74,False
48b761be96b744da86663d8a5cbc9f6e,False
1be179c9975c4900ac5124f816b78e83,False
e6aa10ba66644f1682fe912c0b5bd8db,False
459e623b6540452788e77e4643a41800,False
789192ffef434e169c7b148e9bb2e3e5,True
4dadada8d0b34e1ca65227237bd9c3e0,False
a968685938af43bd86178931ce395299,False
9387c384e17b4211873dfa249f240404,False
4874b63517794913968a2f266ce3b916,False
f7bd5189f4ab48a6b4c4313ace89ec56,False
c2533bc781c247229099b3a27598434f,False
255acdc3be2d44e288face988e2b5ffa,False
211b19ae81394fe688acde9eebca7ccc,False
7169c52a7d2548b78fcce4343fc9e0e8,False
3468543f41594938990bad6f50181847,False
21d69b8c13a3429a8664fe085c7a8eb4,False
a5751fd74d52459c9f0268777ff12de2,True
8b77e02baf004c83a524939a1b416a67,False
2392501e591d47aca9d5ccee85bacc11,True
4c0ae16f8e0b40978f6a2bb5d0b5b09c,False
45c316b5461a46d0af4b808aeb9cdfc0,False
74589c62535b4fe098914e3f4afcf092,False
b3e2265e630c43e8a24fbcd5e699d03d,False
7d054b7f772b4c54897b1aadaaebbc1f,False
b6aa05eaffcf4d1d951f00a9d8e3d8df,False
cba0ad24119c40fd878a02893098b278,False
e6aec1a4e7df45dd96019359c796bf18,False
656536899b664eb5815306c455abde27,True
1327f3fa4332455d9ec73ab48c6c050a,False
fc2700aed67e4fb5956db5edc43ed547,False
2e598abaca1c4e86ba8eae60fb593199,True
69032d08ef1241c4bed0e45681d14e2a,False
a0b549c136a04cb38aaa9df9fd98f5d5,False
c04fe4267acc4029873a711b6b1b629a,False
fcf46df29c394e86abce5a96b081b688,False
1602a1aabaa345428ff48a15ea508dcd,False
056d2256d68345459cc92876bab2d8f4,False
2259dfd3a8b044dfb010cc2d85a47247,True
930bf39b720a4b1d97282cbab24ccdef,False
a8bc5580dab74d8494b18195d0d92f6c,False
112970f985d2469db2c906fffc1173a6,False
3a9c6da812f241018f476664ca529122,False
333c69f254f14604a92ec65860487b88,True
d6ff73df429a42269702b33b5d07e56e,False
0a614e708d3b4e60ad8ba3b492738d82,False
ea790be2913940fca0cca952bce5bcca,False
f035780aeeec410f9526fd44ce956128,False
2c0bb52e07994d42973325b7db2bed0a,True
0475a7f10d954d26937c03fcf6387fb9,True
2c944393bfa64e3a9361944d73033898,False
ac98a230a43745fb8b6abbd320067a51,False
70c0c5c97d2b4cc28c227953dba82d9d,False
27772020a93f45b2ba62d68a2ef69a7a,False
35d0ca8a2b5a45abaf168da3b83e9ba6,False
2038955d617a46d79af40e610cc7529d,False
be35b0667bfc4bc2b5aad40e83f14bdb,False
8edc75489b2e4ffa936ae353bfbd51af,False
d5b4330c21cc49c98fab161eea7ab4a5,True
7825d59fe18e4727a1a344618d46c27b,False
de96e383b19a4d0781a167a890af721c,True
3ce7652e3e544903a0b67cd9c8fe424a,True
6f8d29054fa14a76ba179e6809235bf7,False
89094f0de22c4f5c9616d620c6cbaa35,False
9c242a3b8b3942d5a7000f33020eba7a,False
b70c6c4f7afc4f3bb8da2eb65cbed7a8,False
42ed8687c9af4550a6e821adae768cce,False
d76764c70b094e70b9650119c73fe8fd,False
1b0e13ca69704b4488758e7b378433ff,False
35c338e2a1e841aa9600b6b0e1519d03,False
795c33efa8614d26ab1217ac4f9b0cea,False
50377689297b43ad9ba10833d6cb4862,False
20bf901fb5c04c55b1a3e87e93f21b63,False
b685de6f281041188b52da77200ea4c7,False
8fd1ec1caf3e40018f60f838648c2a40,False
14d5e2396ef645a094da406bd4a20daf,False
bb1b2db7bbb14b87aa3ff6c8ff1c974d,True
be09062e50d143ac983841373f2cf701,False
14ab0fe8b46f423f8f94faf2d820a87e,False
c0263735c925489e9f9d1b765e3cf9e4,False
1f500fbfad1f42cd9af94460129c54fb,False
1da7af433b9a4dc1b3ce23a289f2299e,False
e4b1554b214c402d83f7b4de1ea4aa93,False
058d6d018529457d8a63058c848e75ec,False
c2d364d473bd4ae08870063b30a43e48,False
b326f94cafdc48fe97ee7fe1f8950ffc,True
4b70c4c4315a424ab9e307c512b8d918,False
3e58ce3f75ad48cfaf9e48ed68c0b111,False
22fd0927a87741e1902a291feb962e04,False
d322bb307d0543048176b49157314f42,False
6dd7205e9aaf4356a04e3a698ec5b96a,False
943df67454a24eb2bd1c68a1ae9a497f,False
283677e26a0241fa9318dea50e10c11d,True
8e8f113064fb419cabe521bb741bfc9f,False
fc36c41e64914d88af7022a2c1d6b130,False
7b154748368e46278f57d720ef96ae90,False
bbdcfd90a2694c7b8e379944a2585f4b,False
98a2a2975223472e93890510d1ab0bc8,False
96145b96f4b44940bbc0a3613a0dfc36,False
717884e8eaa541f0aaf4a2982eba66de,False
eaf88da062a14a41ad06b0bec8c4b380,False
df537e46c4304f0081951ab76343b287,False
545d5aabe5d54390afbb353769e73e88,False
20527f8631ba4ea0b499b01ab20458b6,False
f44a57a963aa4c4f8785dc09985a29f1,False
80b3773bb4834dfc8f64165c7f217ff3,True
2f174b0319ac4a2eadf2a64f537a7360,False
6fc244aed1bc41608461d44dcbc899db,False
f464ed7125ed48679df1ba76c8c78688,False
460fa2c3fc414182928aef3ed694fdbe,False
db21ba71a3014ecb9cb3f064585bc9ea,False
45b8faaf46174ff885cc349e97e00d67,False
d676956e64714000a32fd184513f36af,False
fea52df598294dbbae03517eef571ebb,False
c60a54ed2b5f487cb4e2069ee9683628,False
a7b4a2d23d574ec49e3417953556f1b4,True
f9c72e6c3b5542b79fe0a49bc7cb3d4c,False
21f1b1fcad6849999654a446aa87684b,True
ec8f4513d2d5445c9384e1b813bf3bb9,False
40347432d78c4096adbad6f6a82c0194,False
d0a2043de1f94f0fa6184011aee08598,False
2ace5cd28f4040d6ba5323bd716c72f7,True
f5c8d40901974c42b343617c915c7019,False
a151e82e71a14481a1dd54df96a612ac,False
6c5fb5f81dad4ba9acde5718f411e561,True
cde14f7cd98842039c9c79b1c829c06b,False
c0ef3b12a05f41e1b4568031525b00c0,False
106b4e98ad134ef1a83fa475ec4ac31d,True
266b469cd2974084b75cd20b656b601d,True
377da7596fa54f78ae41fe0ab95c92f7,False
f9cdcede4fb549daa8727517c38e080c,False
e754a496268b4a9e9bcfc7c5859fb129,False
0c116c18a5b04d34ab8bcbd367730427,False
9953b34c4e744880adef6a70452374d7,False
0f3bbf2d33a143f0af618d1acb84c357,False
67e1dd19a78f405a9506bca2d95d5cd4,False
d62f451b0c2943e4aa9eb9ff671209fb,True
57bd780a90a84ad7935559f8af8c5ef4,False
1b0b3fc7e0c5451590c4029874532245,False
08d1f95294bd48a8a051b2b31012546d,False
fddad60c7a744b57a93f42f401f080c2,False
572b23c743e64def8d38aa96a4d40e76,False
fb1b7d19c1364372942331418003e1c1,False
e1e2c8f193284d959d59ad1acb5201a0,True
c9467414c778420799e17382a9f84d3a,False
7aeb63e56e854713b5b04aef2ad7b6aa,False
c0d083bbbed1485db8d8eabe8e5da891,True
c2a9069b0e464b0d9875f1ea9b666238,False
ac0810cf9aae47f09f9ac69f04e9f0b1,False
2b1b1cf9b41c410388989e737a0c9bbd,False
2af0f261955541dab8b24b25dbb466a9,False
c5b559863c14463c815a332dbbeb9437,False
418f0509542d47c5b570c6a2e39a63f9,False
46ac5f7b00074f3f9dbea2849811f70a,False
da617ccd0ec3480eaa258a6c9629ae25,False
d7c92f7d29b04094b158fff4f0f3936c,True
c4f27b094e91446c90068df5f25ee2ed,False
f80e97c022e74444b261c20ed749b712,False
af76b13d13264eb098f6b4b66b74412f,False
f5171b411a7a408eb75bef021247bc8a,False
992437f9703d4bafac0c5f95992485f5,False
dc7dbb9ae63f4bf7863b9c652167f0f4,True
e8b7776ca8a24a94bffe3f41ea009119,True
0350265479334387a6573d19b63edbbf,True
9ded4cf7ad344b2b889c0446097b208a,False
940d39a1a9634e72918fa4efb7a96d26,False
4be3a9b7b7d1445b9d776d9e3c182f3c,False
4d4d462a81534132a8c32982fcd696b8,False
a8bbac93f33b47a8a0b969fdf0d7d0af,False
3e8ecee39b4b403fa9947a834a494502,False
b4f626e788044d61a63ee3b66d965428,False
8a2470208fe34f499cb09c8863256a2a,False
ccb041ac83944c2c90ce542923a354ec,True
6440c8d8bec04236b5716e6997e802e4,True
7b6dd8d0c3064ae4855efa46f2865281,False
b09659ea85be4620b0e1b6f0adbe8d49,True
5a3080150afb4368a919c450ed43df0f,False
cffecdcab82d4564b52f4d6dc9243c98,True
8c3ab557b3954cadb791f6ed43600330,False
deb836c780ed48479269743bed45a3db,False
a26eb6c0440148eca787c761c95d0eaf,True
6cfc2920f5f04e9cba117d722bc4cf5c,False
2ad3cf09e1114dd08c184549094a3fc3,False
64407cf613184fe79e5c2582d085112d,False
27e4052de2dc4321a8a46925ad1db00b,False
7d66b2755e044fd3b046c1b05f043a1e,False
d9441086488e46caa92e9b9e8936a978,True
7ceecb0e2ab74204b8a8fc0129d191a1,False
0399b1dbc4b84336aa8ee8d1e7eb4305,False
84df90a4c4b7446191ea6a10158d8e40,False
730304d085624e9ebc49997147dafec9,True
136b99a003764be6a22c7018ed452480,False
6aac7a1e64fe49c7af5794320e5c0139,False
d5fb830c21da47d8a0cee067eb99883e,False
5ae4713d1f254c70b61927e82d8655e8,False
e73076fd5d314d468296206f7ed80f7b,False
91ccf4ace43047258a04c4d99ab0a9db,True
47aad0726e5a46c6957e80ca5c5b9a5c,False
59b91a9da6ea458f8c7138d40b28d8ad,False
bfba7bc46b5241faa0defb77ea9f097b,False
913714c7e7674365a53089fed410d616,False
00f7348b70af4ba58f9829dd9bfb3cfc,False
09b63057786946eb80a679538ce83eb2,True
c945a75b26d04e04bc76041a8ac2f616,False
9f043ed645d74f448ba43d1048a89fb6,False
d38b802b8b2e47f993fd129f0eb06b95,False
68dfe0fcf1bf4245afed78f1203a338b,True
aa3157302c194ba0a07f16ad9b9617a6,False
7468b54af66342299f2b3d5b82d72427,False
1625d97343fb474b9724336fdab432cc,False
c492a2d231d745ebbc8b49f222bc2a66,False
09b11d6f0d95466c906fb2dc611f2243,False
79cc3327b2f54683a93187bed7d6351d,False
61f3a6453cde4a3d9b4cc6cd44d09a88,True
a3ff166e178a4cc99f01cc94a03a65f1,False
b3f63297f7df490787b4cfa6535c9fe7,False
238adb93be174a10a8a69250eda359b7,False
5842b6eb99a6429d9d35d0100a34f653,False
533ad453ca5549cc9a2c56d067a82e77,False
a595486cc04d47d1beec48d426f94fe0,False
a7579f85385b4f0aba540cc93b90bd27,False
72066f48bc2a466d9bf728c0fac4bcfc,False
af9b81005723493baf8fcbb18aedf542,True
1abb165631a74867af2052ccb2236800,False
cafe596d67f1409e9bb19ed4f2f3963f,True
3f86a5c7a64c45d1a5c33881c3feaeb2,False
ef372ad7b9ee4d1aa63d7b56731f647e,False
9eb6fdb0deed402ea6a10108bc74f70d,False
7412d6fb61284e31bd7b77bcaad9bce0,True
92ab5fa857ce48ca9ab44775a588acb1,False
229f9bb65682463fb0cb7507f46d1b92,False
f3806d7c86734e24aad81d4ada9e6f02,False
f3bbda05ae924999868c55604842078b,True
26266d118fc44439b07a5d5c79a92c4f,False
c5e9211433b04667bfb5595f02439565,False
f49a6136ee714fd7a6ab153932dfe6fb,True
3a911e9078b14ac9a0332af6b6d610e7,False
4cc79425fb6e40f8a043f132320f78c7,False
721d06320104424f95e7dfac1bb9a70c,False
23243284f61643bc8b5d05e73f7aa139,False
a92855e06085465aac60c6556dedbc45,False
4e8b460eb3f5438dbbd69b41cd04bd6f,False
524f239810534e4c8b27ea14b062de99,False
357027a784d64227881ee0a299815749,False
3024c9ec5c3145f1b0e30ffbdfb0d196,False
d024a4737f254f24a6303ad327035963,False
90908a5f752f4705bacc3e7eb9aba815,False
5511bc2b7c7e4e8896ef1b2243339aac,False
58a08c1b54724fcaa6e225608d88178a,False
b9fbcb12448b4bfea81f3c088994a986,False
4ad8ff505ec7454aaec9a2733676ed12,False
21db6cd7356c403e8fa966216dafdd02,False
e8ccbf1171a74323b7808cd24d0b62b5,True
706f238938f14e5e82935bb4e15f9c0e,True
5e5c5bf912214a48920acd037d1da56b,False
ca789aaa426c409b9c2158d828d914f8,True
60bc10b3e949401c8c25f98284ff614a,False
f3e8de6f357a4175b432c147363bfa5a,False
fdd69b50cf1045a3b0bf31eb62dc3556,False
5eeaf27777694d0f9b0bda8adbae15c4,True
02d78d17d99e43f1917a8c6a7ee18d94,True
95fc9b1e1be54f4c9df7d1ce4240d1bd,False
fa4d4668af5b4ac484b5a29d8a6c4483,False
767febe4b43f411e9e7c8311f287317f,False
6173f441e1cc425d955c7519a8a1b936,False
7c0863a408954b89ae287dad5b7c9013,True
6b5447944fe340d99fdc027e83287178,True
e163bfbb6266444ea02d07fad4a44b97,False
75e9228faa0c41969c9d3606a5942b3e,False
8b32202301304f88a1f41af5c3f1b2f0,False
293a47721b96443a8ef9f0aeac4e3656,False
ed453230042942719e5a72f76d8afabb,False
7d61cbebf8c643dc87fb774d1ab7dea0,False
977e46e7a064480c9527c95ed9cb70a9,False
17a66b4a6b4b43bd9104e23773c803c2,False
e02295bd78ef457c9483a40db0ad1fbe,False
7ca3302462af4321a7c63ae0d3bca99f,False
91bbcfb42baa49dbbaf10af0661491a1,False
1cc850e36e364fddaee99f6ca0df3624,False
becedd7a184d488897f2a4d82f3a9390,False
a7ac9b2e06594ec59b1b2b9026a32068,True
ae0f2a2da10b43f081fa644a85c704f6,False
00d625ac94204f998507cd935f2b060b,False
474751774a754f1595a2f18984053aa3,True
b23a422315e74b868b56cff7f928d254,False
82d0bda02b1e47058debd68a75ce0fae,False
c7e4c7dd99194e6c8f6137d350c4dca0,False
a1ac7d11a2e64092adb09208c36fb6fb,False
14a72d8871fc4531aa22a3881248de73,False
8994fd99c2624ffcb9aeb512dc4e5549,False
f18f9a89956b432787b874fb6d5bccf6,False
b3e2c1a9842d46c08846b61c023f7d2b,False
6cdf272211c146ce820e0aa36ac4502e,False
9547f5b8fc474dbba05874d0620b9553,False
33bf3e77316444deb4e7e9723d1c7d8b,False
09e467a73b0e4b31a943043a84f88d64,False
d35ec7278760464d85652aefe6c7b99e,False
c6b885c88ed944d1ba5e407351665def,False
ed8a09e1758542d9b499541e7e1c506f,True
5a5569b3404b4e34a1aa649c339257f8,True
693a3f6c5ebd42bbb3a212da8fe39eef,False
cd76a5182c5048d0b9e42664025e03cd,False
28279b61e30c419499d17118aca5c132,True
9b1c084eed1a45319e9ae05fcdda9da5,False
ffcead136cc94b04aea1d75a40f4a02c,False
1f86923219a84c2d87ceda4e06de54f0,False
e0d4f179fd364c64b25c688da815fa44,True
8e37edd2cdf24cc1a88017a5d18974d0,False
bad80b3755af4ea593b8efb5dd7605b6,False
e2dd141e8a10437591d5d348f61f3bed,False
3478e7c139ac450b9a3c488926e3b879,False
2bb7fcb2e7ef47c8bb5a6e13a4c98e7d,False
7d041e617860406393cc85086445ffa9,False
cef738f380c54d299d9d6f8c3731a0da,False
ba224d890e9d468080fd2116c65183ca,False
f71f5b203a3c449c8bf500ff08b949a1,False
3071984628314e46a961bfc7273773f4,False
d0dddd4b9d444fb3af8ae6207d2f3725,False
192d6056ae8a433d9fdf7b07ab2895d1,False
07c526c9ad0b42df9253c71d83b5872d,False
ab3c701f9ed546ffa29e4fdd5c761331,True
51454a5390034adaae265776bddce404,True
6329e61e02a14357b30f2703bbc7cabd,False
038cddffff8442638fdc89e272c79b20,False
083943b3f5e54148b337f8cc47d37a61,False
ab10cf5b6434442e9ff2e83bfb9624b6,False
27dc72de37bf4575ae6884cd2a608716,True
9c7b7f0b3fef4064aaa47b217856ee11,False
5571eb428507450e99bd1e3d9ef563db,False
23c1d29a26ae4b238e215105f088fe12,False
8bb5d01e10ad4d9380dad39c7191b8a3,False
25fecbfc6ec344ffa35a622f85f1079d,False
3e0cc3c01edd49e687797756d0fbdf9b,False
f6d3246c64cf453ca0ea91658f184c2b,False
009631bb888f47b9b85c45c1b45d0a04,False
8c2b3292b80e4042a6fad9c96582f4b5,True
a9be08c08d004b24b14b2674229c2ba0,False
bc2d30d058f14bf287c9ac7365f9fc0b,False
710aa603e1644159947192296dbd33e8,False
eb4bc11160f14c279efc73a2baca0adc,False
76cbed8b57cc45c1bb7a34cfe776bbcd,False
d22f8512e7244d00a91b2943e298cde3,True
65da7872edc34c44b3e9a85967319651,True
e72b8727ab064330a727b7a625ebaa10,False
df6c297b852d487da4421c99de9a5155,False
6218385762254264bbcb70c5fd34ccd6,False
9c6faf13f3464fbf952bd10608f1dfd0,False
68c003b4675b4aa6bc6432eb02b4bed4,False
df6a5856f2aa4637aeafb22ea03c379c,True
9702034ef63b4a4a85c1165d4b754121,False
9a8c656564874ce284dc0aff4ce35ed3,False
188f851719734e15a753685b482f9e6e,False
c96e5b6a027c4a4c91c7c34935759ca8,False
f72f522954fc4c70b170e2c0ae65bbd2,False
a7040039f2aa44cba0b66833b6cb2b27,True
bc7e5ab4c0d7479797a6fcf40bf00c45,False
729241b5a71a4d0d80b27767bd7053b1,False
0e573e4c5b8447b7a2523dad839c030e,False
87385358122e429d88d1205e399a2449,False
cec8bfaa7128412d8e23d2bbb5d98738,False
0302e33c05074e5283f9bd1da2f6cd5a,False
d5789a64a40f4387ac6926d72651f48c,False
c1f41c94d5dc4877852bae6683cfb486,True
8c14974e76894504bda4ec5e608c4a44,False
ba0000edddc44dc4a0b1486c1af97176,False
bf92023438c54c6ab18d6fcb4afa176e,False
48cbbdd6ec4b4ad480d062aacb20d4b2,False
60231845a27e40ceb878cee20c5cb597,False
69065d37dbd24539b3dcd1ad941b21c3,True
996717cff25c4058aec5d814d99250cd,False
d549454ac10c47c5a948737697a7deb1,False
23805a1f44b641ccbd817d038f16bbdd,False
62eba344f090429a993eae069ed9bb7e,True
df84187bd49e4c7a923d47fb5bc1cf29,False
de65e5f18b95422ab47fe45437589bf0,True
51be15a95bea4208a0e33ffe481d3090,False
4182c851a40e46e4a87754835bbff6b1,False
060ba83524c649ad939514fb39fbd6c4,False
1f50f9e429b140fcb0b55e9babf9eb53,False
32d2eef09a2542149443472e1f6fd706,False
9db2f00f043f4413a27442e422027241,False
22d3d450efae494187faabe5baec8004,False
c4767cbcc87946e1b7d54647d10c8772,False
2fe248431b1641598512d8f2fe7f5536,False
bbdae81e5d8f491097762df89f69880a,False
0697e2dc53104942851ab96c3d55ebe4,False
fa88c85959704b5f9e71a92ea54d9f37,True
c97258ba9c32401e98a16f353d094e2a,False
f394a0811cd348da8562f48e724916d8,True
a2e57b94e79346eb87316ae5c8995416,False
2c6eaebf2a554f6fa3c988af0e0c9ff9,False
bbab4aae29a04787b27a2d43d831ff01,False
494e09b170cd418b8018188cc5ed801a,False
c1f79c339776459da6664f51df867a27,False
537b74648748476da5eef92643a48338,False
f5a9dfaeeb064722b86f8d24bd2a53ef,False
4b544f47549a4416beb000cb48737477,True
7319d9ea904847efbfc7397f5d9f4a21,False
3c15d2efbcec424a854bf887126ca93a,False
a062cd75837c47bcb69e53bde80f4839,False
9474e5d9fab34525a6b9a0801d7e0d15,False
49b90a9e00904637ba62b3e6d55bac2c,False
f87244e4e34649b293675db311eac466,False
5ab9bf55d20b4ed4a0c85826e0af9102,False
97a85447b905408f8ddb68d4ab1d3666,False
6590ab329c3e43d1b020e14524fd625e,False
d8c442aad0404ba6a43faaa27dcf333d,False
182eb8d748ef4dddbd9c266aeb802210,False
db396b6f6ca5484a8f27419138962c5e,False
4d20483bb702451c979a09c8e3b9262e,False
7d84090a35c5460684c56ad8743bb36b,False
eade808911424c439bef2805ba676929,True
10078928f2b2424db42e5f845b2aea3c,False
408b01c4a6fe49b887146a8d5d64cfc7,False
d6e3d9a7711444dba9229a63658d91f9,False
7d9a500a47f44e49971c00308c943cd4,False
9fa0b5e4ed044cfeac247af1ec7a8442,False
1a504e68cabd401a9a4a615b4c05eef5,False
f8426b5a65f64bf5b049e4a80025ada8,False
81282b6fe669473da1a4ad5f73e722ff,False
6466487d587e490eba4c6feb956585fc,False
b8b5d92582064eaba0efa726efc49efe,False
b8083ebc8c4142ddb301c5b420dd1246,False
441ddc4a68a842c2bee9a1fece8136c4,False
a72b43fd7a014f0f85b80488ecdaf0a3,False
e99b52091ecf4f25a6c3886bfcc2f636,False
194ed1fef6fa418c9235a3b6929692a1,False
a4bb30325b784272881070e4c5b3d987,False
e95a5671f9ef44feb15a4e3457be1af6,False
9dfec513fdff40aea22ba558fd90534d,False
8d811e174faf445aa1582290fec98f08,False
b6cc7a3ffd42470eb10dcbcd4624bb89,False
6f319b6c1c0241b48baf25e085f232f1,False
be2c6b51ffb24f2abec13c3f9c61f643,False
5ca4f2b79d5043428f4c71680fbde6ed,False
4ff9b891cfec44708c7ec97cdefb8e7b,False
f32b162706ca46ea897daccdd4cc4987,False
7c9478700c04483d95f5f8f9b5bbef53,False
f7b4ef4128cd42c191a2afa86b5b08ca,False
d1cde193415b4440a82cc36ba51c9dbd,False
dedebf30b4d648ea9b05ec37e59cc9e6,False
b265ac3e6a934f02ae633c72fd19f0da,False
87ba7e2a4c4a4743b343677141f66e29,False
b22c0a55c54648588788c0c1c61f4f0d,True
86b309d045dc4a81906d58de81b91c8d,True
3f188291488b46c38b8dfc9968571729,False
17d08963ff844b28b88ad0d0e0c6d497,False
c640f2c99d41404ca340423b9ea15081,False
7256daf9591f4749b737116016c8704d,True
55687d97c5554746872dba359d921804,False
eb10afaf80084adb909f9b1ce10185af,False
c59eae9ee6be4c18acc913e635ed7fd0,True
c9dbfdf008f0401ab7c0e18257f05375,False
fe60bd18010344558de8b5f023e4f483,False
41aa4170aded43869a172ba273ac5fb6,False
4a07198afefc491687dcd875f17ebc89,False
8538d9100b3a4b6cb82f22e8f829a1ea,False
767870224d7641cc9e900d62ab4427d2,True
97a4e604655f4cc2a88191f51740c4ff,False
da40872c10644aaca9ecb6c1760c3947,False
6a61000f46fc4f66b98b96d9f90f1ed6,True
c6890f1d6ce44a959d12411b9fba8788,False
f55a673e00b44a46b1772b1061b17cbd,False
8dbdff6b74b0463086f9168694b9f0fa,False
6b9eca527bc745cd8214bcc7dfe1638c,False
07492096384247dd901fab6a72ec485a,False
cc4d29f0a51747689e0b19e686be1a71,False
917a1dd805244d3ba994db151cdb41c2,False
38e72fba747244be970010a680b8236e,False
37077515c82b41e2bb9ddd933fcb55b4,False
9bd07d7ee3fe4813a44a6083eec6252c,True
a383a453a293466c9c5362e8a506f0d5,False
0b6b5a60bdb848478a3019743f519a4d,False
963c5bf8dc474f1bb94ce796fbbd528f,False
719c50e4349b48dc8fa200bfb43ba24f,False
d91f96fee2314e5d8eee27b2c4cda93e,True
592157cce51d4057b1d8403a47a8b2b4,False
5fe519f1ba7d46e0b9c5840fb5baba0c,False
972645ffc9c04c1aaf022cc0a96a18fb,False
3e30d603837640b6bd43914a6aa1faea,True
7bcd0e61c63c43ce839c247de2a310d2,False
cedb09a2795045cb94abe2e3a7efde47,False
56a31ab4d9f74379924c303539ea1910,False
8f49a8746219419d85c082c4bbf35c00,False
1533cb09340c4d95a4a37a074adf1695,False
1ce4b41af625496ab44d47af35e5682d,False
1a78731b5ace42c2b556de2378bd42b2,True
9c0eaa5fd460447f932b87ce5039dc78,True
be153319bd9642b79984df4eab561cad,False
e2028dd2c9404a73adc1666e1d9f508c,True
f1d21472588f4b079d49b83445d1ced7,False
2139387eb87e44f98b81a98d31af3c68,False
7beb85eaa08640bd998504d7362de722,False
31f558c2c84042bdba2a52d1d1d12b28,False
afe9aa414a7d41449f68854bc1117d18,True
67619cb4f31a470c9621758ed3bb774c,False
9129cf47fd5b44c1a52e42acf961694a,False
9ab3c55d5ba04fcdb84c3895e193e7e7,False
a0c0ec8235e7480f84d9ba32e1178b34,False
d129822f13f54d879020bb559ac9ebf6,False
b1ac61a8def14e6895d27e4a38b103b7,True
9491b2f86965479787645c1834f9ed5d,False
210948f80cfb4fc7913c377c52e9d3c4,False
78e88c3e1c9b4eadb7a975ea03aa7261,False
e98c08ddce634c91a71dbb43ff3097db,False
a4d320d657d94c90b40058627b78fdcf,False
8be21ff994e7462cbd4c404473a5f15c,False
e0adeb0f84ed4f5b80018aeed91cedf5,False
c8dc93535c38419a812f5b097b646597,False
64ef72cf12044f2184cde724dbf6e9e6,False
4d4f2aeb125a497da8cfad40dad11d01,True
38ac04d01f4e4dca814501552e096421,False
b3ee81df123d4edbbfe182bf7ec9f6f6,False
44c6c337448943b2a3d143e05d93ffdb,False
6283625d079c4e66be9f33145590eddf,False
e0e7770db71b4bb3afd737a10e59cd2e,True
cf1412ef97e34e148186fe71cbb82dbd,True
97ad985f2f5f4e9a9b265396c5231fa4,True
6834e43d2aa6459a864c9660a8c799a8,False
fb3236cb47dc4e42bc9855f5301989cd,False
27776b873548403696b0f9c25531a36f,False
515bce9e81704333a24de0240aea77f6,False
1b1798bbdd414fb08c98c006529d81b8,True
a9f8784cec504ddda7a387fdc89958ca,False
14024f4fca004ac5b91457c45c19ebb8,False
c58acea7995944529ec80088e3909ee9,False
ab21a7fb9ac44c10873ba213d05a865b,False
28c39e131a8a4935b117a39f78ca7425,False
6f325de2f8394103b4f91203ae47f3ad,True
ed49cf43a975461db08258a059ef2fa6,False
3f936fd511434a8a9ed5ab96a141796d,False
a6b4fc01505b47809a44e827bcb9cde3,False
6f413c980cfa413c980c22491071df2d,False
ec0aea3244dc43e992d2fb12b1fa39c7,False
eb40887ab98640dc967bcc507cdebf55,True
df84b4f34fa04a1fa1122e25015a8c20,False
ddefef8a2c1f4adab8bd0bdbf54abc41,False
5188de58516f4e4ca68057072e81e19c,False
af618d11bc644afcaa93f5689ccf292e,True
5032938168a0456aa36dc1c886aa8113,False
ea3d95eb3e124d33948e7d88a7399ebf,False
d66bdd732f494c5795db07969cdcb34a,False
2263e6016b7a4ae7ae47cdc2bccec9f4,True
c41fc597bff942248b28ed06fa6b0d1d,False
4501063be03c4a1497a595da3613371d,False
8159c933620a4da495c0c61eaf4b7680,False
66fc8e9daf1d408992dd8ead03b7e9b3,False
83f4155f82ed4758b5df428f3c65ae49,False
14e6a40a888b4dc1a6f422e8a789aff2,True
cd571fb3d2ff4be593cd687a1155cb13,True
ea7e879158d749f5a1d911a0e4fdae60,False
3b556e19228943d49cb3ff5a09c81677,False
7f15b336670a499d9e27d5c8b06dc2e4,False
233380b6d3e24847ba3f24f57e09b648,False
9fda4d440eaf4a7bbe6db2eca80e482c,True
6580314a5080495cb48be8ed0df4f01e,False
8f28ca95185a4a15a031eead9bbcd7d4,False
69d05da16950449e93dde2de59f834fd,False
775938e834584bd28742386c08a4ea9e,False
56c7983b82da4d02bdd072208013048b,False
f4f89f2718dd4990aa0482120cd52004,False
4dd89faf3b0442ce82de13533ad9a606,True
8867eefc5bec441b9a39a0c12a09a158,False
643079a9adfa4d34a9dd3258ae094d6d,False
4f09695d5d6f4e49b90110e8dffd1a59,False
1c74d9aa45304b93b33fc499d13a7618,False
79654b30262d43acbf9d4f7b81a43dc4,False
57b8b562106b4a8cb58dc6bd8ebdb77c,False
bc2c157d13eb49dd9371f0ff3d9b6e9d,False
337d7eeedc0f47b5b179b61a8eda1997,False
e73c78f42f83431c91de9d3757c6e829,False
9366d0f7477446439943812938ed6588,True
8e59734ef5434accaa8d03ffc96cce95,False
84e4274015424693ae51a43fcf8bc414,False
d4acfea42cc44bd1a7f6a98b7967582a,False
c6eb3fa569a2446e9006d0861d72b706,False
637b8e9c77cf47188e715c76456c176c,False
a08d3f35550942cdbbf67a4706352749,False
03352673b34346e48d3eeaed298ed57a,False
2e798a167cf4471fbfba42fcb366a8d2,True
312234ab514b460b9e73a0e43de54996,False
6b7fa9cdc12042eaad7314b7254727ab,False
08aa1533454a44aaac9dd48277821fc1,False
6fdec7ba0d2046c586357a3a4ed06cea,False
a49415ded86045788dcb9d32e51c7215,False
a013c470085e4c7ea416628fc13827b5,False
eb5411469e324221bd31df60aeaffb96,False
1dbabf8dd13c4746a36488d6b1973696,False
db0436a0aa3c45e5b0e06de1bde83c9a,False
20a00a32c563477ea3acb67543a13cb6,True
192fd1c3d4254d1fb0b83efba07e9a6c,False
32365c41bab5493882d2bb7f396dc6ef,False
f6b0b9f961ce41cf92bc7da641f51bc7,False
8885e9bc15f443e3bd8f3732431eb260,False
9e71dd3177d94f7c8c037166f5c62c1c,False
d3b9593fc59349a79c4bbb4e9d55e0e4,False
33d3a0127aa34880af817ad8cfdd5672,False
5fb5106ca74d4b08b75b5d7e79d69f84,False
b6b2a7c741ff4bceaf2a475964b1414e,False
92a756133aee4e51bdf9e7c9d58db8a1,True
548ae779eb824f7f84731b382b62debd,False
4bee756fc66642318d5bf1b49631ac7f,False
b8b4eebebb6a4a638c0ceccfc7e50767,False
2407a262d6aa419c8839d258d762350c,False
19f57fc076f94bb7bbfaa4f5c3850a5c,False
fb2c297148264ad79b6cdef6c50bb4b1,False
94865c521cc5499e89511eb6713d6ffa,False
ae2333c380a542cba62fef4b303c76be,False
cf5d77d25338429782d1bd7b804051a8,False
2e80f495bafd48aba09e665804d038d1,False
4d7d9f83b3344375a90e0dce329da491,False
b25e680a85e2476dad1e0c4ee53fb53b,True
c51515d921c24423baac7eb82776b820,False
a9ff4a8df0f94e4293733332c04f7cb8,False
e5648116afd34a968a68dfc28474a816,True
2cf728585fa447ea841bf5e4920fc9e3,False
ee819459cae846059625becbe73924cd,False
e21401f5459f463ea1d27128b93df16d,False
e0c8e93048614116bd3993a923b53088,True
ad4bf3d9d2cf414383f94e5fbd36c8b3,True
289aa7226bbf49608e286a2d24132e76,False
839fc62a5b0a4a8d96e962527654967f,False
ad12a878ef964921ad248047f31236d3,False
dcb6aeba6b8a414a91f80e2469808690,False
189f84fc77c54066af51b7d92216994e,False
9cdf3fce8d8541d989e007bd928be929,False
d8e698279f3c4e19907fcbce1e0e70d4,False
08d2c5cc6b454226a4cfb93a76199520,False
e41bfb16d0334e1cbf9d37bef23be82b,False
bac1bb1348404a5bbca3b8a7573f4228,False
eb515dca97e54722832653bd05842d81,True
7e1853ba99fd49bb9a6e727d52c0fd9f,False
3a102692c1244795b23c88d0c9872a7f,False
5ef507c96c644debbc37181771aadb10,True
757cbfccdff04f42b81c0ed402505be0,False
0d6ae96b4d974a3fb47bacec9457109d,True
332ba78c8db141fcbd654757f41f609c,True
b8279ed9004b4818beddecd0de683392,False
b7c9188d94d1486786eea34fd999edcd,True
c4e296bec821447998220c0611ec8193,False
66670bdca15f43c6a8930f73d96c4004,False
e07c073c08944d11b2b82ebab74f54cc,False
c0d23b43d30b4fb9b2785c2845e59240,True
6ce80142d782494aa84d128834816fe4,False
73e7d6955bf14b8bbbe3ecb6fc9a1a57,True
5552c672acd6493ea421c2be77f80243,False
48524f80535c416186d84b7c0ad8a75f,False
6f18dc11511b4d168d2686042dd39769,False
d11d074019cb4c67abc18033dd4f70dc,False
5fabbd3a49264e77b801679efa6b9bea,False
40aac06e22b44897bb981b5d98580eea,False
c2825d1d40064464abbfd369b5bf8e1e,False
51082afe076046bda91d0244d93fd9f8,False
b78d193ab1434bba974ff44ada519a36,True
be783a3d292b42aa90ffac4575cd1d5a,False
2d5815ac035a4141bc6b32f0815e4a0b,False
9cf534acf70c4989ad69528bf82c1475,False
ec2dc32497374efda6182c4a16ba6e52,False
b7a6c259afe540da835cdcc0640f42b0,False
3126cd414e4e42ec91348ca6aba68205,True
38e8287f6a824ab5889f823147e48851,False
7b27b94240414cbdaeabfd1fc9f575c8,True
e1e3a5e930624cb7993d0c6bbdfd4dbe,False
0a6825e0883e40e6827a457fa01c0cb8,False
ead36a57ad9c4059b54e3cbc77a7f52b,False
381d1159310846538250ac2915f16b40,True
9d69c7c05bce4c1db57e144209541a7f,False
b115f9df003f4112bbdacffe1b015ca3,False
9a33fe6611ea406da913f08ff0ac7dd6,False
6f2fc17bf79d45039896f062ad4fe1ff,False
d111d0405290463584fca66e5a0f342e,False
1e9e25a785ae486f954ca40d1996d815,False
832400b00b474e8cb7a52536a33d7277,True
608dca57b89442a8abf6b11aa23dd45e,True
72a6a22a9793432ba893654691c548c7,False
d7e6bcfd3e39448f81f62166074b0b63,False
b96301435a164607ad7fdf81fe766c23,False
e83f7d083e2c4d19b347371c8ea9143c,False
64cd298cdeb342a78f4ec5c1f50adeb7,False
a688f2f3a10649c1b6d0845ce47de48c,False
5ab283ea3a2445799bb74514b68646e9,True
44f2b48b91014498b66e6a854c402a56,True
533edb9877df47a9b13889d9e86119b8,True
57ef2d5c0757438cba8eff02b2f7f1c4,False
de00b2348ca14fa0943c54351cca45d0,False
8a0b496478704a73bbce89dda1c1c899,False
1e4de17cda4041d583b08c6a2840dbce,True
c4a813732c50403ea3a2e4232a4eb7ee,False
601c30e710cc4ee4a11d2ee37a313494,False
6b9629f387ea4a19b05051a94bffc254,True
5e3a90011a8f496389d774200ae08dca,False
8e70fd6772d74f3a8a24dfa636ef95fe,False
7f060bba264441e7a948ef588cfafa19,False
b32bcc1a91da423881525ff17f88a77e,False
2f3191d5acad40679922c2941ac7c53f,True
089766dff4974b069ba555e8f41459c7,False
2eeae99b5a8d48e3a70d9d71e5f44cd4,False
5d31fc18cbd2436f93f36a20fcf37038,False
9ccf7f5efe834134b3b95438ca27f43a,False
8239f4013b3d486382390386ea4653fd,False
cac3d2364815476d95c017ea6ebabdb6,False
18f32421ded14ccf892dc05996507f97,False
6d724ef90cc04dcd97559c99deac5b34,True
b715a4be239f4070808e27d6631d4151,False
90f56c66c8b143229fd83b96b1ad44e7,False
ec910d1decb540e8af159594297ed102,False
406a07b168324db7893b975f930f2eee,True
28bfa2dc1f884603bb7c00012d08b0a1,True
2950e2ec09744b8ead1e8ae2cf842322,False
8c68f4626182498e8bd9bb638c7a086b,False
305b7e8eb8314ffc93ea5e1527ab7891,False
6df26a8da2f74e589166f3c4f99aff51,False
e569c0c0a598497bba30b603d83ed0d5,True
893b81cdbdbb49f9857c3127f848ee3b,False
0da491ac70744ea8ad17a3e786eea142,False
4cbc026c3bdb4df9b48e92de3dc0e975,False
3e6947460d6f44ff879eaf2f315b551a,False
2906d21db67049f686449267512b7fed,False
75abde6b199d47afa653713aea2f7c0a,False
a032ee081a2d42109c93cdbdccd52c73,True
1115b1fef6534624aa5e5366f7b7f6a7,True
0e5ce72b45bd422db417f0dcffb6f31a,False
90ee821f0063475aa22371f070065e5f,False
2bd47d3e3d6a444c8f4b794dd466ffba,False
c25d6ac5ff1e446b9988bf449e6a96e6,False
c27cc4c474784c04b0b3cd337ca77366,False
9e7af9a1838241bd84268e5994418ff4,False
6f018c08c84346a8bcc2935e32181ff2,False
d2126a4b987949d49646dba6c282fc4c,False
6efb423189b044d7ad08a218287ce701,False
59b616adc14b417fb74d964755665add,False
481e20548b0e41368ec06d8b5fea6b90,False
5184ddea951f48c1905fdae57bfd542f,False
07e4387b253342629c27d554f8ad14a4,True
6d4bbeb19e9645a594c8c3ca0ec5ecc6,False
49cc4012d07d448aa77111f071395b3e,True
0e6b8c7f04fd4cb3bb2e4cae23122476,False
a902d828303243c883cea3bc68a4f294,False
a58477ff91b14b3492f3561b683b7b6d,False
0a0bcdfd25a34679af987745f29e8db0,False
783553f634154a2b8e73cdaa18ee6a40,False
7c8d7155490b45b2af1a92711e39167f,False
45995fe813034290af17cd72c719cbb0,False
5ebf5d38d9be4e45be012ecb1aed0d99,False
9f9c77b911aa4c90a824d070bd27a1ae,False
12ef578902624a76bffc47d80ff1a019,False
24dca79b67394513a242719da8b25528,False
5c128f5c09f14294806eb53bb61ce823,False
f62a48e2cebc4deb91cea637a5fd2684,True
10a571c367b041fd9cb50fd124c3bd27,True
1426df427eca4a9a83b9bd890fb98ca1,False
ef19e22d5c624377bc6579c497fa45a0,False
a4ea9453146e467ebec899f613dfca37,True
48aac192d9884ccbbd8fde2840eb2939,False
f30bb1918e4c4bb6891d6f9412552fb6,False
ca09c99044d6488aa096c0bd47887367,False
b93df0392bea473d9298b3a1b156d429,False
dd77d8743cab4a3b87b10e6b5a1e2ba2,False
e3a71f6e55c64197a06f7f9d9bcac231,False
ede013d8c8be420d86af67ba53fed0b1,False
61de7cd7b33148829d193f4c3306ffb2,False
ae0f851d6c774dc4b2ffffe540642ab4,True
88ea0813eb39436dbd48f2b248f30948,False
ecd41819971e4c8ab5bd5d7a04390103,False
16a1a9f5a5e54184accf2b60c7e9cd52,False
54f4b2a0cc134a9680db0749b2e74448,True
53361237c7c545ef8c8e64d60d6796c5,False
1c36703e93c14c4196e1ece8ccaab458,False
97bf1915cb7740469a10ac0c20f55baa,False
2f9cd4c7a8c945f4b059079347abdc4a,False
586aae8cf8304b50876e698d6bf85680,False
8f92ef082d4e4aedb97e9e80be222cb6,False
6a23fbc36edf4413a7e15ff678aecf5c,True
2998482b5df14555a5d1c3b51138101c,False
48462c1b3e7f400eb5f9aba55574d88c,False
ce9b25025a8c4138afa534965f9dbaf8,True
0097c0319105453f8323b27006ed9c1b,False
3fdf5d4dc67748f885afdf129529d25e,True
2dc482cf8aae411ab51e1d6bb63f258c,True
d440f568cdbc4f3fa9e7008403b8b7c1,False
adf82bdcd1694453929a2210143ff3ec,False
712e5782325346cc912648d70e06b094,False
cdc4f3f3eb934f85bb9badc56976ca93,False
3cd908b2eb3241d286c7d513e2fcc933,False
cdf6bb7e584944c3bb35f7e8afe670a5,False
4169726b7bb24a76b48cb008ba62148e,False
4d40f1fdb2a4435b898e72d0dd392c82,False
3df28cb7c0984fa09c78e1ffed7b193a,False
8873a26a858945aab2e0e12610606633,False
d0bc735f2bca46328829c16229b9dfad,False
6fd960f8b79142b18669ce6431237bd9,False
e7a6f08f4f4649e0a1f3c95bd9d67c0f,False
369020d604654962b182176a7f64b1fb,False
19df6b210f6a4d3e991852cbf6d81c07,False
e8d6f1f1682341a293e13c475ca1dd45,False
3923d87b72604fbda232af4280747cec,True
3cac18e0e08849bd9430b7a74663b0cc,True
f2561d32da6147868e720c08b70bc2b2,False
558a5c0c675e4887b34ef10a1559230c,True
7c61263f51464191a5e8f1131f300569,False
37819bd62aa1464bad08c09475696d97,False
3154b09cfeaf45b7833b4b5b257aa863,True
f3cfdef02ac34f9a9b365c9bf60d9bb0,False
6e9ed58e696d4b258553d8a7d39370b6,True
b186585134e940e89a5bfea0e00d17cb,False
820c712aa58f4be89222f7389a08262a,False
6188c5a63cdd4f099b42d00af000f4a6,False
03475528472148d2a59ae505edfa8d26,False
72a7e72bfdcb400a9a7ebab1a553726f,True
b73466ed4d324679a8c7c66e26f5651a,False
fc01c81415fe411abe251c28ca6d1bd5,False
bf0ba16c6ff745028b1f1806c5a9db37,False
0bb980b646904255a998602b273ef9f6,False
fefbf4bc0e80449e99ff9db93f7c05a2,False
feccd9638c5b4abb882298cdfd94f9af,False
109f971375d04eb098e4bf86525c2af7,False
50d3dfdab9b042b4a08d04c886a1d47b,False
6b97220e3acd4af0ab5f5a64ba40bc31,False
c0d77c0d1fd04de0b1ae8136198afebc,True
00024d4a288a42309458f8cd0dffa5ef,True
272a75fd345f4117aa372a4d5af85e51,False
bf7d37637bfb45fb9207b8f17cdd17b9,False
b9f24b77c4574ec0b727292aeb4789a1,False
75c006c04ac841c58111facb86a7f147,False
fc36986b79394312b1c736185c41e378,True
fdbcd7f241d64316bf7a60825791fcb0,True
4520ae1d26354bf1bea7e875e1030357,False
3233c31d1f0b4fbb9f55cdfb3be9f441,False
4bc28828b434430093a479fb37186096,False
af3317adacf94acea7d75c21aae63d51,False
ca056aed8c624709b721b07dbe993d37,True
742dd4b12e444353b0fe873a1003d6e1,False
afde283035414fb2b06c157a87927b0a,False
9a5c8dbee7de4a41bc3a060037438bec,False
af6e4f8ea8624124a56c56a98333a198,False
01334ab5d5fd4e8e8d182011c7265480,False
5104ce4462c647debd82b405288572e2,False
a6b05cfcf4b348f49fe69feadc242604,False
e9b273a6315d4df3b7d40863cef8ab22,False
eb44433c5a5a44a7ae44f9e24a53aa3f,False
3e294177ead740cf938220ed9224258c,False
e16a600c11474f8a9c40c0c528a946d7,False
4932ec469f6140ffa029fa8de26248c6,True
c0fc8f4cc363461285af65db851c49a2,False
0299118f26174ab591189f5f3bf85ffa,False
a63cde6eb5564cd3b474df80f0485543,True
600d18ab801343a8b99a01a864e326c1,True
3582e0ef94094434bacf4f4ada31953d,False
cd085fb737c84a0a99e0adc84ae31ce1,False
085144a0ddf54956b74e3838f1e00831,False
8c93893f1b9842a0b9d5ae7ed37259cf,False
09e71f98222f41e1aa0e82a073d46e27,False
f8a9dc9a9ad5473b9f9526c06fe8130e,False
d63687b4761a4852bdd77959bdc5039f,False
9983e22171ad4beabacb9d93ac273d74,False
ffab81d1068c4125af1f3e229bae0c35,False
c3739ad5a52849f2a27775910b9d0bbc,False
94b8b8b193ed467983fdd4b47aa32be0,False
6715f735269240f6b4ebdb0b79f799ac,False
f7daab6f58a44cac989bab6a30fba691,False
c846f34131ae4ca192775b7566baa6ca,False
ed9d209b415d469685c6ec5e78402874,True
5eea8ef80db44d338dbc0ee5d05517a9,False
ebea28d280444cabb64d4f849f79dc25,False
5c270767f3a44fdd95e48710c0a34d8f,False
17427a71866743aebbf84cc47b9a3075,False
d3883479f5ca4789ba77ff85535a7327,False
e8be493cfadb44438dfdef420bc0a5dc,False
6d91300808bc4ae583b736367458bef1,False
e642eded436a4e98a10809d975a452a0,False
13f5602eee6e4dacbdcbe1a9a80c3b0f,False
961ddf2ab16c486fb7387f76279fb0fc,False
8e7454c355fc4392aef23a62dd890088,False
4cc9ce64e2814beeac12cca31d8ce66c,False
3ec4f82cbdb64090b499feeb3ad72dde,False
e3e4c00fbae243daa90508b4a96e63c3,False
8d3efc9e5f734db4886ba6149ae09563,True
3bf867172de2466794a4ec1d84e6492a,False
f7f5c3add4694eba9c36c6bc8b6bddad,False
301b7f3183c049749a1dd29d851ced46,False
db5bf1e29bf442c49eeeef33648ed0aa,False
60100f8e6c064a818977cd289483e43b,False
52c801e05d79433a8500be45c09efa50,False
0e4fcd9f7dd041609bdf8ca595666215,False
ed946034c1514e42b41091a74ba3d29b,False
cc5f8576a33c412f961738ae7da40738,True
f9bf82fc6a3c4453be219383b2cb75a9,False
d9bae4e5a19b44d48d3646a0ca3b8b5c,False
208a648f27e04fe0bd0cf817ba8d93d6,False
6cc779fabbf349e69dcad7d13e3756ac,False
35b694b307724be5a58c22c67fa44ca7,True
01664ccea0434a1ab5674c2e04a69da2,False
a419f8c737a940aaac5260b752a153ef,False
2742fd9d5a2e44efb1e4cf8c92f29697,False
e48938524ad14b61a7e690ed80439758,False
e0eeb957e380437ebba38c4d6ba18981,False
8acddf0bedf54be196c6ce89bed4e418,False
b561263502344556b144854a0942bb29,False
02510ccae2b649f9b33d39101cab921f,False
28cf7991c1464b37be141b4939e5507b,False
863589ac9c8c4b7d89cc57238e87d9ee,True
051dbbebb8e8471ca355aad68f7a1f92,False
1880e6c3676447598a6beb7e93195f1b,False
2b90791ac55648e49f3a34ecf6c9099a,False
56e4421c3b6347198e53a055c0f8e640,False
f9efc9fc8c1947de9ad569fb4bdeee1d,True
01429ff76cd54dad95e76dc1ff7d3df7,False
2616cb8dd8834ebd9aa9f77c2223d896,False
089d542ab1b24ebb9f5a25edf70a2f94,False
7cb0f925a94042eca9b2ddcecbed34cd,False
005d2ba80e03467db36dfcbe3b0d6adb,False
ad5038a4c3a14637a846c094eebc6c68,False
ceb088e8bd754b16baea87fc833a62de,True
909bdd112c864186bb1de7e7b21cc804,False
a4a5000cca6a426281b16fafab38093c,False
7d7bc56333154f10bec3de4203c13267,False
79d02caf4f234e75884d91c7514b046f,True
f2b99a426eb344a389e3de41a8b073d7,True
ef4a12e6bb6d4644a023bc46fe84103c,False
57d8e69e36584032bc15bb79b5dfa4c1,False
c9f84178bcac47c09e71f851e21e965e,False
035aaf0767174cd1bbe78792c271235f,False
431108fc54d94075a60798259237bdd5,False
059182a4bcf1488d9bd6f0906b7666b1,False
fb3d2c3fcd6c4cfca6f69352cc1fa820,False
9622dad866c14861abba081c7d43ff61,False
2406a05cc1a345eab6a24dbc7973eed9,False
dafdebd3519f40d2925a5b5ffcfcc2cb,False
7a2d6aa3641846f5817cf685a94fba31,False
164e484051974970a283ca2262f4f1c6,False
e2c907ec173f40bfb9eab11a7da0bd34,False
bbd43a266fc74cf3a2c835cecdbd52f8,False
0a497616d4a34c2a890ae6feaf4c4dcb,True
06d98b66c1774a99b5c1d17dfae19d46,False
c39e484f473a4130a135a67ac21919ae,False
9dd9bfddec2b4ad08b186fcba2d3ccd3,True
f2ca5b182d684a2d8ac98582717b11ab,True
01d22c84f5874de68fcc928488fec8b5,False
736139d567044c588dee71d4be5a230b,False
4335e66fd0314a7bba7a88a1df9ce9be,False
afbd30cdf738400d914043f944db13ca,False
cd94893ea1ed4beca454f61fe1ca8bcc,False
34b92903a2944bf9b4e6b3647f68be07,False
220792853dd343859579d6878956b71e,False
66d895cb90b34513a04fc3ebf2ab44db,False
0a9a5e36f6314454b75a6e6bfbb7d415,False
308f9a2d9cef4d2a9b87404cf9362ea9,False
c0790ecc01c24349a52c3a3fa07e4956,False
f1ccca3612b44672a4a7328b4bd130d5,True
8b12d8366f404c5daa71fdc1fa7cfc67,True
fbd9019cfd3745239d4e3e63bfa14ab4,False
edf3283db69141ef89d520051ecf3123,True
9f78936d608f485ab48a538495449be0,False
341fce3ab1204ef2a0819f100313a142,False
6681bbdd76f543be92a5e9f9d7f5fb81,False
3c2e1da82d814faa8ba2c744f64a662b,False
d31c12d077844c54bc4896bb2e7742ec,False
fb03e164387a4a6c81bbe953870ec668,True
1fb58641245c46bca3f6c5584fb08214,False
6ac1eedc5e68468a83afed39b193ab50,True
13a43c12fd6b4a589e07ca381ab94a96,False
c4cb036b61de46fd87323d198ddb97b7,False
c3de9ee3917f416fbc66e4e12f5d6903,True
5faf30544e264081b1c25563ddc52064,False
47eb94c1d2834f98a039f5784d096098,True
6f252cfd99b14f77938712f9fc5e6fc1,True
aaf32a46f73248509497ce83176d35f4,False
8011bc21a8a84820b6fab018e14bdd96,False
ab40c114c00042d5be9ca48a9dadee03,True
4756f3de12de4612b3f313959875c8cc,True
78ccc9f7a62048e687de484795d4d58a,True
48104eedf5c54509a9a3e847e94ee186,False
599d9b76617d4ac8bd62066c3e04f2a1,False
0a472e1cdc724ba297261295a53643c0,False
959117b4b0a642079b3dfb09225eed9e,False
c4c79d3e5c1a43419b15e7e750238260,False
8d85bc8c634e413883bc998a6f858fd5,False
3392382949994ff6934dd06bc0a42e3a,False
415baefcfec14534b9a3079b3b2b346e,True
0bd4f08aa04a4f449683846400403a7d,False
1d40013838974737b36c92cc73122ef3,False
8865eb13fffc47f981edeb87c95e09e4,False
7b8ab13ab1bf4141a606517266b03148,False
7b4fadd14341461caa581dc232360585,False
370df9ae7e13489cb497f8b48402aac5,False
46a6f6c1482e400994394e63511e773f,False
e60a63c5d65b41b59938d358219b5026,False
d99b0f91e0644bc3b984592913495a9a,False
18f2c117237f4870b7adb28b1fdbb6df,False
823a246e0bd1435d8bfe910b74b46e45,True
1d6cc4c341774d3e87eb1b3d19615e52,False
d3a6c19d419d43f28e457e19c7a1ecdb,False
f0d8b445b1004819b9392bee18f9b8b0,False
379080ebdbab48639c23695417f93568,False
9739648b00fa4f6392ede986aa6d725c,True
5985334627cb427493a7f088f5813577,False
aaf975149b4547e495c990aeb7f08534,False
e43cfabdf50643e0bba3b27f60143276,False
5073bd90ae164191ae470e50c61706e4,True
34f48608f8504131b8bf677f1baeb74e,False
437e5ebf25a04d0688e21b67d24d31e7,False
05b193b347fe4279b65d6c2502b4dc4b,False
ff8c1ad406384cc992cf57f9add42b41,False
28804c2496d5430ab57cdb714c75e5c1,False
123b6beb56364555bb18fb9ec44685c7,True
fea76a9a20b94ad993a3a3894acfd110,False
b57cd2b5c054418f80146559ef1a7080,False
05f430f65bed43329cc85fa8f9e09d95,False
f33d125296b3439c9743c52b38f99d64,False
2ad2a1beae324be883413c90146fc162,False
9c75e8ff2f484d0e90e7e2569b8f1461,True
7573d3ec79e74a71a755e6597dc92827,True
912337712f364f38afe4770f937bb282,False
a5af2b513b454197b9c026f32fb3e963,True
a6ee3854312945299b57ab33c1f2e221,True
24166f4a10174a5b82495ed8441d794e,True
1fa07f9caca8401e8cd16a1efba6b3bb,False
2eb07bbf4a17467c9c3922825a15a021,False
3f334205fdca4567a2064e935c228067,False
a17a7db291194c05a0cdb8de86a5bda2,True
b9f4826123e54bb7b0d7d2d86281f04f,False
0afe5ec5093c4186a5f4fcc12ccfe302,False
536eedf61a9f4ee4a3a5b3b416495c5b,False
5a4fb7f4492847219d48ba0ddde8e5ac,False
106eecd4b7ce46a9be16e4bbcf8d3444,False
1f26ae1ab340413e9740a3f2d3d15066,False
bf53882074f744b69c11ba87ada545b4,False
3e40079c0d404978a2e11542a3df2d75,False
c23d24c077454690b90c06f1676951e6,False
ce975297f5b241049e58ccd752b6b913,False
2054fba8568743b1b5afe5562b31a168,True
4ae4be87611345ac902a8f638979356e,True
f3669c5897ff4b6184624957d2fa78b4,False
86f8e20145b44e63b51f7d278b9d3c82,False
bae3b5a5d4e14d62a49b3569b762361b,False
ae525fcb46434cdbadd273b1735a55ad,False
17ab8a300d22496fb32343dcf4342844,True
2aac8e5be6fb420d99bed8993c1e4a61,True
c649f8a0bbe94ad79dc18f26995a93f8,False
a5eb1b7a30894b3dad1f0f231986bc8f,False
4ed64504fea34b219fcb6fac90a88d57,False
cef8f502573a4070883a0759bb8b4ed4,False
377fddb4a91643afaaec79c3085c91c5,False
97460d27e14444129e6973fe4232495a,True
bb1d1d75d0d7483e9b47b0d6143a70ad,False
a949a498a47046549742be59cca70a69,False
e74bf811cbc446c0837a69dd7d36a856,False
1b3147e8e7af4d9fadcd2aa60814e229,False
73075c327f454bd796465af3186faaf5,False
2a8e1044cf704517ab4720b92958ae46,False
26d4dc1f6a514cccbce820511ee6b52a,True
fe743e072bb449ed88f59495f3f7b078,False
d25c9ed1a2d74aabbf20c5c4ceea4d61,False
c6538d6944e44fd1881bcbdda5face11,False
9811a635fbdf4085b24e5994ce9c248f,False
c92e5cb745184f4d8e1fa72111dccd93,False
bab8198620b54f8f85da6c7efcd465f4,False
ce712cdf939c4e22b6768b0a5c6c5da2,False
d3a7fccb7442474ea583d84b9dbc9aa0,False
d5d4e87de6454f90a1b2f3612cd08e51,False
abf0fdacac7d4c8bae157052aeffdc47,True
cea6f509702f47768a556ffa8668060a,False
d7a440078761480db411dfc2897e166a,False
5e2299467f1349d98540acff91a298eb,False
dd838054a4a34cd5873bf01ea675bbca,False
1041baa3bdf3475fbf78e38dcc67338a,False
688fdab7a41049dda055d5c11f336386,False
9fc11de0f02a471f82df8777e9d301ed,True
afe68e391e504b9184ebdc574a5a06d6,False
d3fee7fb3a8b4ac6ab2b441bd5d3d982,False
7232315daaef4eb382b155cf444490e8,False
c79cb4ebdf2642c2a5ded4b9e55f916d,False
88c8358f45054ccc96d1656b8fd7450f,False
0fdbd683cb2b477bb25fee256f678a4b,False
6a28960c9cda4ddc8f41a09de7de84b2,False
f895e5c68f074c889acdc4ee0baef400,False
a982e1521194438ca89a2c6c00234217,False
33fa09328638499986fd160e183b9509,False
f4408e36b06a4ac29ac394faeec2bb5f,False
52c7723bff754b54a30c33597327f0dc,False
43b07ca728a34cdbb38cef8deac64b91,False
82587828d0f145048c1dd9479eedc5e3,False
311d2f3fbb9c4198bb5cc153b165a568,False
ebad1c9b6fae4089be4825a50870a853,False
b0f0125508c94911a1268049e3a60d4c,False
549a37172fd04bab897e086fc5424cd3,False
261567e448cd4e69b0c1e6f095766148,False
701dc4da39b249fd9190ecbb373ee8eb,False
c4fd4b74de8147898d1b391d4f71ef54,False
c8c62fbf4d9a4595aa62940494a8a423,False
a26ff532fd1b40659159e755526e9ae4,False
96dec14d26184ff997a7668cb0459f10,True
19ea15c6d58a47478cb231013ffb179c,False
7e6f5daf4fe44f3b9ca8a5484dd09c51,False
a07999bad2a548b19dd5710360982f79,False
115208035456488983484260ae09f0cd,False
2334ad95c99f4b518d6694d4df4d5223,False
f67cddc375154e55990376a518ee989d,False
d248566623094d8c84076f52bc3dd8d7,False
02c0552cae16484fac52adf6998cb69b,False
666f227a6fd24df298df3d0caeabe134,False
9ffe71a3db0b4817bd3d0ee35f39adeb,False
0d2db68c3a824360aef9efb8ddbc43a2,True
12686e4fab264eb18cc4ff135c1cf1b6,True
b13061bde3074f85b049ed99c0ad9a47,False
6a08610c3c874695a5498e26255e4aed,False
c6c7e9dd8ca447238826b51d8c941e93,False
1776eda20ea442c39d9ecf7579df754e,True
d9030ee68b69429db15e3c592f88ab06,False
3c8fa054b8e1440e9a44a68859204580,False
02f703375f854fc8939f75fb58afe3a1,True
7b91cd30d1d945b180de21ac085d9e23,True
0e1c42dc6b73483392a0186f054939c1,False
ba4aaa00c3244eebb644a38b8976f4c7,False
5864c534e5de4d3cbd852141c305809c,False
6f56fa116a8b4217bd146af69150af36,False
9c3437f3e8ea4a039ccfb49b92d103af,False
ff2e852f836d473fac128ec42bc2005b,False
189285a502d54e5fb8e147b31e447c69,True
dcd9bbeb7767402996021f2690629c39,False
dfada9d585eb484dbd4681ae50311fb6,False
1cd254b9368a41c3ab118c0dc1edbed8,False
9dafcc4abc01427d8a63d55475eb6b85,False
8ee11a72537d42b7ac6641e7e95fab59,False
eb812835f7634a34a5ef2aad99311f6b,True
117251b23d0e42d0906223ea85796114,True
eacd4ade02c64902ab96abc081fc2edf,False
f05c4b9753ab47b498c6f3cd8ff9fd4b,False
05f2e144009d409797be53e60c0b99bb,False
e7deb7b4ce714b5ba92356d63902ddf3,False
26727772e70041d6b4b7a361ba1ad94f,False
dccaeebe51734edbad3fd9e25aaa6cc6,True
56d95e1c4c644960a28576ebd007cdbc,False
357eb4869fd4497f8d1cf5b0604bf2c0,False
222ee6304cc0449185a7061316a09594,False
c64d9d26c81e40239fcfa5669b2c9d88,False
e595843aa2dc42399611578e05ccb785,False
7afa31027d35438b80a52d5b78bdedc6,False
5a3156310d5142e29be0a01637d0652a,True
f1f70aa1393c4b188aa823623e67c0db,False
63653beca8b24e9798690c5888a7da7a,False
897bad397c1c4c28807c500b647c3c8b,False
eea733e347694a0fbca028af4f5c40a3,False
ba2f75c5a2284dbfbd32d5fb66395154,False
66619e55421740db8efd6295af3f404e,False
7bbe29f2d93c4de0bc31cb2c281b4371,True
7130a96cf8b341abb7f76f4bb83f8448,False
53a10f54e1064dde96e30531b399f6f8,False
5cb9d322602d42d4b5d5579f1679bc30,True
3e192a55d6fe46f78d93817ca6b18acd,False
193ee16702e84d549a872cd36bed161d,False
1ad22a73313849ca9e32823d8d2b297e,False
3beb728c4bb94d5589d21eadd884caf7,True
65dae17104ba49b6b6403772e28d2398,False
bc87b8d601a94977802d012dc647f531,False
29bd8ca0d8104304b7db1db2dfd0ec3e,False
24c2da6e790445ae89535c3a7b5a1b74,False
c13eec07c17945b3ae5b12e0626ae063,False
b1a425575fad428fa73b1e8e6181270e,False
9d546040cc664a29b703021042b886b8,False
92c233b7180340489cba8a58e35d1686,True
0fe7b131ec90475f81b05dbff9adc36c,True
b693eb954807452aa10795d99fc65fc1,True
d3abbb8ee2c847f0bfda93d95fdedfd1,False
293b14bd47a748bab7b8f696a8d25756,False
d5fee9ca3e0e497fba05d4c1a4821644,False
328f619743d049c1a4f4037d681590e3,False
57924df032f141bdb48c03bc7eae46d7,False
a977d7451dcd4032a57f860a2f94a66d,True
f58cb17ad86c4affa51cc47b0530b8d3,False
810997a9c59b49308154a42ae4a58c1c,False
5f401920cf92436a9f1822b9b91db1fc,False
a0fdef99f4e74c308892cfaef58e53e7,False
66b4fa3f45164533a1fa368e572a71e7,True
06a3d79e632846ba8dba8f5d174f5362,False
7568b899a5c04779ae1afb62295e07b1,False
f1e3cdc6099e45f285a58b2775667d01,False
adac24e1a44b4bc4ad5431326a8db4f4,False
256f8f7d5ffd463c8c65d46964a64976,False
9883724186cf412bb42887913a7822df,False
4f32e9b53cb349349321049e8dd1808f,True
b4eda8548d9643e59f9d4ace284a149d,False
32d7a1d5190d4ff69d91c64852fb66dd,False
4ccbb4734e424dd792e35e82573e755e,True
6b3650b148634094bf3ef15d856b5fea,False
474d63291c1349e4aa849fd26a1a924b,True
89bab52959dc4645b047469e795ad55e,False
4017a44aa7424bc9ab434b74d17d3f9b,False
4d89dd2a80e54982b4443016f733094b,False
b1eff1fd5fee4df59a9d6f5e8999d083,False
f995bc5272df40e6a4489ddde6b59792,False
68a9256458734661951f06563cd53a3f,False
b8f0375b102f4ad382f27bf8b7f4e2d0,False
cc316007c8264935b1e83332ab61d4ed,True
ec42147ef89547f7be3025313ef3854d,False
c545331997214f96bc64014d76d94476,False
7f7fe4f0476048a6a36ad29ba2dc1b7a,False
422673f22d85459c8f955691d08f9fd3,False
8518eddff5634d4f8bdb83ef49d24299,True
2e6298a1089a434a94a122a8a74499ab,False
69eafc49fac24544b5c5281cb13608e4,False
1b89c3b8b76c4a1e92e1e63c47a4534a,False
9fda329163e5436ba07105055c8ecc8d,True
c9b1445f654c4824a9614915a4e04f6d,False
48bb8b85725345189e77f05b70c9d9b1,False
d2e4b5fa7c8b43ac935beb30c406cc80,False
41dc5986532d4de7b89b16e13957f177,True
a474ae52f3fc492d861915cdf710b1d5,False
ea3e60664f8543e194dcdd65122fa08c,False
69ddfc5d771944429f109be2bb040658,False
a94577dc8ae0465eb595bf5c1d0ec9bb,True
af32aff8bad24ac88999daa693e78858,False
2ba605cabaad43f9bcf814a0eca1c37c,False
3f8b3db7c4e246499860a1ad16cc3b2d,False
5c52d70b8c664ccba72f6353994260ee,False
e5d8a1f5a7a1440697c4f6a9580ac5d9,False
9fb0e291e8a642e8b382b7a7d7b1fdca,False
35cee0fcf47349a58e9f86406a0bc75a,True
377045fea5cd4dec86fbb9aa5eaba1d3,True
7afb35e8b1ad451da4c4700e389073c1,False
da8a118d9d2548fb918af51ac9cd9295,False
e369d878682e40da8123a3a306e2d450,False
ca866a92bf584cadaac12d12dda837f7,False
5d08274eb7044ffeac832e82f152cf45,False
350eb1db8b8b42f2909192a8a0c99f12,False
3c9ac1db7ab940fa810d28ce09f19daa,True
e2fd0e83be9e42689c7a04453e7540f7,False
54f321a6ca7e40158b12d366b256d543,False
b534f8d65961498c9251ca830b1929af,True
d0a07fb971ae4069b44bfdece1732c55,False
9aa7b279949d40ffb1c625a2a2d84ebc,False
ff2b3154d9b248f1a439e423a825e4ca,False
6b411719e4b44199937fed410aaa0818,False
71471aa2c462466f946f577cc7c07ac6,False
7a8153f1926e4489b7bf9be760935bab,False
078c8576ee444e3ba53e5ab85279d5d0,True
83f30ee9c354411f945ab7f64bf23d61,False
d14f4dce3b25466f92c1ca55721ee226,True
6539b211703e4d7d8ec907e83d9733c8,False
d8012ab8379a435e99564121108fcd74,False
a97fbe94b51c44939d14897c5d4879f3,False
8369ed94923a48e4b564242123521e91,False
6d74978ab7f1488ca36dff0024fbffed,False
978625fe99c240f8887b0495841d77e7,False
4df64019880a4bf59802af4b4752b3f8,False
17b6cdc4e4074d37b7165f8246bbfdb9,False
fd170faafa134ed6aa65ecffad048e83,False
67d74c5efb0c4fd680bbf443de6f0be4,False
1bb2893808f045cc83a4a8e2663e9cc8,False
e126a0d670724ac48a206016cf9b37d1,False
fe36399e248d41a6b810a74266162e50,False
6313e806b85d4c02b7c69b11b92a1fc3,False
04957f5f28fc4e62bc7b4fd80e4ac59a,False
4a408aa470aa4bc58d03b8e67c0276b5,False
7b680de8a80344469b73cabec7f7fe25,True
45ad0e9834124adda56e48c6f6ee1fdd,False
d4068786fedd4999a40e216f5b015ee2,False
5fe6b896407f4e93bbc5285b846231d8,False
1be2f989ae2b4403b0991cd8067df5f2,False
ecbeb27920464f15a498ec9f846445c4,False
73bc3f2d304145cf80f88e2b49507597,False
90198a21f83d40bfba62d9d643deb73c,False
1e430422238d45c8b4c72e5b15312b8a,False
8c39935b6e5f4dcab77495ee2db445e6,False
42818e436e90453aaf7a72f81cbfb5f5,False
83ec9899d246442a8b75e41898b8af8d,True
4a79281c596546458ccf1c90661afd73,True
838e9b1d81bd4586a338667b46fffa50,True
ad9a9be0842f455eb6d5b52d815f61d6,False
a02e6163465f4edd8068a60c1838ab50,False
31596b541db94ce3abfc14cc75b4ffae,True
041431eb9a8747b2811329ade7d885be,True
1fe5b019e1bf44a6914cf536c0d90053,False
33d6bfcc64bc41b6a07ca67df8dbbb1b,False
df9f9f4fe4b840b596be1045fde32f5e,False
e97bb590560a4a8ca9d412aa49c9309c,False
cb442f8ee61b454e8a4b1f296934afc7,False
c018f5c72f8c426fa6de8ba5fe6b7bbf,False
725ff108de8046798f46281802973f4f,False
edc2816f417d4d488bc5e863551d9acc,False
0255550f4d0c4d1689422c132e8136df,False
6983ce7edda04257b24e38dfde3310f7,False
8437455ac27d4740abc899239a5c4407,False
fd7204b2e2944d1b9ae6d8b09a9f1e25,False
25cc40af08284940a859a76aac305fd3,False
b868a515a2744e3f9cf8fffdfd2f1276,False
91bc9adca41649ef918d9966587136a1,True
eee300ba668f4ba2bec26cd9ddc361c5,False
9cd3eaa18940487cb657b56cbfe17d4d,False
45b7d99289e24b7fbcf57dc929545872,False
eaefeda8992a4d6a9c8aca71afc1cf42,False
1bb4bcb2dd7846958239f076a4b42722,False
f833ea8dad6644fdb89c3dc4f9b703b7,False
93534e4bafe445128ee9b6671da75e06,False
6a612793d6f44722b1f0b795873187c9,False
d67238c74edb44ffafc49ebf326ce485,False
3726fea60dfa47eca9f7b1c9c8140abb,True
27536b472f9a4f389095056fba80162a,False
1a27e741dbb3486aaa42d516639c52f2,False
8ecd2cdef0d148c69769b0d3472ac079,False
b02b27ef9ec74ea4925b761f1e6b6a65,False
f34468694d6a415ea4684c5420ce409d,True
df73ec31c72142e4950ca5297ff620df,False
41774bc619174571be97c14184668ea0,False
3f92c1870574467283abf67db395f825,False
347ac62bdc214acf90f4490164d4a702,False
1aa7828550124015a2b1be807e743126,False
33c5dc583fd34b669cc5d0d0d22bb653,False
af15676a4bd8418dafa76edf44210a97,False
4e42781ebba142169b8f0c159423d9ed,False
ff7611450955498ea14b9ef77e812b15,False
437f8d04c6e748aa8aeeb43341d2ccea,False
00149c00b11045edb0556fd98e7f06c3,False
cf76cc6002c54d60a3f2b65a0f99f636,True
c0840aa6abc8454393943f899c4d5e2b,False
3153013beb514cf2b537e913b80a69ea,True
f37a6db83ec44462988e54fa08fc74a4,True
545e9ca212be498ba1ea4bd9c6d26f88,False
ee2bab86a56349e2980949f7ae4ca926,False
1122613008884637b565ea69658aaf72,False
53daec4efbe44915aa03d3d202e57334,False
b130ce9171d9445ba9e27a2a6e90c10d,False
0a76f517561f435291dd454e576843a6,False
4d4bd6a248c742f1a1638a933c898792,False
81083b4e9fcb43c1a73bbac5a4599331,False
aaebc53110924ba2b259db7b587ffedb,False
10f43c9f2d8b442e879ba6498a1c1978,False
6a1171292ac3449d95eed6c38f2e49a1,True
1283d9d3e13b4dda9bd4f1e6b1243c53,False
410263e0f9354ae99827f8d8d2cd3678,False
bf880c6ebb6344e8897cfcb16fcb2c44,True
a75c91d54c424c459a8292ca804e9da9,False
7e5b83b9a32849cfaeb4f995d46c1552,False
1ff27074db8741e2ab574d7048fb9dea,False
7b2f3c61680f4d1a8f10ebe9e1edd0f2,True
0f318e4199084fcf9f5e36aa1fd220c5,False
efcc0e5aae11451b851f9758cdb55de3,False
a973b6f3829a4f3ba10020bfc5985ba0,False
1255340fb31840c491e209103602f287,False
d58d3c30c1a04028bb103cf1882197bc,False
5d11d6de321b431791d350e43a43c529,False
e1d110e59dd5419c84a0f469739851f5,False
9b6163b890a24cbfb2a7c941057ccd7c,False
8a13df3cd98d4891bba93f3592c4c875,False
a72213d0235945f4b22ef3226ac85507,False
eafc1aea0faf47c1a499f64c9e8ca3ee,False
59b7d4168778413b9d6dc22d74c26f27,False
cd7e272afed3413baddc22657f907b9b,False
d819b0c1c94a45268d36e6a6235e6200,False
80a31b67e18f4f1eb699943500a45abd,False
7818876ba6d84d74b7d09bcfc87ee0f4,False
e5d0d60537854b63b9d4f812ad96260d,False
08a0aa7861c84a6fa224bafaf39b9275,False
57feb91231b54c2c91f5e94ecca5e671,False
398904b1c0f442f5be88894eb5e524d7,False
96717d1d81b84026a830b1e03a93cef4,True
c0e771274fb0467cb23d59019d7c06a0,False
b87a530791b8418798e381cfa1ab6403,False
2401f8de07f94ee29468fe73bf23a212,False
ea30e35af3554e94a9a243a2ff71341f,False
101aec49411a49d6b4e50b9d6a5c2f09,False
5494f0d62bbc466fbc94a3b838a9c47a,True
ebe942c8e7cb428ea4e9f8b2185c5fd8,False
a9e35548165747aa8063564a4ae8c5d0,False
56f04296a3b745059271a9f5918aae9f,False
f1a90b0b69594179aa3174b8c1e91a9d,True
de401222a9b241fabe0577bc894e0981,False
ed073aa55ee54073ac4d44435a6a8544,False
847ae3cdda174352a5b59cb096ba4a33,False
b09628d371f54c7e9a8391d44815b885,False
28788e60736e4077a2e2837487a38254,False
d1b5310e399d4cde811b1d3edfdcda4b,False
3f55e381113a4d48ba95814a2e8074a2,False
658e98c14d6e40978667c7a5d614686f,False
fe2bb562952741edab035fbeb56596a8,True
e7b886f83d394e8ca19eeb6fcb0d283e,False
52bcbab779c842f1a1cdd3625c19b434,False
4150a10913ad444ebe090b76f81f4547,False
f79e11e992714a2ba86b6eeb853739b7,False
bc83402001064556a00c0045590b5903,False
33d4c19c4c59458ba9d216f3ad96270e,True
bd279439fa4e47438a85269b40bea4c6,False
ebc64bf88c25426d80bfa546ffc279cf,False
9df4214010044c40b8eeea96befd13b1,False
471eda9cb160482cbfdccb117b650227,False
3e37f431c2fe4022b79663bc0cd1edde,False
aba04a165de440d589e8561d1bb18d75,False
61479f59d4004628ae95208bdcbd3150,False
3a117bf0a74b4c2d89ae75ed437ca7ff,False
b5db3258f7d44ecbb03c680f09a44faf,False
6cb293d6937a4d569269d166d90945e0,False
c1154cfda01043c0a953a993ac3e7a4d,False
edf0603a0f4e4b5e86f6639cf6f2bb64,False
9f37151307ec4cee85a54c57acb777bc,False
14b8cef2aedd412f8721703392d72d7e,False
d3e8150e1fc04f7fb3de02b3a60cfb2c,False
e8aaa210eb404d9a97684818a1dd3405,True
3bc983fe397d46a6942c26a42587585a,False
5bc5dd4c71614d77a6e6ca2a16b88893,False
62e9434540714cbaae18902b28cb4c1d,False
7003d92ceb954b0eb09da8d02f7d2dd6,True
ac483e3f06104072ac5b4c1777a1eb19,False
3857b8d41aab40a69db0b608052d4e8d,False
e5025348058143a28a02e7776665ab7d,False
392100198575426d81aa29c11feecf8d,True
6d26069782cd48fa94d053c9d0204afb,True
9c4ba20d36e840a99b1cff02514fec24,True
7505853fb5c548079c0916f755585441,False
4779d810c480415ab09234d7c0b69655,False
da80db45e9dd43b5be8acfdd1e3c98a6,False
0d5df802a5e3448885030a908013a3b4,False
f2980bb6973e4fd1af7fcc0c319d3ca2,False
70676462b4bc416eb567540f2f8480ef,False
76b6125aa5644ebd955fb43b14de438f,False
4ab3d1f645624cf6907b198fba28ecb2,True
3dd10d7df76349ca8aefa6f0c105ba26,False
afe8f9856e7941599e9893f0ac60bce2,False
7b0d0b747b354b918beafa976f3aa75b,True
697d7c5b9f8c44a8a852ebea99733b2f,False
ef5ccd10a0b3457d98cc79f97668aa87,False
686a6d78bd5e4fffbebbefffc280302f,True
dc0fb129ce6f496cbff4d507384c8108,False
67e87d315c2d4db599bb67ed1df3f03f,True
9b50b61c102b4b84bad30695e410c4a3,False
9defdbeec392482cab672430b0bb68b6,False
feca233bc2a84fb3aaa823100b57dd3f,False
cd662b6adc3f44f0aed919c877139e61,False
04c938fcd1e946b08110c95000783744,True
b6e496c5d6e848f59ecb96ba06f9f0d8,False
8361cf172524446cada4266c6107dbd2,False
48df1f04728642f1a010b043006ae807,False
7067adba7db24a4dbfdfeea4e32c5821,False
324ea021ecee4d8782d30e159473d0a2,False
26c667d81d2d4b8aa6ac407d49e1d50a,False
e4d070da18d2454a9e977821460dae85,False
fa61879c11a64050b4d8587fc4bbe706,False
d72ff0570c9c4e04b477d6f0739d0519,False
7504bb9fc16a4fe7a051214b9f99b5b6,False
a0dbe69fccd449d38163b74e5c31e147,False
072c22313dd84fca9e7e9103a108f485,False
1fb42107fe3844309aa5e4c53cd7eef4,True
7b383e8ee8e54f829e68cfd4fe4b4f90,False
3d2f5d1247ba4c2abce73b0af969ece4,False
5e1248cc690142979530faa0a238c2d4,True
286645b699a9433fa0f0c38519002058,True
63f2cf46c27245b7a4bd9392a9294523,True
50669549707f420e95c48c7ddf53a9ff,False
78a99ed74e244301b83654cdf6f0758c,False
6ca05cbd8d154b74a89ab35254cddd76,False
8bb4c5c7f93344d698991b60893f417c,False
22b841ded1b340caa6b7faeb29596b57,False
2197634107304a56933054c9b3953104,False
7e0f8dc3ef064b2aadd1b0e51c2d562d,True
f9bdd42cb11e456286a847a6b528335d,False
2ccdd7d27caf4a499fa546d83407f0d1,True
ed7fb32604a943e8b0cbc6b9e8e4d609,True
75b632c92c954f23801397e60be2eb14,False
d10a37e1805c4d429db8202fe8ff1617,True
cff547aa8b4a48d791efd59b2a81cd43,False
556f07a75c6a4ac68f6bf0c23a2b7b52,True
da112f419ece473782de47c6a65168a2,False
065b1e3878cc491bbf58eefbb1e878d0,True
d66460e3cbc5479fbe8445a7293ba0b8,False
94a178a716b0490d973e2c9426d095c8,False
f1215ffcd43a4c618a13e2b14bb6d10e,False
eb1d777ae2464135bc03ec360aa43483,False
74198ad6d3334081bc58be0b500090b5,False
d4d591777ba247db87c71a97c4ef4d64,False
44b7c28841e842b093f6ac7a583e476a,False
b1be3cad9f2d439b821ab6dbf0f296d7,False
efff3605ea1340af8a29b9ba8da0151f,False
4161c6dfeab341bb8731a78de4e48a4b,False
2c33b26b05bb4f10806aa02c2ad61fb3,False
604e2174e2a543cbb138420602a04f7d,False
7c1cb08da81047e9813e19cbf693dc6d,True
339d24821179444db704f0952a12f2ee,False
b6f1104056644265b9b00ca0f246969b,False
808713b6c9c945ba8ae7aa958e6beccc,True
67ba54fc6a7c49629db3748c0e7c5eba,True
c35705ec563e4342a24ea9887eb2d38a,False
3b747e622c0a45c6b43585d6f2f7352f,False
8f5101d78a93477088955666c7068842,False
a73710d15d4a4a90bc28c8f5bba212df,True
31f85686994744c98f9f78f51c631b47,False
13942ec536f34b7dbd8fa9f4a0c93830,False
ebe42e64e6984340b2e974a6c8776738,False
da17e007847d430ab2dc58d3af3bbf36,False
ec2f08b1ecc644499b00d11b266d23e1,True
3277ae09a7ce4803af944ef9c1f2d2b4,False
201da1bdb486481685079266f16f14d0,False
79f654308171422786837d7f50480953,True
02aea7e7d97c4b2f83ed9e33c62fbba6,False
6fd39b8d1dbe4a5a8c273f7e3c60f985,True
38460e410529466e8ec685e5064c5974,False
1e2e8d89d24a40afba2ed0c5e343c52e,False
171c9b01fe484f22bf0f745efbc94ca6,True
6e6742ecae864fe086053b0d54b98fad,False
138accdc9f304341a498f5b69b90b686,True
0f3aad2dd05140a0b6349a751b077daa,False
2c9812dcfdce4529940367ab4fb3a262,False
6fe053080ec6472fad721cf20c0386b5,False
73d98c95ef5c47028dfb566834ac8466,False
51b8639a893e4ca2bb40a4c94c8f9ff5,False
27210aded4c2400a8b5443c406bb81ca,True
8b5017af002442d39ad975ab6d316cee,False
08cae01bf8f5440c9721642129ca244c,True
7a4b4c1c48544745806ab9a83d8ae66e,False
697c2d55e659495d9047f57d8be0071d,False
12969cd2f73d457482e215e16359d1d5,False
86b6dde0e47e4bcc9c9f48d1e5060326,False
ebc431d9699d4dec890f24306c2fd16c,False
896ef10028a5416caf7e390fd45d19af,False
d5eff32e3e964087b57ceca77834cc89,False
4f1e2efba21845c7bccfee116eb0c748,False
574b7969f48040129a66d37824554b3e,True
502cc9c4302746acb42119e0eee46334,False
46414b07fd69482f8896590f2059d54c,False
eea9824332c3475ea850ad23e467fa8a,False
4ce7b6ece9c84b2e8f08e6f07af57137,False
82197f8952c04086b696af8fe5c4f7a0,True
ec3370d57695477aa10eab3e46ab0003,False
29fafacd323241229c9d37f809a6eda9,False
8754dbb1fff94c3d90a65563881b05b0,False
cdf54432d7b54c7a8726cfac68b6fb7b,False
3adaadc0030f4c71ab0d0f45e614de9d,True
c9ccd0f6b40f4ba8a004251c62c99348,False
eac3e0a093894ee2b38ad3e227a90145,False
a5600e902f0a41b9b9566acd678e7f3a,False
40ecbb7bb4ca4548abd8efab80959fdb,False
997e79d1c42b457c9d1800d0e9e337f9,False
600f3fb166a14aa98b42dee148986722,False
3be6c9ea2cfb472f9b5caaaf4dd616ae,False
966d1ea8a86e440497d4bb0298443406,False
525f45681c4e4900af3c8bd1878f8cc6,False
a7fbd0bacb524677af0b71aa36f13998,False
ef50ff8ef1b74133a67eed6a3aa866a6,False
06db3c614e6e4d818834f631cad0f8af,True
7758c1fedd9f4afab8e0b283dbe914b1,False
980d70a8c8f14552866f126340a9e111,False
cf61ff2c0d31429483e70b413047c988,True
8b360bb9a9154acebf8d2d1e731e07b7,False
4b76e15fe4e740d083296734eacf4662,False
db0a83115e724b6298509f2269a3b696,False
329233c6902645f99c7e3fd79d005485,False
40298ecb870641bbbe503c26cffa0adf,True
8ded36c5afcd4afb880bc05abf384d8f,False
8e6470adbd6e42bf8abf96f1c5326fcf,False
488ba577b00c4eb5b291e2e9aae22ba2,False
605c46f0568d45e3b06a4f799b2bef80,False
5c2e5e207d9d4056818ea0b78bfc324b,False
3b9d576061f844df81d20d962a15777a,False
6bdd1e1955274834b69345423806f4ab,False
4a661c83f0b14113826d62ef84c5ff95,False
a8514e92b9714e4eb168198c079683d2,False
360ae45ff93b485da3e36e7b3b9f4597,False
9b2a2daa17f3412a87053967194a3288,False
7dc25a3ed76f469d90af8c2d0264ea43,True
cab1a16fa99446b0854cf1126c45f283,False
15d681bd58dd45e59622bd0c6afb475f,False
a5471652a0974719ba833e1c9d1727b7,False
e1e6150b20394baaab096c0d5e58ded8,False
c823467a283b4be2a50d2b7094bcb52b,False
e316022eb9104ab69af6af2a38063988,True
15e21fe6911242fcbb8726df553b6221,True
0bdc67d2e4c9478aaa992632c8fec862,False
497a6d1345c84f7592f11f5361dd4a7b,False
bbfd0ee91e224edf9a4b6b155b339b2a,False
942afbe5f6464fa2b406613965ca2d1d,False
98fc493bca6f4f6e84161282da099bda,False
8e1d309dc5bd43dd9dcf1a10316ebfe6,True
913a42d61a064048996f32dab6d38c72,False
2d959587545f446488d2810cc364416a,False
73f9d8abff4040ce9531080179653ea7,False
2b6228950e4e4500bc3e22c0ece3571d,False
465c7d5d0d1a4bb3b3f346019b122196,False
0eee6a96b42a412aad5fd6ed1403807f,False
e458450eaee34290add52b7c2c0d67f8,False
422b6c61f4ba4108b3216ced36c8320a,False
6947f20e217c40148fbc1c66b7439dd5,False
18bff0cac88f449ca159759babe60866,False
e417001303164bf188add3d512b3c5ec,True
00d6c376ddd44a2ca44b110770a52ef2,False
1933b3b1f56d438cb4c1b80eafabd56d,False
b973f5ac12a046eb888d0445a986cf9d,True
b43a6bdca8d94377918f5c04e4c47c54,False
377fe37ed4b6492492a8afa5fe412019,False
4c23843663f946668dc1d624225ba47d,False
fb4bbeda3ddf4103b373e9fb300462c4,False
bbe20f827c6542f0b246538d1ff59dd2,False
2a0c081170814b2681792dcf6d627db7,False
e69ea41a028d4263a0b3fbc42b9e1bba,True
f4d77826214644d29fa01a2533c7b607,False
e58bb92d340a4f56bf552ee28928e69a,False
e149c6a69a4d48bc9aef81d1b2df12bf,False
b6079376f5964c40915fdaefcf212318,False
73ab43b363fb4b1f9bf2b841c0bccc70,False
f9926f9f3775477da5f23539d9f99771,False
bfb42ece6cb148a69c98ff56242f3d46,True
9a37197368bc413a8e29fcb1ba27542f,False
bac2c06f21f4491593787363d3dedeab,False
26958c9ec04e4937994d9bd2bce77745,False
f1fca198269e4f3a8a629e3c4847aa4a,True
81a6ba8d96f6457eb0708ab429502003,False
5906b414153e4e4dbeef090ae6635d92,False
f46d2d45880341c290d22a1f3f90411a,False
7c0a6d730a064b5dbf83a56490e68baa,False
74c132047bb7469d8d7e10f375ce2b34,False
d884fe968fd046fba5d25efbb67cf165,False
702b844e7a9247fa8b04551ba29fb431,False
b5d72174ac9c496391a0b52ef8f67100,False
69a86112f22744f885bbeeff7b63fcdb,False
d4b5897bfa124b418bf53b7053db0f20,False
f9b9322f33e044c786f9f239523d7314,True
ad528cc5ea734990b9b11cbce3cd6a93,False
91b77431e4c240e9b5bebbb6db3cfcba,False
62566bb3b1e04b32b4a5ea54edab2c8c,False
6e8aa391eadd4d139e3e79c61dc0be03,True
91363a7f57c64722a6c24d2aa581d7d4,False
fbe08deb06e0445091fa3def36239efd,True
c6e7cba5ced84c159c484736c214b78e,False
d1ef72e1ef354a1e80276e31bb0761fc,False
2dd4a8999652434f8d78440b35e26129,False
b1f89435fd314d428cde926732d5502a,False
1d6e8d91b5534a229c20f2fe154a3d2c,False
6ec18d60a38c46b1a3d6299023c3604f,False
6cf999f547724cbbb245683c8538b530,False
865ff5d244ba404b9d96e46afab932d6,False
fb56507890b7410dbffcc93532f8b265,False
1f1f129aa55c41fab46d706086cc96d9,True
3fcbc385d2104c75854b1dadd6878dc6,False
7fc62d87862c43b7b65f2b8c8e68fe47,False
71d7728eb8194fbb971d82f4953346da,False
07178380a7394286a071f963b690e782,False
dde7d80e260e4399b2314b3aac4c23bc,False
8d52f5e7efc14a38a18380a52648ea4c,False
da4d3fab8cd743fd993abcd06c0ac893,True
c120c99d6ada4f40a96588b88bc89a23,False
2fb4ddd128f44e7e8b05175e9c4349dd,True
48529ce246b14d5fbe4da491d3ada6c9,False
a530f68c4f8a4c8ab1364cad6d74b521,False
fdf9a3bdb03844cc8ad4143602f97c81,False
69d068149f2140c499f94941200c31a5,False
596011a273534f4cb15b0cbff1030464,False
6e45cf362db84d06a2ab3f971e23f3a3,False
fd8406dc0b9c454d85c4524840296bbf,False
a6cb4f8963cd40d5ae32c5cf1d0fc40c,False
ef262fe343eb413f87386a66f20757e2,False
826afcba916d4f2ebeb4bf79536834ec,False
ec1804c22ed84203a2efd919df1567a3,False
9205bcae8ce143bb8dcddabd5290adb6,False
2754b512d2224630a7f59b686ccc89ce,False
a584a0b921404e8187b684f1b6459848,False
dc05d194187247eead627210c232ab71,False
6bf8e3444f03404fae1647f243822f47,False
ea88f461e5614dea8d50cf7baf8ce2e6,False
92c1d36f34d94aa2a3930e71f8b98adc,False
c938ad0a7c9749dcbd58d88c2bc4e1c0,False
3e98745606c340548d7ec4d16c32c7e0,False
f9548d2766074a55bd825be7ac8818b2,False
7ff627de6587413196d488a0226c2864,False
38fa2bd1e4e8417da1ff164898d3dd3b,False
f863f37cf39c4b9b8e72332037547ed1,False
2e1b1f9eb0814f3e8b4719f71459d2b5,False
c5f1cde590c04d82a556fc622b63b852,False
bfef87a599814c51bb620454bdc6df0b,False
d7c526a236b140da878f6c17e9909620,True
47c55224ec914f438ca8ec7f616f0fcc,False
c96393d1bbd7486a920a6fb061d78c3e,False
63f6e2a170fc4244b8a6617310aa9c87,True
ab97c40611fb4540b3cd3704f23d7f70,False
90810aedc0a04a06b7d32e6f4e8b6d75,False
92b62da7274b475f854191ebba9bb994,False
1d2bbc50784c4b2b9b4a28751fbc52c9,False
a6bb14afa85d4051945e417a58056a82,False
7d27e5a992ef4eb19ddb39475198532d,False
125c0af8ca9c4185b3b5d9fa0f525448,True
21b5c27fa0564e009f57e3a64c3c9188,False
0fd9ca8875ea42f7b3f855a1c1307a3f,False
38b68b5ad6c24dca89b84673548b8aad,False
3e82c0469f9346c190dd6d73d32cfe5f,False
3862646b017e45fbb88727f54cb94903,False
823c103c70bd4450869bc049b95d2b07,False
bd4158dde8a1487a8afcebbfec22ef57,True
e4cc0cfe6c884cd69300d76277385b6e,False
82c39597b4674150932ff3fc854729c4,False
913e829c81104305afe11d7d45b5ccda,False
5500cdb5674a40518bb7da016a795065,True
87815f7e72e04235b0ccfc4b8615e1d8,False
14165fa8e14643c692e47bfb6cb7385a,False
848cfed008b8411eabdbef6aade66983,False
29ea90f67c8f4c0183e2a3ff82f9e64e,False
89af794f2d154ab28a25ef9e292a4558,True
ebc355286b3f4cb59ac3b8f25b664e55,False
7f1051f5077c4b8684cc76a9390e2aef,False
969ba81ce25b408899e58965e032c847,False
2f73802c6fc2410e90fc7391137c6446,False
decb781f14e344018dfbfc49567a420f,False
f359a9f5edd1464e983cfd334b3a1288,False
aa593dac51b94d12b02aa4f49bb006c0,False
a69831999d3e41d99494a5b921725e56,False
df25c21f77964702b6b3f51c3d76970d,True
3c3af1c21b234f1e8778a520f15b902e,False
c3ab5a1a0daf4e419b1d3616e0767075,False
85d150bc610c460889bf220f0d8fe1ae,False
c0f80a8f418a4721b7f20933de5f9594,False
43facb0895b64a87b2ca31f6ec73c759,False
6f353bcbd463436c88dc3dd40dab4e31,False
8881864c55a040febc83ef35da8bab2d,False
c9de8848d72e40e39b54e791be97b4c8,True
e2065277fd0d48b7997973e914d6e353,True
e93ef7045605482e9917e2b8083218b0,False
406c5ca433504705be876a056845aa07,False
7325a5e714f24b3698d25fb20dc3d59c,False
9ac4e1f73c554bdbb9964621b792900e,True
09ff355aa9d14867b375f4360ad95080,False
0a2eea15d1be46ae80ec9d3dd5a71d40,False
7703337cb2db41bea628fe247dc021ae,False
730cbe6ae52d40bda98ad4bd34a72be0,False
f0ade5aad33b4c96b1a6514f9a545d3c,False
58743a58461d43b29a35f732fe2404f0,False
750c0cebf6b74ba9bdb48545be25329f,False
a53de3b690924be5ad8e7aa6316fe09d,False
aa6e3d1debf14e04872ab577eec99fcf,False
8adbf30412184130916ce21a51fffedb,False
ecd2b60751d14484b062d9b6aa88873f,False
ecf43e3193314558a203330837a7093f,False
259339bc2748403d8778fd86d556c22c,True
9a3afe42c3304d2e803ce2ef0d59ac54,False
f56ba3b797c547fbb10319c3280a9076,False
fefa15dcfd5141ee8c998aec186bac48,True
125f86c5a59c4115a2e9791a0e82b848,False
3c82c92b09294aa08ecb0602b1c99c00,False
d8e24fd2ea194a57af954685283d835b,True
bd389a5d63a34d0195594c34f42c0560,True
c84313d46138498581bfc2c6c70a246b,False
2c56e57125454b1ea2b687ddc75b3380,False
93ffd98f85b74281b95cf75ff2b06b6b,False
641de77257434ec4a156534e3e5c6868,False
bdf834f11e494453931b7ae7225fe7df,False
1f5a91afbc5d40e396b0cd780e58aef6,False
d890f395567d45ef963493fda1be4b4c,False
0a9aa9e457b24730a47382ce2f40ff5b,False
fc52b525295d41fdb0174d59f8ca21f7,False
e733e075130e41669b340a4368d88e9c,True
56a93b3ec4d14898a49f741c341297a5,False
b0d1a0c3f61746c7af4145fe9b41f22d,False
ce2f8b71604d4e6e97882917598fe849,False
6ea98b65e5a5455ea6e91cce4691529b,False
72bab99ea423422c83e26c8fe928f413,False
bbdb2f80eb254230b1011e67676732b1,False
bac65262b7c4422ca9e36491a02340ee,False
adff6ee63be64ed5b8f2fe4bc03045af,False
9360f74d2b3b4843ae083d117b4579a1,False
3ed080fb6a37499e840590038a7f4a89,False
f50d3b7eaee74d36a207c4f7e504c414,False
245d9b44471243f1807d3180eced840a,False
aad761fce6f64108a21cdf2be2eb4900,True
4e899968a65144508b682018d0d72779,False
5c6bcc9c23184ff9be027e045ac15343,True
148c2eca1a5b40ffaf26679fe4939dad,True
0dceeaf3d59b4875a13e23d8d0a31782,False
14dee28399bb41d482f0faa7b32c25f7,False
d1ca621e391b471faa74943c9bab4468,False
2231d88b5e07472c9b10110c5b006172,False
20a9348205b340eb8d462dda0195b5ef,False
0d11099116e1417c90c8460de54b34d9,False
c4989c3e86454ee3bbe82d43988902bb,True
c1843674612d4e5186f89affeafbb679,True
75a001cb99894f4691db28045077abca,False
41914a5eafb74af887bf2a5b070126e6,False
80244ed7cd03443f9792c58b7bb9f578,True
5344c79f55774d1ebc02c5b6acaabb30,True
6b948da153574ffe8d1cd06689ec83f7,False
ea9cc1c6a1a94968856ad7a0740e7707,False
b0262a4a16b44ebcbe76c401692f6933,False
b6da52d64d8e465e9e697febf558467f,False
eb1faedbf3c44455b48c32982b99712c,True
809e543e89a04aff96a4cc537b33593f,False
f36ada23bfec400a835cd62adb621d51,False
5560084d94014147b303a353cbc75d8c,False
c8a749629bdd45c38899fb3c21cd74e9,False
2a7e5d766f6b4bd58bce01944ef7a2bd,False
35b3ba5081714e3c87fe767f23297249,False
9cdee186ca2048c2aaa4b17cc22aca2d,False
d0da012dbbe74a7c8fcc07192bb78c21,False
168a83c7f2da4f8a8f92194d72d15ff3,True
147a24d2ee7c4a3ea8740c22f1c3362a,True
a4748153ec1643799c8a517408aa888a,False
d55b855656ec4a12b642d185b3ee8dc7,False
1483fa0b4dfa49d7b72b71e2a365854b,False
2832a8082c514ce099915833805452f1,False
cb85249bb59d4fd290edae0966befcdb,True
82f224fb4b094eccb1346fa15b0152f5,False
b0b5a3a558fb41ddad27ecb73418267b,False
459c2ef06c504b89a3f6c76d0aa75177,False
feb06d3f8c7c4efd8654657082f84a9f,False
6d9178dd2c374632a88060e54832cf02,False
417899485dd3464f90753845d3f5cd0b,False
99ea9aab591a4cb9a34c78770594af15,False
dad9fffddb5e4c40bdf66ebfd8edccdd,True
f44eb1a51a62470c883adddd6991655c,False
d7234e1478b54080bd2c251059f1e0db,True
8298aa48a6ca4920b5b7c2e0acc19d13,False
b09e4357090942ddabaacc8ddf6ab421,True
64c8a7221b6640029a941b08950fe4ad,False
e59b281c4d6c4c63bcc1dc4cd25a8dd6,False
c985e70600824b4e952009b6d870d9be,True
ee182e2b2fed44ccb4315ca3c6c56a3a,False
521d2f77bedd43f6bbbecbebffad6fdb,True
44d155fa17ba4e52a79b4de967734d44,False
42a30502b92046a39d7a28505a7c95f6,False
53a002a866cf4da1bdcc1fe2df77bc67,False
b514fc9f92ba4720af247b840c0274c3,False
30d341110f3246758f735acc7e9668e5,False
ea9e12254e0845f69491aa87d23678e7,False
5b8154b4e0fb46c2b727ad8c8d4e9c73,False
66c28b246819483a9e8e6a0f0397a661,False
17ee6db304f24c78b432d1b38f4ffab4,False
1fc046583ff644c88855ffd2fabb0e72,True
ce85218d5b7e47fcba4e58ad0db9f646,False
daeab4dc8d2546cd81412f34a579b5da,False
274449e0588941c09223292f392f29a7,False
78a8fb5e973b4113b7d0104555844954,False
2544cb32eb6d45e983df5f7972978be9,False
eb2b14ac17b3458385ff858cef7212c7,False
994e0ddbbda94e04b73f3226c0bc5497,False
5b2806b8629f4c4dbbdb0c7c64af7a99,False
0ae62e1501c84462ac2261a8f972ff21,True
b21dc988ae7143d1a5d835421bb51525,True
81773a284a934c938ba9aa480e70781f,False
10a7e39d5dd740c58be07831c51a0b1b,False
603b443ea4b44214906bad972dd52374,False
bfdcbcb1979b468babb46ab39e8c1f49,False
83e26d1339c443f28b257ab94eb366c2,False
fc019048535f406bade0b4847a811667,True
c438e5534c9b4f43bbd803ecff9bc80e,True
ec233c3c33ec47efb2d17f7e22d0ec78,False
0ad441589b6e470299f9ad7fc4044d27,False
7ae32982da6a4d4ba8eec35d5bea74b6,False
f94f0252492a4f6584286bd222cb01ae,False
0289269bbe114ebca70a1dd07deef794,False
c9fa549cc65b40b59adfe03543a36c3e,False
f97968449bcb4d3cae0b09d8a111a1e4,False
4986b602252c43219f8e913188cfc341,False
ac24795749f64e00b4ce97ed955043a3,False
601801974af04f108449d1d17598822c,False
5595d1ac4645423285178999c7ae4429,True
adcbf432188f49d1b2e3acb14bfb6968,False
0ef231e901b04dd6979e2b8ac0a35ae1,False
5e33a78e2e4f49ee965cafb38fe4111e,False
5d182fec56c14a45a1128adb5b3f6f43,False
d9c5cc7783ff447f8ff41f2437f4f300,False
eeb37078639a47bcaf0326bfe6cd29a5,False
f41d6263690c4430884da7200588c95f,False
ff53da9149d2410981d236f502f26df5,False
899b3b6508c64e9b9188776a403b2a33,False
c42bae312bd54699b00b9d83bbfc4884,False
6da1f6fdc3af44b0afaaae139146ed3d,False
2068b70190804d2e807af3e5d296d999,True
ed224682b14d459fa3da0f6dce7f0040,False
acb7817acb9a4c2aa87fe57e3c17803c,False
576c0cd4a2ba4eeb9201a046ff8e631c,True
76bcaea79a6f4df3ba0d0ffaa00d756e,False
bf86a485e56642c6a3790b5ef4f3648b,True
6ba0d4f3588a4aeeb910d64e94aed698,False
514bb05e1a9749889144d001d8175528,False
64365614ec8646ce81a78c306ff3b87a,False
f3ff9221d5ad4e47a759a3c4d995305b,False
273a1031867744728bd7f322e4bb792f,False
ccd7f0fdfe954d40962198129b9f24bf,False
1327b1a439944d4fb7e4f02612dd397c,False
231f6093801945d6be5167b6dc79045f,False
93e157093a714923a159cb8263f37667,False
c6fe80ebff474317834f3975185b60dd,False
06dc9dd2f4e446e6ae799f449be699ec,False
d2fa11b3139c447783a32e233ada9ec5,False
283cae7fe6fe43609f4ca69984a01846,True
18d2046fc6fb4540a039879ab65a9af3,True
2a856b8efa5548cd9f13de07ee508be8,True
7142ed9fa0e84009a121016e4631320a,False
8316fc06b67f496ab99a05d9152638cc,False
ea320757e7544f18b5c9ce44698243bf,False
1f1a2bd73bc243349b716f5031c4b1c0,True
23dce20aab134cf6be41e1bd295ea024,False
2c9ee3606836478286b18845968d9867,False
cf2fc19959804a6ab3d5f317d42c889e,True
fbbee3a4177e4bff9552c1d85e9b53ad,True
75f90e95b52e472b88155cb2feb1a34e,False
1e2a9ebab946427e98818a165625eca6,True
ab65e657bd0f4912a2b81e84164aeb8f,True
201b2c18a29347a986d8b4b65583fdac,False
565aa1b2bf4b47c48d898f3dbafcbe08,True
bf01e4ef6ea7400287c0a7ba5ca31fed,False
69c0f08dc33a4898ac7a1521f34b8c54,True
016515d964ea4b97a1cd429e2f70fa34,True
7f1a9b9e5f5f4a1e98a90e3732de2ccd,False
442a5c39b3d541fa84955b3c651fa9d6,True
f6d73857c35846fca2302c3a03dc9d0d,False
fecbc5bba81a430483c577f1317b310a,False
d68b804abfe94eb7b9b4b0e39aec3f44,False
3e22e7118246496c91fb17f80b4aebd8,False
446420623a2a48719f55a60aec681dbd,False
0d7736fbe7a1425a8b778b964895d373,False
a7644fcf6ee6497a886f2796610bb7ee,False
2322d5f2279e4f28aab155a2d842f0ff,False
2715e52288354fc6bf4b6e8b01dae3d1,True
51ce9097ff2346259d35680d78e6dadb,True
c081fa53433f40dba4645d5d230107e6,False
7131b464c9114cfbbab5664a4101912b,False
d2b871c2cad749b09052353f6a4c6c5a,False
0b53415aba5d4f3b8ff3ddc3897dbe59,False
6853796aef51495c9c3136b1d5b8bc48,False
5f17565f3fa5468e857d85fca840055b,False
03ce6f9722a3473c80cef36904154281,False
7fb08ecd5643434d9cfb327eec37b00a,False
7f77d2c0b9944608bd9b1c79f7a4440a,False
33eb7cddbce843c7851d01b67437e381,False
e1b7b39f7d584fc9bec9fa7ff370930a,True
f1c775b3aff844dc921406cb1373cb11,True
058f73ac997240d1891b56c195300c67,True
d8130c957f284da6840ab21ee6efb5f2,False
4ed796b8cb7a40ae9268e26f16022886,True
0015448370b54218b1d80c75083ba99a,False
a97b823c602a4e77b5f5c70875b4fb25,False
d7a1476e9d1c4b0eb91a8ad56925236b,False
247e94dbf576405ba07bb919c613b619,False
783cc2477cda49d7866f41d9797b0cec,False
bef48078aaa549deacf84d09ed12ccfe,False
e34924d7651e43efa6864fad71b2ed06,True
9472c463e0d24dafb47e8fa057a1d095,True
28a1a0eae1134a02aee181804a54f256,False
99c711b7368b4fce9b614cba9845a7ee,False
2e150ea6e52a4fd9baa94822e9f43162,False
fa39f2615f844b9faff88c224d8fbdf2,False
e885fafde4db42679d306dfe0a29ebf5,False
62126c12d2a347998ea5f9f847d989ab,False
205c2299a22d43e5bbeb7e8d1ee51431,True
6ff084a899c6401a873af7db67aae734,False
7349a304e6194581bd6fd02274f62d55,False
14d291ce82944cd6a9df5bd452b6f944,True
b26d11a33d6645f6a3792d3793855551,False
174825bab57c49278437b6559d46fc8d,False
aba402614d6b4bc49c054588bbbf8e8b,False
37b26584ecac4a72931364cec781069e,False
381685b278e84c5390826b797bab1a2a,True
922a18705cf54890b16e1f2f75662cf7,False
461571c8c2944e6da53600de65b8e56e,False
3ea22cfe9bdd4a1982dd3a014c8b1710,False
751ae85ac0e844119bba5244d076bc53,False
ae4f7856fb1c411198cdb73448dcc573,False
d4d7a0b647034f98af131c030a229047,False
8606a7c22cb5494e92a3670f00bba151,False
3ca5de097bac4d7da9a00a33deeadc16,False
b6f5b3f661d946fc80c56e74d8e3c042,True
7e183c5d6be84c21ae1912caa61d3b4b,False
852b85efe0e2471d9867fb71773f6c1f,False
9ba3dbe94405468ca2243b5563332c04,True
3b21f4a748784cfaa69fdcb263cdc6b9,False
f97654bab04a4a2ab1e6c21dba2719cb,False
f7d86d09907641db8d9ab0135987e16e,False
75cdddc644754b5a82a174765a05651f,True
7a69ec630383455a877775b147e573ca,False
088910c1b5d74bb0872a8360828f2882,False
2f970b5133014512ac78b9a0e9a8f80b,False
617498c600fa44a28eebe9410a5106d3,True
3708edce70ab40868fcf2987f54fd344,False
246a70a8d8614ac5b999455ff1d1e663,False
a0eb4f9714564748ad1c118516e2fa68,False
31394080c0584a10aae3e1c33d2bc047,False
49a8b3af66ed4602b2f804cf08937162,False
f3e48e2051674c22b074c150ab61b9d1,True
54f59bd5f56941a7998ad6b6ff1c5ed1,False
19d8ff83825545049af51d1ea3844ee2,False
4dc19bc415b34b4c865e536d6061aad1,False
4af05e6e894c48faaddb824a4e5d9d75,False
869cf899ad4849279b1a0ce87669910e,False
be661baadae94cd282ddd59e536278dd,True
367fa7907d8944629bde2a8f79d2a256,False
8e9bcdcdb24d41ef880fa5a6a09181ed,False
1240f965bf8144b8932629e935faf068,True
9110bb48995d409bb9d69c164d4ad4b3,True
17f59e994f17479e8a8baa7d7ff91aea,False
b9663520019a45eb9fecac4e7b8fa5a8,False
403c552d72274dcb917d48fd0aad048c,False
f07b46ffdedc47e7bf71549858608e79,False
66a0d839608c4582a27f7dec2ae9bf75,True
066bcd3560c7462db5751ede4b032fd5,False
3ab20ed57a25406baf26fb1e056dad03,False
b85a6eae6ce34670894bc2d3de698a7b,False
9e731e8e88354fc6af27041dae246f9c,False
6eb6185ad2694132911ecb59375e90a0,False
81fa78b835db48698fba5d73b08a07f2,False
83811f99ab7f4f9bbd14fffc4c544f6f,True
d8ab35fe78794c7188cdb98cf553e9a2,False
c66e8977160c49809579127e3ec85df3,False
88adf95e5a2e4695b968949eef626996,True
6c10659ba2bf45438e0b43fe4464c95d,False
83c0b7047e714a1f888faed28765a106,False
70fdbbcba25c4efe8876224e8abc9057,True
31b10d07b94246ca9ef2649067f10690,False
cdd0cef2cc62410d9c1707d1c24f9275,False
8e044269693b4b29989ef7ff4d6cb940,False
951f291d73c343ccb8573bf60e81bea0,False
4707ad94d1174eb0a208d371bd1f1119,False
be3f1ded788a49b484477badfda31e07,False
c56cf680e4e84771b349f0fc60c08a79,False
f12b0fc9f5cf426f8242439afcee4848,False
1a2668b434dd42c4812d7aad268230d3,True
83452e5c5b7346b5943b60ad5cb78126,False
e60d823cbb174a27b69bb3cde6a5acff,False
a75af70e9c76465ba15380936332edc9,False
e0658ca28eb045659545115184983792,True
77c7262e56e445c19354e690f580ac0f,False
c85364c748b8401a992492d6e876b656,False
1f3deded0f354c13a6aa93cda7f865d6,True
731b2d97021a4d948acba2f3760f2ae2,False
e1876fe6d1a245ef860d19888223d151,False
bf6d39bb3fac45969fa2cacc90765e58,False
1fcd255920934458a568c2e47840aa6a,False
ca2a0f21de0a4d60b658a18c64b7d8b0,False
633d29af74284ee5ab588d4a480b45bd,False
7bb69f9d7e6c4c9db809eec627645758,False
4d8ace41d75845dd8eea6c6ff5f1aa0c,False
570b81ba94c647b4843752172f3efc6a,False
7bc4cf5d05a8493b80b7f7b5cb82e19c,True
597d15636f5e4b8eac57fd761b363a76,False
f056931f90c24d16bdde813a01594be2,False
e4a12c81396b4f99a05ecbe73e4efd03,True
daf0284c7f5c4bf7992ffc44a9d591c5,False
11314a5d92484ffaad1f13572b0460aa,False
022c97f5abbe4d4ba10e116e0e6c649a,False
d46e9b8f766046349fa363e36fdaf4e6,False
b8d7d632aa504fe9ba09be753c6fb696,False
cd3dc3e3ffe54348bdecb44c22445f53,True
4f465643c3994150bd6e1be6c71d8d03,False
ec1a01234818409088a9cc3d4692da94,False
7ade6f6143374b03a9f047504caf3e85,False
07ca3ad5bb484b73816d82859355278c,True
0a7564f75c5346e7b3d40d294acfb861,False
6d957686e67d436c91371e8b9eed2bf7,False
7cbad6440302430cb15eb02ce37838aa,False
80e6c75613914a368f250add525c8f08,False
a2ff171467124c9bac4a780d679bd4e8,False
8c34ea7718f2448f973d92916c1edf0b,False
68ce5c8fb0c44b0fa6e6bc5d493b1dd9,False
e52bb01f00a044799799b07bff5503b3,True
ddd364e214664be6b29ead49fc0e0697,False
272e4763889c43a38017d56031dee076,False
47ffa469ef7144daa3b35ecd458ff461,False
7e4900c49c42452ebccae581cf00662c,False
49cd955ef92644b786fb10fa7c59eb26,False
56060dd18c5745f3b93b9ee178643907,False
4e720e03a2c042018cee63862e1fe0d7,True
07711cfe8dbc43b5a98ca85499c814d8,False
400793d3ee24430f9b9cd4d3ee8de514,False
7efbe619870341a28b6e5d8b48203e1a,False
8d56e055d2f8431db452f3d136bf7804,False
e688722516c64db19a1115d3235c7501,False
c7b9725134d24db2a8f735eb0ec882c4,False
7735e82406214869a80dea610352d3b4,False
c8d278518b234b959d0ce6e8091dc470,False
9459d59e128441f3918235a8bbbe3c8e,True
3096b4129a324196b4bff03ee53a01af,False
1cf840c7c2fa4f51a8d485f2a5f28051,False
d0a2688a181246e2b7af6fe8af465581,False
552fa517cefa490c880cd5b878b7fbc5,False
f9e0532810c2490298574678ad1685c4,True
83a16945ed1f4f58901672e19240af22,False
4aefbe7363f04e7fa004f1e9df730763,False
b911b9f06cc049778a04a7d4cdae03fe,False
19fee3fab2344b8da6be4145df3a2f95,False
acafd06efc584224a12e14a770272c76,False
716eee89a1fb40c78c0382092b32c6bc,False
bbc6583e373c4702a27c235870289732,False
dcca452608e047a7aba61bdf0ca94159,False
457f2aa75f6841a99ecc7d7fd7d7a0ba,False
85cf131e1f3443e09c69dd94f8999f92,True
efde40ce18b243f38d39e1c44bf5b545,False
cf91af34d29b4b4eb453003db0b5b91e,False
c82a1f633bfb469496655c8276b4c0dc,False
00cb7e426b984faf9f8a4379c2e370c7,False
f9c585f5d092447897aa9570a3076601,True
814bbd491bd24aecb05392aeab1f26a8,False
e2d1c5bf78c048dca30680fb24775080,True
7556691d1ef24e9ab4e7478c48d782a3,False
fcbc1bc523dc40549b496db5b4afa9f8,False
73289e3da20740c1a3831599b1b7acda,False
8c4d880902634b548d816bb9905b49d8,False
ec9a50fb5c2f457991737ba903b6155c,False
f21b94b5132e4eadb97671df922e997c,True
6f7c64fc5bcd489faa60385c51aeec1d,False
39324721d44a42c2a53caac8de61e5eb,False
cd02f74522e54fc9b84357338a8d7b5f,True
73c9105adfca4467a51d96428d2e324e,False
7ff81390562d4df7aa717dd6d0d684c2,True
3a58da523d8a4a3c9f2eef605a26e390,False
15fb830025f745aebd669b8bcd5ae9c1,False
baead2bb3f2040aebc4e8f7d94b70c65,False
b2ea671d6c2e4752888ea8624e0f13c8,True
2d71869162174de6838b0a7019e928b1,False
d8e56371e7bd4f32b3b9065627f0aaac,False
d3493f71a8874111a8723e08ddb7c87f,False
c4cc83144aa34402ae75e44b09dde6c8,False
438a7aae788941c5b64aaf655c72b586,False
981691f76fb34708a10120201c40215f,False
43919596e6654a1095f9b963e69bbddd,False
c592651218784f2eb1215b298edc279a,True
bc38f8c0ce46456191a6ff842021aae5,True
cf4564dea58f43a3854113d24069ee16,True
5016c6f6f0f54e679759c177b85e4d1d,True
7e473f4914eb444185a5754a05e6c228,False
a223c8cadef940b792f90f424fc7e964,False
8304c180ee184d5f98e8d84a6b0c6293,False
65cfb01e7f6446fa9a583ad39bb4e47b,False
0749b511b97b434e9631ee83d610b41b,False
6298a5f4b684431a8b0b826fc91cb0a8,False
161a6cf279c3479b9808db1877be2c3d,False
047b69b93dab4392a588c4c39af48d12,False
d600abb2d88b46e5a502677299c84d47,False
ace33e061b8b41a6ad316dff2e118afc,True
ca90004ee4974d5bb8a1e956a6df3273,False
3878b41e5fa5444ba080b2a3d0f2fa41,False
4dbaa6264bf5496f99bfe58b68b0408a,False
9ed5faefe047417797042f030f104f42,True
2eefe02f7bdc46c58a95608c5592d41d,False
32387f31274f478d95b658903a995864,False
c01aec1f61a240ff9aaf0c9cf903f49b,True
e14d3a80af1a490f85b0148f9c76b999,False
0109e1c9e406465f959fa94e19db7b6d,False
891427c58b974f878e5c26975883c76c,False
a898457ac91a4fb9945b1e84af55d6da,True
0bba745744ca4345ae5d312e6ce26566,True
ec0cc1c5351843048d8b36e2d1f6aa04,False
f0e303533f6b4e2fbc3b5e8c95c4533a,False
285399741b3c499fa1d189345e33fa24,False
a778d7a5ef974984b871337c0e1f37b6,False
e8406c4cedd74d6bade1ffcf370e5727,False
f97783ef1e324e339b167bba1d7ea977,False
ad0953ed5b6044c29633dffc52fd1403,False
2544a0432c8644da888a2e0705af61b4,False
2cd948176e5e4437bd949dbab41d3425,False
cf144b82c78049e6b58c6acece3dd1ad,False
4349dbb650d34b758584f221bd9d6a5e,False
7c2058fee5e14d92adbc64b862df07d0,False
0557dfaf76914f8bac75a30550492bf3,False
fbb2b7b85b24411e97c39b30932c5c65,False
8bb8ef73186b4a9faca4f6d02b774a74,False
ec6512b7b3de4387ac901f3827df22ae,False
defd67727c2a4afdace455823d657db8,False
dc17b7e7deee4bf38b90c561fdd59c30,False
d2fcd92035f84faeb2bc82610d0fc64c,False
f08647b3db274ec493a94ce9f84af11b,False
3618bb426487413d8bc552ee2b8539a5,False
76c9ad7f07d74834ab7f7aade336762d,False
43cf8cee427140e7bd8a6b9e9ec0f0cc,False
00a117db11b24cc0884e29dd25fc67f5,False
301371c2956b4908b59bd0623044938d,False
738255b978e84b87a71982f74cfff864,False
5563d478b9884023940cbb302f041cf9,False
2478d4aeae2c4a3eae56ec1eb888a582,False
32a8719d17794ae984ac8ceeea0a6251,False
7ce33c66728d402598e192db759362cc,True
9572b2341db0447685df3d55ed753e26,False
ca0aa1c10b284f10b8a1f8d2853f6047,True
02600910ea8140e5b7e3657bf50361c6,False
ae76157afc0d4603a40836f0c037e091,False
fa41dd09af6e4348a03e927e04c58a7d,False
438c9281b5134c34a1b5437f26101cbd,False
97b303e0c5c24070ad4d3b7282d6fd1c,False
bd1d9aa8e197434e94f099d1cea43995,False
66bf39adae434997bfac91776dda07fc,False
b76592aec1b24f8bbef869cf54463e31,False
c873db2983f344f7ba5ff0ec7bcc3654,False
6efbc37d457b4f8bb883af6b7f7045b4,False
4ecd6ad823894810ab84449d1aecf3d3,False
89c9720f37e94e638e2fd1c374277349,False
d945c38c7b05486e8d188417a26333b3,False
3157950623be42c6a190e836d0ee82e3,False
af447898423d46beb3a14338ef55bfea,False
f84819aab66b4c2cba60ce94bad22678,False
005812e3abf2488488aa4953b627ccd1,False
b8f13edaa1de463192cfb69623abed41,False
b9ffd5d6b21d4ad98d0a94b53363bb5a,False
faacef7a7aa849b596e93fedf233a481,False
ae3a343ce32e4b368889690eaf36d4b4,False
ae4cb124d5a3491595f5047cb4679c19,False
a275293f73034c44af75a014ec2d421f,False
018f6dabba964ca981ba6413dbcb3c10,False
a3b2b7a75838459292d8177e0621c6ca,False
b72ffe2c6df84982aaf53c3673f770bc,False
71319adf76ca4573ba0bcead2c11182d,True
667c8fa3af484a5cb303979e1e0dfded,True
a6c0a7eaa5b14fec94349cb1ae2f23bc,False
289b7a86c37844c3b851636e7ebbd54f,False
de031f3985244498b69023e097a208bc,False
eddf9dca641f4ce28e54f3fcad8c2d8a,False
ee05c1caa84f4ca1926648349f4fe248,True
cf34eb0cc17e4ea5bc7fba705c4a811e,True
b12d77673a524e6a97534bf2e3e6f4f5,False
b3a1f4a7ca964c8d96a5ec85e0369d67,False
d3d3686c61954f8ab0a97fc546dc83a6,False
a3afdff262d54feb8245f1e23b4c8bc1,False
52bde129371d465d9abd91bb5b47df2c,False
e8cac89fe4f640e2976e9ec33334cde9,False
c399813b098d4cab880466b3435477bc,True
e4701b2a980b4c9e9127929678bf3a14,False
d74b4015c8364804a962ae493b6ba04a,False
653fefd0d1af44bb986ff34529bbc226,False
48a76819112a49d7a1d8151118e50188,False
2b72ecfb2b5c4413b85f7827353b0d6c,True
e5c88cc3c0dd40c7b37e273670c4a8ae,True
69d51cf9e45f455a8c686d7792ee9980,False
1572ed435abd41ca99dd86071d7a2d50,False
7a4629d7691e40b08b3759da68d797c5,True
279c7ca6b9bf40acbc9ad5163fedd887,True
0f4109bb3d8e4d1786afa8688cade6cf,True
4461f5eadae5457c885e0156a556fa6a,False
ef4f5f79bf7748a9938ffdc71beead28,False
b92b81af2f204053b8d9602548d29268,False
9ea76e3814db4df58f3b58738a301818,False
5b91195c771549b88b06aa28293f4b55,False
b67b3f1b1b25490ea820bd38377f7003,False
e9e4e5d3a072422bbb02873711f0223d,False
c81045a966ee4489b02ecd4bda11ddc6,False
ae679b1f3def4275b6bd636e93a57352,False
a9e5165615084100a856b3252b522826,False
4c3b8f82db494e9d8f68d3819b7d2405,False
cf5eb54a6561445dba43568f1ca5aba7,True
0e54f8b8da5444779807c6807911524a,False
4248c2a358be450198570b4e42d88d57,False
cf7a1d45264e407e8c897ded5637192a,False
0e044fdf61e144be81dc86f9ffd0b12f,False
30fe2a7ee7014c5a951237172e50e3ed,True
b6f6e56ea85c4459aa2077e4f6ce6e5d,True
4e580a3e920e4dcbb51f19855e05ffc5,False
08ce7ac86dd2428cb568e85ccb187069,False
b0a8af2679f7451dbb46b32ff21e2fea,False
d66d97e2634145008ea3298ca635c67e,False
9182798758aa43bd914e80e0be886da8,False
db36d40911b947a2994767e878ac40b1,True
88605bdbb19f49778c7408c6fb4d79fd,False
32ed861eefa24bb29618a711ceb48b13,False
cf014c55b9814ec8b3a0e16eab972de5,True
b6e5c951a3a14f198ec2d40c1779ec53,False
1c8057e7bf9741f8a3829e59b6ae6d26,False
dd01378d029b4380b1466b5594dd962f,False
7619200f085e4d40aa7a65b561c8337e,False
fbb7515f30084d61a1f54d0777b3f30a,True
f6530ce6bc464382bb5c73efec043dbc,True
0b31fb1eeab440ad82b7cee25c1daad4,True
e5d248977a524eed86ab0f72b029de1b,False
1b84fae9b136407b9025e1ae3ec4cd93,False
20578462a11a4c42a00ff933bbacc5d4,False
1510a8e19b3241c2a712247450581c34,False
7319a44fd1cb4a92b44a0adea00e7080,False
3d583727129e4b9c80b0bc70a950dc07,False
094f62635b9b415187861231f1143d4b,False
8e85b296ae1943afb2163de38b1195cb,True
60d8648d9c994c719b3851f7353f871b,False
14f309bcb465468db8797fbad1cdfd7e,True
87de5fbec106479d80573680de358db0,False
ca8898159d9d4922ac52571dbf405927,True
e9b5778ccb9547598a08c33661c885c0,True
0f9ebecad74d44d69e81c21a5e3fee3c,True
7159d620d3524007b90b20779ff19cee,True
1f19e9fb2ed943a8bafa83029340c58c,False
e92adea2ce434f64a987e59d5928b037,False
7347362e44bc4cbe8d9b7e1a7916cd07,False
622bedca9bd445d3a2cb54e5b9bf7470,False
0d66b6b13c32413bb97122975e78d35e,False
603d70ad2b764bb9b3aff90b3e0b75f4,False
ebc071208ecb44ab98ffe1e07b3e7780,False
75b469fb52d64ab5848fbd28a0651dfb,False
e45ec392530f4b0685a1d117d9e4f5e4,False
97b93bbd722f411dba4e9c9a1f31d26f,False
e9d8ad0e3d874d3fb81f39c8ba7362ff,True
aa8e89df51d340279f93908365cdec7a,False
c81e9f78cade4e3bb2f421f3738dbf76,False
9780c417ee774a6f95476fa62db930d3,True
2c5148e2a59449af9e142c2fea00f03d,True
219690054370442790d8424d0aaf5f11,False
aa6c7613b4bd4a4097e7393f78b22c71,True
458d9083a40e4296852cc8913c4661ad,False
c1c02e6c28944d6daa0e9a9134f8ee05,False
eb420fdd0c114d28b7e4cf6ed3f4dd23,False
e5a0b4aa8b8b4f829fa659a25470d82f,False
6ec6758718a1488598d851ac6f9d291d,False
d6e981b88b3b4cbfb4a2c5b061187237,False
656adddd7ff5467095ec61f4ec50a278,False
4560eb3cc2fc4fe18b5748c05ea4da38,True
508739937ee64d54b5f205f8323b18ed,False
245b51fe55f842b58d2958ede7d16d08,True
d0081f4f66a142269a6aa65b3e079cdb,False
5f49b6e163644dc4bf9f6501e9c1ecc9,False
5875251cec42495db70f2af75fa892eb,False
86a6e9dd045f401284b1e182c9efc14f,False
e59c6c74261c46469fccc85718a9bd3f,False
c1a90df04c48432d8a5ac07e63eadb38,False
dfed576cea2041c696b8d122aad5ce87,False
ffbd0e5d47304971bc503bf07175388c,False
1aa749b5aa5c4129be09435b6cb2267b,False
1fba459fc2f74d7181551de2808a724e,False
848c591d56054e05ace1fb756033aa0e,False
e35fd1d24e694df68c50397b0cfc83b5,True
2886faefd3c3417b9ad18d40b66a118a,False
888a061fa0804f7f961851c1b273a546,False
d12b486b96f14ea88903e4c8eb440449,True
d923937bab6f41259bb7523eee912153,False
7ba0f3dd6e9c4e95aad37a46f0a8b348,False
9c20e45076d34b369a18dc3b90b508bb,False
151b60f5ca704b65875a77484f7eed01,False
51b41f0d966d4f3ba5cbaf2aab1e80d3,False
54311d518fa94e59949871fab91e0028,True
8baaf435b98741a0a5247da1c413812b,False
d8684665a8464f4e9e5618ab1dc49bfa,True
58990f1b3e64493ba46bcc8d5edc97ef,False
593f6b384cf24f778c45e768f3bc2432,False
57cacca54f9e4c3390efb237587cdd62,False
5e51278301174d9998aedbc36b0471eb,False
282c8dd9ec3f468fa754888cfa83d4a3,True
a3ec060df9bd450b9b832b4b9bbde3da,False
f03bd96603844002951da0ba3d13f82a,False
bc30206062544cba85aad7717d584e5e,True
e9654c5d009b420b825712ce9ea90962,False
c1037af5a79540ad893c9523560f8d5e,True
cae09d8680f24643865a6006c4a5c74b,True
18e55119891941ecb1e57c9de5087611,False
5c3f3e7d216046f4b98cab327c779cb0,False
608b4cf7233f431b9193e182caa704a5,False
bff1a7c877864877bdc1c84715a37109,False
585f91284f12449e94f6059cf2a8d8c5,False
ba42d9776380428eb900ca06cb2151ed,False
2e525918e12b40cfa7598da4929cdab0,False
1a2dcba8f7294942ba957039e6f04dd8,False
7edd14ba29604f2b84b65a8440075b4e,False
d27d8be15ebb4b06ae61e4947f0814e0,True
84b1f86f9e694cf1b735d041ff1a1feb,False
93bf1cb53b3043b99af36939312c4a31,False
acec5144de7e4c37beb4cea310564bff,False
974e36380eaa454ab46d191d1a03ea1c,True
ac52be3deb154d99a011958068bd2717,False
aef5de5261514eb598d40dc55b7596f9,False
e1c4226c496f4725800635a8121a37bd,False
0610dcdc2f674779bda61e345e476b9d,False
93f90848d0044164b68349224128f991,True
826f45227a81417698eb27964e1c4a70,False
7ecdebcf2683411099c242fbaaa0119d,False
aba507b4558c42ca8523fc48158ec53a,False
8117491c7bf94ff5ba372a80f7dc9b6f,False
c1ea4b00d1514c7fb0ffbfe11c53b9d1,False
241382ef4f134aa68ab53db956b0e7c2,False
696a26f8d7994cb1b00dc5c33869717d,False
7a0c045b8bab436095852b77ef550b50,False
9c2339a242ac44d5b8d5f17e6650a8f1,False
094f326feac94640a4572818a20a50af,False
72daf122ca62468386d3b7b6a9b975dc,False
72cad47bdf184d868ddc85e807211871,True
f18c12df27d142c78c2cec43efd00c23,False
df59002efb3c459581a794b6ad6737d8,False
9c42e33a35034138ad05f868bc586d98,False
3b2f9fa9abbe43be9fa8aea661f220b1,True
a9bf6715200b412c8556e3ad11e3eec5,True
6d6793d96f3a4f569e313ea77444f0c3,False
066a7c901da54814a8d63d9f5e820e98,True
105b9a38e4124bcdbb16fbfd55c9c633,False
a93ab05bb9ed4807b444be47be729e72,True
c73949c15c2d42b3b26b4e7302fb23a9,False
739aff65b57f4368aad01bfd683f09e0,False
898f20f7ec8a4901a8b1ac708c54dd56,False
56878a8cb6984d85afca58e06ae5109f,False
0292077e139047918123b754739642b1,False
84bf3bff8c274a56b9d5f98790a506e5,False
d3d6cb6574dc42d794d9ad3d4a510328,False
4eba47d8e45c4eee8380e7ae447ce9f4,False
907edb247f634bddba9ba2a731ac63ae,True
71587efc85744cf48a8beb4701f14aa2,False
09ce4274e48c4275bd98fd911be41f51,True
bd01b225be8e4a2bb4c32eedda18c1cd,False
7039a7093cca487399993a266daf1975,False
5890a1c6ff554019b1bb1d1427853396,False
136156aac3214b18859a7e973ad57b2c,False
f363deed9ae340d9a6aa7f6c820c5fd1,False
b44a3f8b576445eeb684568a4d957ada,False
c3175cc05e654b01b9adc94e3eafd0b8,False
4ef3abd55f6c40f1987187b4cadcc7ff,False
281cd813283f4e70840dba172fcdf80e,False
268e1d75945146f7a8bd81ce4997604c,False
ef31ac04ea3e4a1bbf75c63b95e5e7b2,False
731c130dffbc46229fa8e993bf2db1b9,False
3ef3fef2cc7f4c24bc63dd8d823e6074,False
dc8897cd834e40959e82e53056f288dd,False
b14d38f59fe74d63a1c8f258c8f72c6f,False
ca459700b4bb4957aca1a6cbd6a5ce36,True
402f05ecfecc43d9bb90660220520259,False
910307515b0a46ddb4089ab9478ef5ea,False
7cb829df7ad54edead3d513321045cd6,False
692b030f144b45c1ba43927071b3264a,False
063fb7bd25024285848141cb2ba9d5d8,False
bd3b713a1b8f44c59a63b20aa02d19b3,False
29cfc7e0670f48cbb44131201ed93cee,False
1d2771a9bcf342ef87634e5f1abe1d8b,True
b847ead153964ea5b61e7f1d20a40e1e,False
eb2c30a8c53f4f88aa3455a3afcdd280,False
d5347580a2344b6b87e4faf303721407,False
bf1eccf2459d4acdb4789198cb31938c,True
de4b9da929d84409bc85b730d9a27856,False
4c233150860141bead4f5d5ca3dd7c31,False
4fcbf0a38eea4418b6c217b728e2b23e,False
805ce535efcd4f28b1777437bb46a412,False
6276317bf0e04e71a7f6a5f6a3051882,False
756cbd5774b34a5a8b038a4cf6c9e3b8,False
cbdf350225354c63b42baabab5555d24,False
5c2599451ae449a2a06f3628686c3dd1,False
c7bcf745289b436ca729b3d4c84b3af6,False
a8eba8a85b4c4179a52886db4d4a90e4,True
932f6646cdac4599b662a40edbcf41ea,False
26671d93483748ee90eceade7e9fb979,False
4edd00d75332441890f0fb4c0c231c65,True
28ef6e39946a4112acb83b169b1aaf8b,False
76095010f61d443986c57c3058a4fcf4,False
d626ed4d58d44c39b9eb17b9246957fd,False
0b277b67a5b8466895fb479ea9b3c3ab,False
b4bd47a922974ea3b8b7969d5c979008,False
adea06edbb0f4b7b86c2fd103b1f0cce,False
490d21486b1d4573af2d1edca1407ab3,False
d080bacd13354e2d8813c152a3e39002,False
2608631bd3d84783bae05b1edb160b64,True
e19db7205a1f49889a58666d506ec196,False
7a52a52c423a40c18660b2566c07260e,False
f45b01018656422b886193a69d0b3cb0,False
ff0c986c8a9f4e31ace1a7135a6ef227,False
f19cf3a2b9b4455f83d3d93ffe9caeca,True
8ef3023166a7432893ebc36b2216cbd0,False
7b0619085ba9494f92d30f90768c4089,False
79194fac117b4abda8c932a82624ff00,False
28405d5a09dc4f67b88032d575b9a7df,False
89d073bb8a1b421a8e063c439b97b88a,False
d388661b8f24454e91aaa1f0cfb3edc7,False
1b6224b239f5493c80b9b0c8dd74613d,True
f516f338f0314611ac6b45d1941eda42,False
d6a6a474ef8c43b595a65f1a10c917a8,False
95bbc973b55040c1b4455728feb002e3,False
cde7a174ab3b4d82a6ad32c3e4ff3f4f,False
9f6d22ce114a4e39b63d087fcd84c5b1,True
c51871ae68694a798009bedc74938c7d,False
beeb2d4ebde647b2956531a16c4640b1,False
bd0d798b36a8479b8cdbad933bc959c6,False
095a1635b6b04dc08474b3f74580dfa5,False
cc06b74fbcd9467f87b3a1a3f2700b47,True
d8c15a759f9946a9855c81354e5f6e09,False
54c3a7d4323749a69bcb06201d4b08eb,False
4472fb64e5044176ad1938f264c1d723,True
9986d8ea74e442639c9b82a234bf1936,False
fbdcf6654ba94b0a859d7a40a0e48b46,False
4bb562170e49470385d551c7cec69c6d,False
317b5a5b76514e0a94a505e632f2f8e9,True
2fff033322754138a749003a3f682864,False
d87784edc40c4d3abcbaf9fe8e799331,False
b39a450e5a7d43b79ef8fff956127208,False
3ed9d79113d940e4a206236c8310c62e,False
2d221db7942b4621aa3a3e1065fc825f,False
623cfc113ea24ffb9d4aeb8f2604d890,False
ec81b0ca1e2142e68be2bb18c2b5b7f8,False
c352930710ca436dad90d16fd9c3f2a1,False
3fd7566b04e847faa46c9c24cb5fe16a,True
d07781f3f4bb4af59e40e73c1180709b,False
b3274183c70f43b29811dc23cbf34271,False
759e8d835d1644a28753c98985a5e630,False
442cb457de694d1282e7c98bd6e47130,False
eefc29b574cd4476a91c3c42eb1b50e1,False
44fc7fbc7a4445cf92c05f365abc6972,False
0c1a09fa9cef431ab365b44a8e5aba48,False
5ce563f67df84484a09ee34212216989,False
22117a886ec545049177ea540b15ec44,False
42a5854f3c224e9987a1f9ca68dd7ba1,False
e41e96283e7f4525b19779ba5458f1a9,False
9bb38b89a7af427e849e885f016e508b,False
89d5a57601bb40d198abef97930ba219,False
5e580ead4f994497be350c36c6096374,False
ef3c7f5e867348c69dcd0df71ea1928a,False
02be4b00353a4dc294ff02439a26a71d,True
75f4e8c186924dcb97f9ffd0a59afdbb,False
ef2d7e5970594f0c909e351b32ddbf1d,False
e06e2f8abe49496e85c093d1d84ce7cb,False
8f4ba5371ed14cc9922dde611bee18dd,False
bafce1532d864370991eea0b19f5d5a9,False
09a488bf29934780a36369890799d954,True
203f5fe7c0494ed9a99322365e36f046,False
d0e083b958974494a5ad1e4f39332d1a,False
b345432ff6b34059b06888a436941458,False
39be9e80e1734759b5e2ae7bd27d4f3a,False
9842860043eb4e47a03c9b7f2271bb7e,True
5dff9d3f67034181ac12996851d3db07,False
d5d263648ff24d41b58feba6fb12abbd,True
64f14ba6a57443e1a4d65343d576d567,False
f12c9a122c8f416ba452a7793c6b4a88,False
6ab7cbd8683448e5895f2b9500f23e92,False
24c5bf72605a4f998b4442da60911226,False
08c7637ca5e44024b8f54636e625dbce,False
61089c4dda164ad698a733154bc570fa,True
2998217535b74f13b1fa447e89724a21,False
90178971c16b422fb420678198a657e0,False
9ea5275c3dbd4a62aefdd18efa27bdbd,False
0a7f31709f7e45e7bf7f7061dd457652,False
e4a59ceae8da49b5b9705ce68104813c,False
fc7ffb19a98c4fd0a4c7fc0cf2e26db1,True
ecfd9d74019c46f284bf0c2f99c51fb5,True
45dd4e265f624fcfbbfc007822ef68db,True
2b6438bbaeb2419a9f190d9e535fd49c,True
479fa60249a947a6b57ce86cedace893,True
b9067640f70d49248b6944b00d8963a6,False
5196ccce1a314ed0bd8bead3d35afd3c,True
c9a9eea051f64311a605741aed94e3f5,False
0b381d36a681478992dbb9629f82c227,False
189eb28ac1064040a0ca99cee4919f5f,False
36e9ecc6ce4a46bdb6da5c28d2be1f8e,False
60415b8a4a2845a38d8cc3b7405e281d,False
ce6c4b363f594405a72bfdcfae022424,False
fb66efc8d5d64d1eaacaed5396b0f656,False
139458c64f1a455885470fa5c56aeeb7,False
336e89059f084bd68fcebdf93e93a2a4,False
6e9f3a4feee4465bae36bb59f0ed6993,True
e704cc31e9444342995ca0f85d45710f,False
7e0ab0c7d82d42cd8548ed49bab6ed9a,False
32f699a0b39f44ca86615cd9488ba7e3,False
51d5ff2131984c7689d5c1f458b35684,False
4798a0cc49dd45cabafea96a780c4846,False
c182478b9b3842e48620612c7fda4f0d,False
627230ec070341a0b67db467c5dbb40c,False
f11836eaff504fe48bf4348ed97db987,False
9fce8056ef9a4c908fa3a900e717dd26,True
633c5dedd9bb4efcac5de573a4d5835b,False
4428536d461844cb9f02b14553d52bf1,False
277c1c4e13834e88935c65cf9257b8de,True
e51af01ac57d4e93aa5fee304857ba1f,False
7434c03853f24aab81f8f1537c9d2d6a,False
8ac8bf549e7949a89ea5b652e19f6a41,False
35f7844dd3b84559aa35cf603ba6df96,False
f30f4bf63c8e46c88d4268c08b6147d4,False
169b9a3c3d79491ebe25814eaeee5577,False
376d2d01da9e4ab2880cf97284d5192c,False
ad6dbe0c80ef4f1ab8c2fcea74e8a8cf,False
104f516eb39a4288bb9ec226934ac712,False
1c9853c83fab4a2a9ca65720d192f483,True
58eb14b7173744b585f4e331b8912a05,False
f9986a62ff8d47e59afdcaafc589cd9f,False
c2e4e6e41b7740d6985b0b19f03d89ec,False
2b33b77b733744a5804127a796357290,True
5d21a1b54fe64473ae5c13b64b6ededc,False
2438eee2b8e4498b9f90c6e78660e83b,False
269a8ea3fe1842c39d4e79f853651c23,False
c007590814ef4aa0b5dc7e8c5fd0e3d2,False
23321ba26ed24c1ca084b53b3225c591,False
344c4fd0db6f4c34b5893f6c579c0f4e,False
01b12e2946fd4f2e91b1139986f6c0f3,False
bbe9580f9d824a6d9d95ee1eb6581e77,False
c5c6df6b1fd14bb8835612ca69c82289,False
bd5bca71ffea4dbbb0b562def91c1e54,False
7060e3ca0a59460587253974a831ed6a,False
a1d8c27094d042f5b0ffa28e580a78db,True
50c588336fa54dbaa9af1e5bd1f36211,False
5dfb678169b64f77b4d2691279286415,False
ea3023420c224783a497fe7a303c3b82,False
872478bac40745a698ae9f70e7192cdd,False
fbdcc3fe33f44930ac086bec66608073,True
446a984b24054269a568e89f05540e9b,False
2a97276980c8412ebd934597a30fde09,False
3e5aa74639044d5099d4be7dd65f8ae6,True
31e2c38593a64f9390f826d51e50d422,False
a504c98cf7074f3b8c11e82907cbe19e,True
d1cb1c31938d4979bb705001a2cc5441,False
b96fdd772d11445cb56a83d7f595a21b,False
6a51bba7b61b467ea81a863d59e7fe68,False
5d743e877a1e47a7b2216e3f9a81f05a,False
4b8be5c4ef7049a9b075e696c59217c3,False
31ef046550d04abe92942b08b07c0db9,False
215fcb9b0cfe4a5aa5705f40ef254d13,False
f9e685915d434070824f21c028b689b7,False
effb15ca5d5245b495832ed9341b17b6,False
59bf92df977a4b08968c5785f60ff237,False
094f67200f2a4709b83efdc57b2450a6,False
29543cbfbe1b4298b2114d86db2af94f,False
9a1d978107314a288145b08cf1067fe6,False
9b5c665abc85430fb327b2972dd4b2f4,False
513cd97b1b6c4d92ab1146841cc9f87a,False
4ec3e78e2a6c4362a896ac04816f89a9,False
7f60c8ab6e2d4268b45fbed35dbc1bbf,False
d54810e9d37546848ff88667804b8b7f,False
4253a0d773b34f58aee05035e3c3d793,False
da9009e218db4deb82c59357fc647717,False
c99698b0107d48edb9c0776bfcf606cd,False
f6b6ba6fcea94f7a9b1d6d92a11069f6,False
4b066b6d2f494b468ae813ade24e16bc,False
24d057fac3904baebe1cded361384313,True
dc63901f40b04b7f9c39ceead46af496,False
259ef1f899ae483bad4510dd359cae6c,False
abec5d054b5943d1aede5928bf5339c8,False
6c1b0c1234e2462d986db8357f7b7b26,False
d2b70a977e844db6b213e9a634c6e7b3,False
ec29ef10dc494a688cee50b7f9e6cda7,False
efe9f94a189e4cd9a2dd87ea07fed7fb,False
cedd7e45f46844c9aa3a2e54574a1d01,False
24a5e73a7b934b8abd79b9fa9a86a88a,True
38196f1c2a4d45c28722c89123892dca,False
13c0cf58d47b4da89cd49e31a805df57,False
d5038916fde3480791d2b1cc7265a6d0,False
8da23e61b2e5436187fd0567746c802f,False
800750ed845c4ed8b4db3b34b397e7a0,False
238ff9fe4fa846ceb978f1cde58a6c03,False
5c8c1890d25e4ceea45485b4f2c822ff,True
90717ac7a1ba4094945d4b4eb499ca94,False
01a0f8313a9d420db4a51f0be1243abb,False
5117842510454ae4bf360e5400d671f4,False
1cde4f16553140929c88e49507e01993,False
7d010fa6645243c4adf2e79bc1897883,False
78ff18be6fcd4009ad52cfd78abb5820,False
1341d08b7e4d4536ae9d68f1b7c707a3,False
36b91b5b7dcd4996bfca87bd28d0e57c,False
46d5ac09e6274ba08470a00816d54ec3,False
d5ab137bccac4c4aac793ff2198dc978,False
ac9755f96610490ca7d2a88e061965a3,False
5459b245d57e4d798b438b14eb2a8c29,False
0a5691dea7694b2682af42e60b6bcbf5,False
aee974a9a6694d0fae9ce609c8aecb6a,True
8e41b61d3ac94f8ca5f62064367f7f79,False
6f3e8a8a1f8b4b3396c3cae8cc8ef773,True
ae102fccdc7441a6a53926894d6ba010,False
9eaa879729674a5aa24e6707b1ef9d8f,False
ed149707f3624ed2bdde0aa65183ace2,False
45737eca0c1748c2ae7e278fa7c969ef,False
0bb38cff4b6449828ab4a2de1697e397,False
16a2480717634845ba759571d77a51a9,False
a6c43e40ec4a464b9fba8568da4e6010,False
1abbafd2e145415abf01e302de412fd8,False
f37e080da46b402baa7dc051ad0f0e1c,False
89df7682252e42f6a3d8fd14244e7657,False
1e60f11e2fab46d8afcae305c278282e,False
897a8051b9bd4eb5b0430bc16016754a,True
04e0049ea75d40c7b68699e962bc4fb9,False
b9b26df8bcb94baebf6dd50a0691a638,False
49d553e5d47045c0a6734bb027ee73ae,False
a606896ea50849e08b70a0bdc3355b7a,True
f00c302964844244b284e9c798ba7d19,False
f7fd88c3fd384352b80b394188e55201,False
c83c72e54204429e96eaf87c1c352cb4,False
b96a1899ae934ba088985e71ed5b2fd5,False
065aa9443254426cb16278ef0f4e7bf4,True
854426ff46df461e9651b01b874f7601,False
202adf136699433da76ba5f9b6308942,True
7ab0de80a6e44dc4a46d411e68a6a25a,False
5b39de4224c149a48cdd0a3fa7c8af4b,False
48b1140893b64ae1869517d460a49867,True
bea4b99e86be464d903042eb149bd686,False
df4d6c6216b5450aa41a39b02b556f47,False
08fd25ae3c324756b7462052d0c0d15c,False
6afa73034ea84648a3cd1b5e9387e1db,False
e8c4d5aceeee45459bfed7986484cbb1,False
e56e49e3e09d41479cd00f9f012219c7,False
62781a3958794ec0a133a4991f88b0f0,True
8d40def4d76042bcb431dd40dd08860a,True
cebecf00a9fa46afb045d7beb9e3605b,False
f8cfef595f634e2384d57d38efd79636,False
06067b02eb034bfea1b644372aa4b177,False
dc223dc6993f4242893fd8391f9633a9,False
5038c77c6054483c8a9b67c953a06c2d,True
0405bb50383447d2a5b112b7febd286e,False
a5328f8ec0c044d2a4a36fda52aca092,False
703f4662e72b4cdc915f977755a0e685,False
18856d4b4b1846e0bd1c76ace60d2c94,False
a0c7c9f133ae4c43a0bd6c5f60affed9,True
20b8bcc1bf7a4ac5b2a03e102d41dcd5,False
d04eeb4f99504a0da2df2c044c2a0093,True
7b903b74873a4afe871f33153ea2646d,False
e630d8b978d84224ab8098cfe2cbed69,False
38b8b6b9615941eaa86573f9491cb479,False
5695af325a47442185d51cfa7fd51d32,False
d01889523b9a4b9c84ddc04291875f3f,False
eba1cd0ee73643d2bc3efa637a1792ec,False
d4d79c540f2940358e3bc94ecc9a7a52,False
0effd5a236e644ab8c10d03a8312d85a,False
7e8ac72fd4ee4d1eaf928498b1ca0462,False
4786d9a854eb480dbdedb6a898ed2740,False
47f2cae857474cb8af823de8574ca78d,False
bfc947936cb04d1095508c77d721d81e,False
ce7330d0de1b48cb9c43335b0f0b6b5e,False
6b001bfcbd3640aeb907f652afe8d9aa,False
842ba12cfc0b4135a59c718f339977fd,True
4b01e3c272c74fb7b0752ae56561038e,False
3906e1efff2d45ce86232dde516be2e8,False
240de04eefc245f1868a42a24d3585a0,False
67cc2d5ca94e4385a6004fc1b2f30a71,True
65f5d4a5bb9e43ec89fbffffa45c22ac,False
0a16c1b21ccb4c1ab06ae3e615f89d7f,False
7f42d11289154949b760bc68ab671d9d,False
f2efaa5294ad4186826c13a20ff356fa,True
e08c30a3fd7640bf9e2ce1ed4ecbd01b,False
5944c602ebd8459f8190adbb39690122,False
a61a593265bf48088f9c7972e9956fb7,False
7322c2c5d61749b98c1aa07041963b3b,True
beb800bd189a4b7fadf14fa286bed33e,False
a51aedcdda2043ed95f455e821765c5d,True
90ead3c7a0c54a23bff60bd61bb838b2,False
d8539a95cd9e45989177d6fa7800503d,False
7ebc9ee5807645da9576e629c43b7fa6,False
ed469045366e468dadb9fd5767625a79,False
eb7e4bb42589492bb43d1b1685706fe2,False
eda45bda03964c68b6f91faf4fc2d00a,False
c285bb8c484d4e07bc6df7802847895f,False
2c6bf6f0cdb44479bf891ef0fa54ab9d,False
5afcc491a6c64cd8b6ea93d5e8480d92,True
5fb9c2da37594c5cb494dc430fd4c4c6,False
d28ab24b08f04e78ba7e5363a8b5e4ea,False
cffaa12ae4e649f4b8c8775baa3d6ac6,False
63f9de6aa9e04bd59fd4b9099ebfaa47,False
c828d263752d436c9baa287820c4143d,False
1cf38256402b44a8a514cbf41b73862b,True
bef9895e29fa48e997631422ebf72577,False
992b7a4e09ea48ecb42c784c30d677ba,True
5648328ed3a84826bfcb959c4c80d51d,False
4eb5cc0467e04925b8b149352fed2213,False
c4b8ebafa5b44dd1b707af8da48e94fe,False
a2301bc349b74e05a732412d1d84f797,False
d345728ec8eb44c3a19c4269e2558c15,False
eb9d3a22b764463cb5fbe3ee636e9241,False
274e3338ed764f1abc1dbc680c32f571,True
31597fbb87f94841a99ab7f5d2b4eb7a,True
2f60278aa69a412892907619dd357c8e,False
40baf6fa5faa43b282bd1a8d2d764c0f,False
3782ea91090641518b44457dd199444f,True
42bfa39cf9e54754900a1992e120d522,False
5e33e75b7e8346428472b77da02ca323,False
353d2cd4526c4aee8d83f6a9dfe77721,True
b54b0bcc22af4446b9563cfb010a3f26,True
cd95c32b1bf64f4c86d654af0ee1f798,False
42236f45f1194d5fbfe3de9483573336,False
21a8b92550fb4aa6bbde69c888c18f7b,False
06887e8e6fcc497bbe8484b7d82d8089,False
ba6e2903da9b4215890ecbc9a7ab5b75,False
14a121c459834bbcb4a4c842b475ab29,False
8c9d4828992942c1a8013da0e6a9cb67,False
ac0dce6cca9c4b688ce6deaf57fd79d2,False
eb1599ababa5479a9555110984d0730a,False
1b75f5e2c3834641be9b3819fb9f6b47,False
50c9cc65f7874f64bc975294f1c09d86,False
9e9e3692b58c4d2caa60dfcd4a671a44,False
215fa315662b4b2aa2c4ffa5d12e5468,False
5640310f51004934b6e5ad52b7ca96ca,False
08019910a8504630a570282f8f88db74,False
e182ae12fccd40b4b7c1f48b5e640566,False
cee3474a6e374f44b012436bd3e9c899,False
15ae9466dd6f41bcb78e3d2ee11ed0fd,True
a404a904300f4169955913bc52ef79db,False
5ea532f97c664fecaf6cac130818d484,False
e01b44aeb6e44f54b669898d51275dd2,False
3065055a99ef46d280fdc0a133183aac,False
b6ab117be18946d3a506c7b328eb55b3,False
f617fd2eb20042c8a217f953b375500e,True
6c451dc10be2489184f31631b400552b,False
f6cbeb8908104586949f4efae469a5d8,False
eb0f646dd5644f37888ce3a4b5cceb7b,False
a2bc6b301c4b40489b4c7e6ef721e07d,False
0c7f3662e9194607bbc8a06f9c8217be,True
b3c4705b9800468a9cc69cdcdb10ec0e,False
494937a84b1b4e5bbd0e8672354429b3,False
965da63ff6c84ef4bdb38e809dc1fcfd,True
a4b23920b2154f699095362c7517455e,False
bdca781b31a64e23a960e9149db3ce81,True
a55cb55fe5644c02b183c9e7c09f6222,False
4a8b62dc0ac64c9ba9c8f2d055237d07,False
ad5bc3e34f2c4bf68e195239ca0dc7bc,False
f014e4e258f946238db6319a2e852b11,False
82153f5ca5a748aa8a15241e615e7db6,False
3797ac445e7d445885e87a400d5af19d,False
6221607f53e14ee7862acf80646c8390,True
3dc9b76204c349e998a129d4e486c09d,False
0276c40862f2496dba3e0aa5aeb2f728,False
0dc4f36b52754c8992979c6f0939ccea,False
6cf471c4012842f7bf6db6c165856aed,False
5d35dc22c33143018f20f4fbf876ff71,False
b336e4e5039b4642b6d93932839ee9ec,True
77dd31aee5c54eae83d0f4496ac21830,False
7a8964b64c21490fac087d2ec95d9022,False
ec25ba3c08e744ae84081f7ffdc4fa11,False
77e76f7142ac43e3971464cb883eb089,False
8e79e7efdf6c49449c40facc8efeab87,False
cd0257b1020e4f10b840a59cfa15973e,False
b9a7eddff7614a188076b3ffabcf8e66,False
e2ab0b6f3916461da8889e68000b6ed7,False
1a4b132c944c4aa1af18ea276c42f55c,False
a82a134620df41bc97e922f45ab13ee8,True
0a282596f9a346d9a423d5c1635eac17,True
b2911061df3f4531a412727589852435,False
08bffddbf3fe49a0b280418b3ce8649a,False
a2ba0bc0f2de493b80b7922833439ebb,False
6872322702f348959d248adce1137d51,False
f0f1fdd44da04a45aa0f2bbf917cf29a,False
c32fd5fbd7bf461baa0db43b915ad116,False
dfad27c4eab24177bb38f90faf0194f1,False
0184e899877e49529515a0452c70f4e3,False
17661a8cd2e04a66978af225361c85ec,True
1664a9d6c72547628032a409bd2789c4,False
5b0c335265aa4d5cae86b1b7d4aac151,False
74b15525c16442ed94c3361cf132f68e,False
b5d140a3320b450a90db89f4c5caa99c,False
90d09091df6e4d94ab2c234d53608c4f,False
201f99feb2444925978e436275e41a71,False
500cca9b75504711a21ddac2c00433e5,False
e36560d5b9284dc3840b4e7ad9e8eb53,False
3117e572805b44a69b3929acb68ede53,False
4ce3d10619ff4a44ba4915e42b240b9f,False
e967bdc35ec14591888fb80464b65f9a,True
344013955d594b27993089b2f0a4a5ad,True
6a8896883eb34bf7857b93072cfe1b50,False
11e60374cf36494fa74339c861fbdf02,True
7dc2c4dda60842a2869b915d4b3271b2,False
5498c422a8d44cbfafd62a7e554979f6,True
fd60d461c17443d4aca4c7871b940b32,False
a79b094c82774bc4b3282e081bf33bab,False
8fc0b62710394c0c9e70bad160b75a11,False
e781b82f46b2452997ecbdc9a5b83cb0,False
f08e24545e5046809cf4c9ab484b59b0,False
d4ca46e04c08439c8e55d28085975af3,False
f7e4f6e25fca4cda8f3a785fdb773e02,False
1c2c32f1f060421ba60453e6f937f414,False
472cf9062ff34d8c8f114c533c874577,False
b93a5ecd064341d68728bad109f142a3,False
ac1ca627cf954a43a32e37af30949329,False
b600decf9029491eb3c1aa1fcc3ce28b,True
ee002cee0791420e8539b93228c86d64,False
92a5257c7aeb4a258152864c20406349,False
aab6bace92cc4a0d9bd748aed6c5b6fb,False
aa9d87559e3e4fc38caf4001c98de7e4,False
9b617666358548deaa69fee2d7285e4f,False
9fc896c75f534dcebb2345864caa2950,False
d4e94e8c972b485c88e3b598da4bc91e,False
58070552240848d1afd88ba6d62456c2,False
ff294c37169f457891f76c11f577deea,False
d8cbfccb784049a7b6e01a79e67cc871,False
022305cf1cd4477886247b2f4ac2451e,False
bc6cd75fe4de4d989138c4421948827e,False
343ebced824244d78641f8981eca4119,True
bac1b78c6c03401eb746c4591eaa5446,False
ab5d37bf57e940e19a72336053bc381c,False
ed9a7cc4b73c4060bd43bc490e43b355,False
96cda009e4494585a382c8d7149b2c68,True
052f433bb6dd4a3485a55a4b9cbbcb68,False
a8f28b48992d43ddb9366ddfa44cf5ad,False
054d14a0eed44d4590447d11025cc556,True
26721d4bf01c4b1984de197394938b0a,False
0ae2829e667846cb8eff2d3e2706d065,False
6ce032d145c2488c83b4524d12c34956,False
fb3864d3624643d8876cf360199a30e6,True
8029dffcbf284a3a8098218ceda3b084,False
a2b56980288b4daeb1e50ffc2ca13537,False
3d7b7c953b90425dae40dee33f6c6c84,False
0a965011940b4b63b2cbcd970d2db03f,True
52de9e3ea8674d1fb16363e4c9250ca9,False
02a8ca589afc435a96170656dfa8872a,False
84c1ab35d9094ea68b90863f2b3947ae,False
d8da0e3bd53d4ea3949e70eee99b708f,False
677f50dfb44e4c9eb090774d2bdb3477,False
21efdb0110a94bd8a3698b380081b602,False
ddf95bfcbb1e44628ca8b630f07fcb7a,False
9a4373e6be904464b54c4a8da0d85dd1,False
d5796501d8e6481bad7985be852087cf,False
c4b898ea99a149f2a0791a9a85b68941,False
c6b6459f965e4b1d864a1cd052a764ff,False
3871d3ebcbd249348305ea6b01bf85c9,False
1d7d7e18aa094644b11aff5494c13324,False
c95230b6cb8b418ea56b6ef33ce223bd,False
fce4832f797548edadc6d76a68742698,False
f7a77a7583e542eb8f60a492b18339e9,True
b7e16a9ca81a4cbba6e6beea84b879bf,False
ceeda6c4de8f4a00880761d155f62568,False
2a7c19a1c1e044a6990a08e93939aae7,False
13a06d03d5c342398aaae2fc315ee3b9,False
653e3824a9504e6da3120c6b78787342,False
fffcbed4e4364119aa3d43501c04a55c,True
e89d8a37181545f2a94d7e5ee72059b1,True
5a50d0d7cfb24cb1af6e7536ebc51074,True
6b1b6c413a0b4851acf25bc6b3298d82,False
e017ffc0fb1441b592d7bdad5b3d9a22,False
5d0e609c2e654392ae6052f2415f458b,False
e3a1fe7c48ee4171a9d3959f1a2d7dbe,False
1c3a2a98d41a449b9a6474f959653b63,False
5e67b688c30041c9abfa9a5d39e09c3e,True
6e74d35f86e44ae5b3305096c6b2b3e3,False
1d5a5fd4464d47e6ba45a15debf6bf00,True
4cf16019b7a445008c6831e664ac0d60,False
6da5751f21b04e4aac42cbbda0a20a83,True
601869dd4ac7415a936760f0c01340ba,False
b191c7d62d674746b1b931419f78722b,False
b912a84283174e978d297b50fd88e456,False
228c425564cd470dbfdaa008f1594e64,False
31bbc67fca914d029c2660ec18c0ddf4,False
03202478868f4b499117b799347245cc,False
fc1450b6e9984f8382c3fe3aeecba681,False
a2b2af6af445427c8512030023cf6457,False
f376f854c2ce47839fd92fed772596a0,True
4bcdb4b0a6a44c94a09e547b2c374861,False
bb59256187a140c98bcaa3afbee2f7ac,False
d736e621302b480d9db4e190dc96232c,False
f19bc684425e4bb58933f63dd0ade24d,True
66a693c845fc4fcba6e055dc95d71e45,False
148fd58de570442c933f0963224ddbd6,False
3d5cfd78f4b04226a5d6dc690a1c3c80,False
1ddc6cff86344890a79e51bfbdcc630e,False
add4fd44c9284d4a9321b0b9279a72f5,False
d7beb317303b4205ab71da7bc33996a2,True
d4c7a023d8644e21897d6cac5a612867,False
b8884bcd1f7847d3b0f54d115c7ddf24,False
4bd900961b1842b08390086fe7c65d83,False
40e17c064ef04f8a9fc560f9cdee4aa0,False
1d63f0f71c58414b97b85573fbc35a64,False
bbb6d99538f145fc95e6fbc28cb7a1e1,False
e7a47c4e2b4a47e88eee5d9de2e64fc3,False
f1c3288d135f40dab53656e081aa8aff,False
50b647a78fd348218a5be997ff92d6f0,True
7e3cd1426aaa44eba9aa67a9b1a1d1b0,False
5c3f6a46e459448d992f9f43d66427fb,False
4647335210574706baee4de96af85b43,False
9b5638f2276b48f7aa7f7fee975c232c,False
3cd357253d5d4fcc9fc01031af3b9446,False
48c72e154540429a85167c1e5e14e586,False
f07e98cf58b146219432befba1276066,False
8746e42e589c45db9d17883a7a905cf4,False
a1861897b1b64f588441e55c9a4bfe81,False
065eb59ad8cf4a69a1a525d8f398368f,False
8bad51e827c94cbeb025045d5b7a4fe3,False
8298ec266f8c4ff39458c58c92492517,True
1873d2313eb44c35b2933fac5ed60aa6,False
7e8ae182bb3549f0b76677163ce0f91e,False
24284d0a08a241849609735cf0bf61c7,False
3de1fed945aa49c199b7f1c30622393c,False
1d4e811eab9c4df3a65859954e5e24ff,False
9e0d7acf5c5b4378a8e104fda3a29593,True
a8e1d167b8e1468b9cfdd65312fa3296,False
9e3b6c365a0d44ff8d333a35deb16888,False
b89254abf5644de1b78154fdaba3ab70,False
a54923400da04cd0b2e9de25b323d500,False
cf2ae6a26f4647ffa88bb4c879e4718c,False
6e6e59dcd6ca481085d86af1688fee30,False
bd7eff2a8ec545c6af59a728e7d4272e,True
1040f1172cc44232a5c6d149978c255d,False
1e3c644d263b4460b622f52cde94d33d,True
4690ac80c31d4ef190294ceb30714256,True
e084ee86c45f4689ba86adb5c171ca1c,True
0e11b034945b407b8fd69024443e0030,False
3f30689cf73d4c1eb128d2f8ada4a2f7,False
4ac8b94632d24019ba59688b2b14abc3,False
894fb393950f49c785ce5e992f6dc1bb,False
bdc478915702418fb23bc16531f67648,False
3920e536839f4764bfaeb8e576d88593,False
ccc02180f5834a158fc4a3b23fbdaeb6,False
3fac14021a9a43f39727fb399e893e22,True
3a8ac4a6fb9d4fe1a9ebc543ef85f9f2,False
a8f65c93cb784ad385aee6dcc4aec6d2,False
af871ed788de4de8af0fbfa7ca14c75f,False
3ad6ec08d3b3474bb6ae11eaa8746ab4,False
a1bf224ff3ff43628b6bbd79fb70eff5,False
8f7ba6aa438a410b94e8acc49f373cf7,False
65970f0f6fbe487694489f22f21197f5,False
59799e7866704a4ca6ca506d26b32d24,False
8c44d1be94a545cabce1e75141ffb02d,True
c2db8b663e4b462e8a2096a90a960626,True
6516a3f252554fcca6d782312d661ea9,False
f2274ba0785e4bf49f62ee82d4d62f0f,False
4019cc22dbc349fe9bc196758e1d9110,False
f4b1b782716c4c92a28664b0a62eecbe,False
532ad5058c014327a2e228dd95277d52,False
92c28badfdad4ca38e5dcfc5435d85f3,False
4e3bc5731af64acc89cf6c5cc8c53957,True
273fd382cef949c2834e266f33719776,False
fd6665f2703543138d8bb9f01db9c9ac,False
452f0c760d6a41cb8f39aa861a26520e,False
e8095ee068ab4f0bbd4f3c5b813adf16,True
da162d7e516d4ed0b1ce77ae51a1e21d,False
75ccaf7a955f4a929f8d76a2fa158ba5,False
a2570af0f09d45cfadf03b8bd0714dd6,False
709845e9e1f545e29aac2c10e700dc4c,True
1acb1b574c0f4526a09bc69270da24d6,False
2f793171ab404bbda8d6259e86b3c1f8,False
4729f4038f4342c88540bc854e567a4e,False
2a702af794b04cd48fd1d0710b839b2a,False
6dda9bf077244c99afe64d3a262de601,False
a222ea98395547809d44406a495facfb,False
ad63c9566797495c9e69e27004527f56,False
4637002d5f7b40c587af28220fc50fe9,False
789d6e86b1df4e8bb83e8624c5d005ea,False
3d3d79bafc50429397a50067b7509b1e,False
676154c01f2d44e1b995b82c00e8071b,False
44969c2e6eec4eb59b27e691ff3efb78,False
0805928f3ceb4217a3bf8d3dd3f27067,False
c60e14335ade402a927f4f6f86977d5c,False
01556b7decd749e78a30c4e8dc2f8629,False
50caaff379af408d82cf67f4ba08cdd3,False
c14cf9a823754927b46779dec5b70278,False
a59c74ae1824449f991157971b7f042c,True
fe3339fcf0584daa930d5e00ebfc7b72,False
a69998433a93408a8e39cddcff982de3,False
37e9bd849b5e47338b2edbe306f3192e,True
ae7104a1e880480e9bd5391818841897,False
da88335f069b43b7910d332e688a0066,True
f6975be003e541b6b5be721157888055,False
9dc82793ffba4209af0ea3dd6447fa6c,False
80884505e49149eda036fb8fbf543190,False
50e73bab72844b8ca8e28fa60a4831cd,False
1463101a30b44db491c71c9bf33a8d7c,False
dd0fcfef5ec04231b89485f81dbd656c,False
7de7effc219c4f92b73258ede706b16a,True
5ac299e140f343eeab268ee73f35a0b3,False
fe137da6709b4a4ea4b129f2c24fb240,False
9e8210e7813c4fc09b86323c853f62ff,True
62167127571b4a1eacb2db2610fe435f,False
ed73b2db4d6945b39d05d8ba35882230,False
e7bf40691690499498150189afaff3ab,False
818005a367024fcf81148d71bf870730,False
24c38de8b81f4b0da8f4545c26f4481a,False
fc5baa4cc76d4370a249823414474f74,False
f6e21296677347d78c5cdb36fa22cab6,False
9b50ac2797e344faac2a1f38f2451261,False
808eb94e9535448cb182f764c9085d15,False
55770e1108154478ad3c018b20ed1661,False
389071c6ebe44a18ab41071777f868ef,False
ac617494d12f4eb8bc9d7379d7a241c9,False
3997f6d1ad1444a79c4087a4fea472f1,False
77a83287d3bb4e69bc492c8e6c71b17c,False
228374893672428bbca7bd89c0ed37c3,False
3c47ccd36afa4d65ba1e2274a9d35948,False
a18fdf6721dd487983cc8647458c3eb4,False
a868206133234971a5368044dc540213,False
4be12d0a59624a5dbf0d30de89863f01,False
44752f0cfc374e8190fd0cc71dfed0d5,False
b1b93d5b29814196a38c026a00181f6d,True
c2704dbaa5384fbbb3ca7af28975afb7,False
1088109fc9c045a2834ce0114f97a5a8,False
3c19c5177f994cbaaefe52e15bcdf481,False
5da58c9b9e964623bca5bbad2ca1e285,True
a8bcd48cd10845d48ae10d34f45f10b2,False
776d1701102344118b8627e8dc4ee236,True
b43b080037c0447abbde960162c614df,False
fba942a7426c4af98bc486168f81b879,True
de9400a2a6af46978068c9cfb2673624,False
f7051fa9653f44ab8e4fc863b4103d05,False
4add44d7c84441a1a4c8e3649e71cb09,False
b407f8153125479db5476abfc9aab733,False
115e976d11d6484ca5785ee606f0ab37,False
c04c8f58d4394480b4dbf8415fb644f7,False
dc7642e2754643bfaefcba9b83458c26,True
ac80e80d5928479b97fd1fff14b9d1b9,False
da4a65c48b814658a5b57d30807b9745,False
2221cc6012c34eefb7e41a4876fa000c,False
5fb4d62c24bc4d52920474a46162effe,False
4204b04a465a447f8541a8fdf078c633,False
1e841de08342432aaf2a331832dfedce,False
c52b5465aac04b4f9e5d1f6d57a63d37,False
aa501449497048b39f8b8e587c52b6a9,False
d043b336e63e4099a4367eebcb9900c6,False
4147a66ce7be4b59947bee8d5f536095,False
778a114c5efb47dc9825b357a0c730d6,False
ac1d9fc3b55942d494f44c260635ab0a,False
dca32d0993a9415baba0623159492dec,False
eab0d75adf114c5ca5ef807f9ccdc56b,False
f7a62f17140c4844873dd671dd068f03,False
103871b088f2430aafcef833bb9f89a2,False
82a9a8b510f349d18ed94e980d446986,False
7adc03dcd0134ad59d3e59303069f626,False
90a8c995ea224b13921d21846ec8a806,False
f8ffa4422f1545a1a610ff7a75881a96,False
ead65e62f0944033a7d2687885308dc9,False
0e462f82257f41baa37d6629d4389e9a,False
89c0ee58a77140ec80effb08253f3d3f,False
efb11409671f413b91d5934ba4f1c444,False
3ec64386884d4c6b9964f80ce376613c,False
125c1085151e4c4595c197d5477b519d,False
87376dc9f6944d6bbb2a20a77e04af43,False
38d4c298087140a3bc616f8bb5d429fc,False
13e568c90d1e4af6b8707b9fceaaa0f4,True
7f6fdde8988846fc8d766f6704981142,False
5f82ca48849549d6bd181228c0cf9114,False
9e3c8843b4b64ea2b7b835572553e225,False
733c1695ad7f41a6a3ebce41791bd5a9,True
1dc4c83ae5e34fa68e9d2e04ddb5784e,False
0c13e536e1944d8893c8913467b6dbe5,False
bfa0a51bd72a40fe8f05e0dc63ef9fe0,False
bd0227f75c5c49a9824c2186bd7a4402,False
97f98d83ebd247df80ea16be97b02bf5,False
56e9ddd8d3d94261a9c388a7f753cc00,True
980e66cec3004fe990eb93a87ef6abf5,False
af3ab80ecf05433288e90a831dfb5072,False
ca352904227646a7b06b15d945a4dc6f,False
6c3bc20c05384bb7be2f7d72d1e19b96,False
c3e4fa5ea31640ae9b6836a1ccb8f1fd,False
480425cecffb4837b025bf9d30417862,False
94fa5cedf9414c68973e02a9d4fb3480,False
7f61937bb94c4a5b8d11247b0fb251d3,False
0d66dc9759ab4cf1a257e0ee12ec795f,False
2eedae0012fe4dddbcc6e51efc08a0f1,False
de5b36263b344915a4fbc42b2c13c6f9,False
269d63fbddd948a1ac1896fd9bc5c1e3,False
6b7e0500463a4a27888a61281a263f95,False
3c6a7106e6e64c2cb98d169bd658e663,False
95c1bce4a1bc45118d716ea3f1e72601,True
60c68dbd0594409bae04f5a8ad458560,False
b45ba289051e4dd38d56ff633c5fe6f4,False
4dddefba1b31462aa7f46f4ec9c64f20,False
200a2e6920fd4a4ea6ac49544e23b17c,False
b0f7919c0bd948e59aa3161c3fe761c8,False
4fe7b29af5ba421ca3cae2276806376a,False
c3b173fccf474e58898568ee1427d735,True
c61e9332011c41f1b17987deadf21e73,False
1a346f5b8bfc47e6a9c000e6f4b6d2c8,True
5193a4e9bc94485fad365a0a31d3b431,False
f3407f85cedf4bdd9b3415002c77e05e,True
3a963823cc9b44d0a898312a19262292,True
4bb4cf503c8e49db9fa6e076cd82d97e,False
241354f0b60c40b2994b0a4e0c0d4714,True
4feaa75046424722b29e62ce11eb98cf,False
89d33c6e00854469a34555b3608541a1,False
34d2fe68700248beb5fced06e8e433f6,False
d5ce70a04ba645a483f799e231c2ca96,True
8c52591d70c34ccf93fb45035c58c5cb,True
f90289a888bd46168612561c1079b0f2,True
25f8d07738eb400888d43fbc3100ccf6,False
ec7110904334488a81081bd0a89a6a65,False
d75135fad5bb4d12b99c3c1aa3b7ae56,True
c30a0051c02140d4ad715ef464e80551,False
3ad8664c2a93411f9e51296b221b09df,False
a0a7b0502f814cd9b6250153be4f70c5,False
dfe31a25e732400882d40ae7d1055618,False
a438088f0cf8498680c5a661f258bb97,False
86c1288d2a7e438f92b48f97b174ff28,False
672720658c8646d290f76a74143a5bde,False
57ff37a3bdd94a8eabfedec0268034f3,False
cd562e3ec82744bfaf24a72e9ccf227c,True
180626769c984d21a382e050399f0336,False
9987e279ce2940c68d5c058b9927c4f7,False
634f75fd188a49ae8f85cd8fb6804414,False
b5c0fb833d0042dda2a63191ee395447,False
a29028f3343c4b4490d679db03185a5c,False
afed56202f854d44a7faa0f18d32cf9c,False
b750b04f3822429aab5dc86c0ca8360d,True
e1ba734c7d0b456591b47eb47acbb45a,False
05a8161e81104910a68cfaf7b40c80b2,False
fd842e23a08c4083a7a284f236848bc8,False
c602320bbeb34bcaa37f78e705d3d3cb,False
0ea7ce10417745a1927ee7c04b625d4a,False
0d52b98b56b94b6e9f15916b1427d42b,True
07c31c0d917047c29cbccf7037862400,False
31383f2a161647d99db9fd3da412e627,True
e022788481c84f9e86e6b313a37ceb52,False
e9dd6ec2ef68472e99e57228c9b15be8,False
d64c61a01ae44f4dbc046d948b60c97c,False
dffbd8caebc046ae9c879e753dc34227,False
da5e71ad80aa4f86a8a0f3d6f4663908,True
72f0c07c810d4978a0fe1a7ab65422cf,False
51b543906dd545d59ba5220ee31c5f9f,False
6d86c159d077423ea1173161f5c8fe30,False
2c2240b6d9ba44d9b1415b64b3240cca,False
7a056c8e6a444e33a3f2e1e84bb44f28,False
cbfeac83b07848a2a64ef10b535afb0b,False
a69e2db0745a43b79a0b999f8245f7db,False
69820271e8d3478ead61f9c65f7efad4,True
88f5074704b446e4bfdd9d2660107fb8,False
08eb838051844675845a15a0eaec9214,True
7931b8237b4042fcb8002fa49845d36c,False
a09cd9ede6a344109cac28bedf2662c6,False
9509fb5ee3dd48ebb7eb19545b14c44f,False
f206c5f4995d43569c1f021a2c3bb0d6,True
8891387350d84d0ab9f202cb1355d1d7,False
91439c6ca0474daaa7d17c8479a64f37,False
0b1910b112584a7ab59028d5fba612a2,False
81060c81c48240b3ab4081e26c8f5179,False
6aaf2feefa97432d91707cbb733ee379,False
d353af030bcc41b4b18b4b6851d1fb12,False
81fa8f29f8664f6687f86bdd705edb1d,False
7cc74473824a43e5b0669bf80168d10b,False
2d43d2af63da430288583575a00ffc97,False
e459ac0f92da435fbb42765f6cc36741,False
16d197e3de154e08b37ebfdb9918ac2b,True
b5f885b490ff477482aab257edfad2eb,False
45cea967b095423d8fea185cf554d0b8,False
1f0fa3ab6ce04da0b70f60ae536e4e41,False
7a33a31e08c54ebe80c99290ef8da002,False
477c5e4c6d864df8838806b29e3fd5da,False
0d13f8667086405aa7997fec430e3c52,True
89c7fb9f836444b28f891fa0077a6254,False
03ce64f7ceae4124ac04cd9760fa114a,True
b05815de030d47bf9283840d62ca88fb,True
b687d67879ef4c1197a1ac30db0ad82b,False
aba70cda4e844f949c8a5125c5b343f5,False
f9438978246d497d9610cd0564cb5a29,False
39a6908ecd764a74826d77165199da9d,False
f9f1a3296a674d4f81d76b0e6fc6d4dc,False
485899852827427386b26cc371e14189,False
c224d7c0cba44e79be833e71ff71b3c0,False
bb3d991530394639a4d796429830ec71,False
6ec7e813ed5449c08836f2872e2211ed,False
5b6217710c3945028932e52496091a3d,False
46d528be038944e18fd2433bd91f63ef,False
7ca8bc174abc45ce845098eced62b11a,True
eb89cafd91b04bb380d490ce5cc1d5b0,False
d90b325b968a4f47bd6be068e0022c7d,True
a5577cf122c8469dbe038581b516e8d4,False
1a109fef93554e01845d1b73503b10d4,True
5f74d95ac2b54664ba00fac422ad93b8,True
e824d2a1964843e8b3c2144aa93d9a75,False
b0a0d4c0a9484b94866249dcaec4a59e,True
83c2e20d4eba478f8db621efe9677a29,False
de09490af5c54177873342765447172c,False
9cfdf4a1851c4bcea87ad116618edeac,False
6d035251a7d642de9b798c01aba72d3f,False
6a60e0915a894c289306d7861cef8f69,False
2bf949b3b2f7401f890bfaf313e17349,False
776bc43060d044a883e35b3e496ed758,False
ebc6a8658c1f432f8b6bec91775c8e45,False
9f7e5140ea114e04839ab25173152d68,False
311c8b3d2e544ab892a9e0baab228a2b,False
36c283cde54a44928d37ce78425dcc59,False
dd0675c7602a44c3a11ff5ec8cb009d1,False
55266655400b4a4bb2a537dd79325ba2,True
0e83fbe1ae0a42a18e20c23fd974d8fd,False
67489a51681a4f2bab7910af00edcfe4,False
cfcbee97437446f88ae25033aca191d9,False
9c5fe5d7c16645a4a14bff58bcef7ee4,False
cb9a1c29950a4481b2a4c2c87b3f032c,False
41bdb516c4e24d84bb0f39d5e53a5ae0,False
7d571b7fd4f643469b3dcf77d569fc3b,False
c582fcfc99204375b485936fd117d5a1,True
df84625c13f643aabc8445613138e9ab,False
6862b14d506e45a899ca25c86d5fb3d5,False
0ece9c2a08a1431683c5080ae72e5f22,False
d060fe3b8d67450d8afcc7a029d46cf7,False
1f876e8c884a4ad2ba44d1df27ec0bbd,False
27cda4c5c70e429f9d72a1a05f60d65e,False
23ecf49b20024d8cbcc9b0b7119aa755,False
4d4543b82f084bfc8650e5dc60869801,True
1e7a808e2b1b45beb9403eb99b8218e1,False
d2fed643669749a186242c9e2acb590e,False
d48d878ab7c14b48abbd989047aee8a0,False
a5553b7ec6e940679aac5180b277a42a,False
e875e9e8ea054f93b99fd58fb4f51b64,False
9da041d0d6d540cda6c87a4c4912bea0,False
1821909a83a1475187e6b3cd838ddaae,False
489b6666b22a4a4aa76970d1c7ba49f9,False
44cb6e71072f44119b80e65aff44c9e0,False
e4ec344a1ab345d8b8b8465918718f6a,False
58a2edbe8083438aaf7ab43557369705,False
471525f5b315482ebaa1e9c60564a6dd,False
b3aea8b918914ab2a7b1c1aedaff7808,False
b4159b705fc04ca28334046bd001b97e,False
c4fb86cd60e3484599bc29094bf9719a,False
bc350bbf201949378965405d70bdb74c,True
d2cdccc1ddd44604ba0d62ea4d5de648,False
0084d39a13d842dba2d2fbe0a696d772,False
aad38e4a0c224f2499219fe0ce0d1e1a,False
8345498729754d3a9d8bb361d962f1ae,False
b93b7b13c5774046aff6ccb25718a1c8,False
454adde8b67848629524569bd85d2529,False
380381a834884236908cac3af94df71b,False
2824e03aa4d043908c41c812de0e4fd8,False
e8e9c083b3dc474993faba437362e252,False
886581c9a897433d9c6047d6ce27307b,True
b4f5b79b03654a18a7b58be583079d52,False
0113dcbdc203456898ec25587215e6a2,False
49e341fcf9ad4449a8ba3ed477a8ebbf,False
ac702aad955c4676b4c1f27cbbe3786a,False
ce3ead66ca3a46dc95e66f0ff1ebd7b4,True
17fec78cc1204ed7a151d217314e0991,False
4e88cdbdf90b42458e5730b214c7b66e,False
b24e4b7700da402586db087cd5a49e20,False
92cc05e28c434dc48517cf8f57770cec,False
a82e0758628e494a8c0ed079eb1e3ce3,False
9ef0674a353e49c9a97bb169502217bd,False
7974e7ecf31e4149aa0425f14b02805e,False
ac75323b08af4f97a94dde30ec526f47,False
13889aa3a69140bea5d01ddb9c2cd7c1,False
4391d2ba87e24ce285e22ae7826d0293,False
0aa204257ea945bf889d542e9df3e501,False
82766c039a604b82a96864d05d28bdac,False
f5c0756e5d8c4c5f9842006496c785b3,False
8c06db22c20a4d59be29f2ef0482e183,False
35116364d1364d59bab7b35341cdf2a5,False
b3751465c53c4ecd87b5280689089d56,True
9811d8bcb23149f3a455a5b5bc3a8df8,False
8bceb89f3ca44035be31ab696ae7e131,False
4b5d03569bed40e8b3a3df7845f48f18,False
30d28eea3b58425db9224b58af433fd7,False
204cbf1494bf4d2aac7312776bd5fc49,False
8dc948e8b7074e7e9105b6dd8fd4e6dd,False
3b1617782d234359880cbb3cde859f56,True
21222752bd5041809dad45c58b52b7f2,True
afb4aa87d62e47b0ae1ca579c5edf326,False
5bcb62ab3b594a50a2ae2b0a728f7208,True
9b680631a4614991bc9da74f23ddb9cb,False
5d4668614ba243e186f6441be96aa438,False
cd9452e5f9a943c0bd70936f7dd63c6a,False
f0c496f2d1ba4e85a4484499c4335a9c,False
a84d491e8a434541b9a53fc1ebecbdf6,True
c95b638f06da4112b8d41fb0f512322c,False
d71c4beeafe44851afa2f5479889eefc,False
9da1462f71ee4604bf97b7addfef1e93,False
124453e189b8467d99671f0956d42a4e,True
74ec477fac784517a2879ac95a2ab154,False
2fb1cd2218a34910823515411440cbaf,False
6cf52ce3eae840fbba4103186934241a,False
bf7084e9e48d404d9bbe01d652675f3f,False
e3046d874d4643aca74e3efd58f33eca,False
879338814988475b8dabfee66aba7ca9,False
51b1294fe86b471aa26498e5a4d68f61,False
97cc6c5dab104b51a4145b106003bc0b,False
cd1ef23de63441618d94c3336aa1d951,False
404b315956e44c1f9e32a3584880eee6,False
56d8ebe7fa2a4bc4a84d713d7b9fb00f,False
9c57f05dbb0644aca11a9767f2491f5e,True
62292edc1b85404eac2fcb4c91a920cb,False
44c780e2d0b7474aadfad0b133f0b2d7,False
6d98565f672f42e19ea02e11456f2d0c,False
9f95606b2e7a4543b2138df8f15e5ceb,False
2765a02dfa2e4c5aadc1ea3e8fa2e38e,False
da8b2822fa764f2bb83f8e6a393d4ecf,False
b0e47041cad341e597393a352f1a2940,False
23dcc485c7804ad5a985d368de5f9880,False
bf9d644e75834bbba936fe283618f9d2,False
c7cb3d4f174d42498ca37ac4fc105c04,False
b1ac67c16320462b99fc3870d545a26b,False
878a7e74be1c43c88def83a31221e580,False
12c866e2fdb4438cbf7e563f4cc06a11,False
1bbd5f04981d452482f3431f46d26f4a,True
d2bbdd46a459427fa86280db506fff74,False
12461f481ad24f8cbe182e385557e3a1,False
3b70167b155a46b3b3d46c71bf989ffa,False
f6dc8b29a4d24e55a1063cafb9ded245,True
89ce9f704a51489799571ddcefb7fc42,False
4f04c9f55b0e45eab9a847a34100ce3f,True
dbf21724833b4d5a8f671b162f03de74,False
c45234bdd9324317871592669a7dc4e9,True
d0ab54ceaa92493983a8880092f9cd6e,False
fca4dada82064b668bf86478f2f71920,False
c53f2d1a5d684a6ba1dc4a8a24bb1150,False
21bbfdf458944ee591351f240cc74259,False
561585512b8741808e090d64da853a54,False
4206bf3222924eb3a3b0136c00d75ace,True
2f96645fc0174743960c7125f352c3c6,False
49b8b20d92b949e79a290d7357e24c4d,False
7b8c1d68a9054b0788ac400ca42edfa9,False
28117fc25124410d85b43cd324d4a8b1,False
b18fc42c22d94b13ab33588ac2c9b3de,False
a3feb0f113d14fb390d32de8d43805d9,False
79c71f64731b49549ea05c4b30853fd8,False
f81b4fd44db9428fb7027da8d39d4751,False
dc56452a97ae4375902f5bbbaac1ee43,True
934137a2904e41358a8923cb292b733f,False
93e74da076a144d68745f958bc1b85fa,False
e6a6c488ba6742e5af27f6fc0d4011a0,False
3bc9bb0099b047798f5caef462037860,False
72e424e4f3f14bafb82dafc68076eef1,False
1811db06a45f47368d6995efbd5ac63a,False
1d3ae3d3174046b0983310376fd30c7a,False
1b7d839834684122b5b6ab4f1fc8b186,False
1f58e66ad0844d8480bfcbf7dd763859,False
85906e83ed244503a04455a2b17e3491,True
413cf6aefa84442791b65a85af400ec4,False
f2084b4fda8443339973c7e3ecb33866,True
7c6bd9769f304b09b428a7ba00a508b2,False
03baa2f6e575448081edfd3fbfb4a7bf,False
0e9b77748d9a4172ae9e052bb6179f9f,False
ae51a4f5f8dd432c8aa95ffae5ebc10d,False
5936a2461f0e45eca18c32ae79374a0e,True
ce6b976f213e430ea1d08fd56e1957cc,False
8f7d1524a8cb4c1abb2e4ab5e4343ca6,True
b6241a64a93943cab6083db77e7d768d,False
f8ef9518adc240aa9aca96db800fe76c,True
d0abb6d61f2e42b2a247f3e36445be19,False
706bdc8605ff4527b00455b5b11c036d,False
3e494af5cf4b4075adf6cccf771c16da,False
2db2d47d6e05482f89e0db1bdbf5ec99,False
c66b2690392443848ea66e73b0306ab6,True
920ec1c1b4cf42e7a3098275a90da50d,False
3aedf61125b845eba17710335a0aeaa6,False
d354c0c72e61446aaa35224a11115ce2,False
8f3019dc2f404940b9c2424fedcf868b,False
55e063c9664842939f3c187a807c3450,False
dbf25b0f0bdb4805b0e32b2c5c53c387,True
bce8cab72c12465c8c8eb24b132d6c29,False
f8ec7577e1d34f26b1cbd74ac34e4faa,False
09790581d73b418dba69b8f7c0547a82,False
5810f8baa363417c87de4e69c7e80f18,True
90114dadb60a4284b28bd132af2b2c77,False
1d161b7a9b9c4d5d87fbe5d47cd3634c,False
7ab1004c1684413a8c8abdd2848f3694,False
04a4e6c3c7284f7f85f2fa0d98d1b587,False
2851b11cd2694af8bdb3f05e48cb4ac5,False
3ae2a49560914e839391a0e734a20f51,False
6461372c09544a419128b1f154c4359e,False
ebd107dfd8544ca99231608c72445403,False
9d86f9f4606b4313bc770648be67a53c,False
61493b96add84071aa3c5b2474b5a6c6,True
d6826310d07d4d4ebd203d210694594e,False
586519c8fe0345ffa7263a90f112c325,False
0ac55a32961a406a886a33f101759241,False
caca601436da48e9849402b4b7941697,False
c66ccf57cfae4364b05d7a8bf815736c,True
1d5f236d43d543d88bc91922e8f7a1a3,False
6d252a67e8474befbf692d9d4885cbfe,False
0880dc69f7604c32b7226b23cc45c263,False
91ecbaba07cb459d99f3573900654f71,False
c14cff9d267645f998804bf737680c9c,False
0f41f54bdd0e4809ad9866357697fc3c,True
66fd054e3dd9491a8cf9a73421da42e5,False
b0241dfc4b264c2492464c11167d93a3,False
5040ca2974c344caacd9dacc21d5f873,False
df5ceae4d2f841c9afed92ed1ddf105e,False
ad4f2df55a644cfbbf5fb850252888ce,True
8c6c1972199140388c3b227ad893230b,False
1883b568dd53429aa516dd953592899f,False
54f2cf63718f4f0393c823aaaef73f30,False
afbfadb7efb74ade92ebc3060bb85e54,False
73bcf1197e78425488502cb98dc41e2e,True
2e4a7c2bf4244115adb8cd010c406819,False
534571fc41364f5f8f1add80d871843c,False
0ed0e2793aca42e5b7e6b5c4bc41bcd4,False
dee42e3dae0e44d6908f3fd8352812f7,False
24393ed2661c4d13ad7914e0e433e138,False
e623dd0459244629b24a397f7e518da0,False
2a5b986eb55e4f949d1712148d2e8a31,False
91f758d510ac4aa78741d6cc8a5dc4b2,False
3e6a10376a19429a9e12dd32dc69d187,False
f00a6ea2dc2148d49b004b916041cd9d,False
4ec256b638de42b7abd3fa7ec39b6e44,False
c6eaf3f5721645828f3d4a910a3e15af,False
02450d793fc44b6498a074fe60916c42,False
3b87356bd7c445b9ac4c622797504541,False
56bd5e416e69425eab2f00068509fe27,False
163900db72294d7a824673cef45579bd,True
4be1a9b2a3ca4c82b5d039e7fe69a595,True
16659a6ddba14ec683eb05c77ea89087,False
6249ec22c001453497675303fd3bae85,False
bc9945a0e1984f5e922fca9456b46f69,True
5c883bbb39f84bca9ac0c5b85b273717,False
c47f73d6e0e54c598ac8aa4dc18970e6,False
0c67963ea31c479cab33261209b5da62,False
3d7ed3303a2a4c9e9909e60bcc1f4054,False
2ef4517f1e5d40c7b07aad9b49554c18,False
5c0ece320db54864848660d94e3da30a,False
5b122ef5bc60420aa48913f6d0760ce0,False
c2d1de5ba66d48cb812537456ecc1ff1,False
310f061f52e24bdda018b2d4e544246b,False
c27db0c7dd5f477ab7562ca0eed0e4b7,False
c561958f338a43fbae27fef7cfd93444,False
cafc25064b7c447eb9edb54207c464b0,False
a836c5ac5b9a41eeb55977148bd109e6,True
a6accadee704451ea7b7584469317c23,False
271de9ac30634cacbf777a7981f3c442,False
f8f5dbf413f545fd8b870800b2ffb7ad,False
85f53319af7b462f94ba0ec3ca69fcac,False
b2e0db2b55ad499a8262e968ab74041e,False
9736c4eb9dd2491dbfbdd947cd410b23,False
2d6e0f1272864fcf86b3b50e7f3ffeb3,False
9c44431e3b2849e7a65cab10054ca2a8,False
56afb147f9a1442a969a847122d0fea4,True
f8bbbb36ba554f5fa0abf34a048e6d30,False
ad7c0ff0d45841658c6d9d44a3423718,False
30b57cc1543a4067a5727ce19c12a01b,False
ab2e818d841a48339554241032946ae6,False
b14644deb704492196ee368790ae9f6f,False
81639a58519a40aaa2deb995092ca5dd,False
8c9fe2b4dd144e7d94fce28a02eeed25,False
d8400447a5234ba3a7c5dd52aa212f4b,False
6b1878eacf5b4cc6b9212e7059ab93a5,False
812d0842a93a44a591db8c73ebe37253,False
4686569ad87e40f0b165562adb8eb09e,True
bd483d4d07d0491f9964a746bb835b6e,False
cbc221d574234803bf95081b82d48365,False
69b1f8f2c10d45e49fc360c232b8a08c,False
7413d67875144fc6978858523e24836c,False
e647a3c52303416597afd922918aaf3c,False
a9841c6c37914de1a65552ea615e7a12,False
0d117d1cd7f74145bbbe3977801bf677,False
46fa7a7546ab4157ad0cd6f5658779c3,False
e3f71916f00c4ab3955e6e8008384c5c,False
fb6fbab4fd6e4a3da3c07b15ed39464f,False
89747b8191be47e1a43351195292b87f,False
41790bf6251e40a2a9f655563d34788a,False
17321ad9ac8245da93f0c3ee30243db1,True
a29694f4c2e94dc18fa511b848a3093b,False
68d05d5bc91a412ea8a5a6b2c99f9577,False
4f86c6eb42e74aec9d201590bb343b1e,True
61feb0e42e4f45f8ab8df7f55f73c91a,False
50804d93e3fd4793b444a6e27480b089,False
a977dc8be8e34fd1b4b98154e7520970,True
1e60aa814cec4e23912a77d3ded3e46f,False
0949f680b3d6492990888c4831927109,True
4e0c8c09181f4e12bb74cf123a71cbe2,False
2ddcc7f3fc92409b9c057a9b860717ad,False
36e46bf304574a3585f6450412616878,True
1028da12592b427e8351302276ab5bf8,False
571410baff9840499ddb362cc31b7925,False
e733405d6c6d436b9ccb40c57893e0b8,False
9f521373b2ce47aaa5265d3faa4f2a00,True
5a065911d19841c0a7d8054af222152d,False
6da4af28ab4240b19669e8e7dc300fdc,False
edfef10e0b29407a9d9110a0d5ceb40c,False
c6dc6170bdef46d5b80a1d2935723c64,True
a0d4ed57e4d64a768a9214cea3a2f8ac,False
b76e79acc112403f9cdb9628f53ac141,False
57b1e737fae747a7b8e083a655e5b352,True
56009bfa99f5423e84655507131d6044,False
23694f012efa410993ded9137fbd0d57,False
dc373c3866744a36b49fb57ab5e03626,False
7be62136b8814564baf002b2bb081808,True
4bbaa78e6c944be88983b0bfbd89bb76,False
5a52846b7c004ff2b2da015dbb7ac24c,True
151d589db4be4730bfe2735accc6c4cc,True
6f49458e6f47417caa2eec1785f03f60,False
5ee658eff4da4ba0a4e8b5ee89dbeea4,True
53e1d398ca7d4578a9a6198c0a7cc137,False
36b26426367a47899be5b5f080124615,False
273e3cc227874cbba9f7aa855c6034f7,True
1e1d0fbb48964b258b1d47a02fd2b226,False
2c0c5166bd324a8eb1b24f703fea7cfc,False
7bf5d016883c4211b6a5a8e2912dc272,True
1fc13ee9d5ed4816a5427fe82ee3bf02,False
5e0124c7c6d44f879943dd4da825d0f7,False
b6ac12b1efc3412d8d91dc7d48b242ae,False
29ccdb2d49bd4a6d86edd9325a36831b,False
862c372170024d418bc1363c35c23135,False
6cd3035e6a604ac3b2c0adbf6494a26a,True
9255e1bff23c432ea1152b9f0fc2edec,False
2a391f6bc7fb4d35903a48dfdb36112d,False
7e047866dfdb4a64a6f99e1c9c8feb73,False
14b995f462e04b1db1b66fc917e44a49,False
52261dfce26f48e49a9d86826c3e5ec3,False
b5433b09309047acb04f5db823bc77c5,False
8edd6abbd8f341fbaab9bcdf636b777c,True
2a45edfe828e4d46a3be893ef5b17215,False
6ded97ce1e034c3695f1dba4d46c40c4,False
f625519f8a8a4590b02c85559f7ee893,True
d1a1d0ae102347e1a8a1a51c621064e8,False
36dc6f2d9b394ce1b1a1270795d5f69e,False
d803afa2f86e467a8b9d132082db7de6,False
9f490039c62a4ac093938379b31214f0,False
524cbe91362c4ec9bd0a24a1d3a41463,True
34a83ed9a9284627b2ea6056fabf21dc,False
6cec5f8b418a4eafbccf727eb268109c,True
06e519547e2047258059e190b6bfc3b2,True
5a7b731c8fb44c6fbe723a997770b6ec,False
a67a7127ed1a4969ad1086390e21945c,False
0043f7cc563941b79fef68846b8aaa54,True
2cffdab1f3a04350a8e11400d6ab2839,False
ba0307ea5df04ea2a9863db9aadba529,False
3cf8194c09f14751b5d61cde326c8b1e,False
d30250637a374c819185fbd9d19f4aed,False
72bd67badc274f4e8e5bd80adbba736a,False
9c444fa1f9fc42c4bc5d57cd3ffa579f,False
5f3460f3a7ec4acd83c4a49a58328d92,False
9513de1e59574c70b2bb0acc132300fb,False
dc13bc5873b945b4a41fe805bef568e6,False
fecdd2c193d547d891de9708027be202,False
2b2dce4966c44e608cf8e875827d67ed,True
78aeaa2f1ca842048c3d688f2c2cb44e,False
adda15d898174189a808db8688811d38,False
d0fd890d49b342c7a349bafe3470ed9a,False
ac532c74a1064978988a15e899a37368,False
8b75ee092fd04a7fa150d04de8bba49c,False
20c6dd2bb9be454b8ae1d1b5ee37869f,False
acebb68d3d0c4ea2b01ecdd141310d08,False
c3feeaca4b5d4752b050a36dab61bb9a,False
5aef1153ab2e4fb9ae4a1af852447e4c,False
72725c3cc5f44e68b54e9680c07a945e,False
783f017814b64aed94592e23ea51370a,False
285004415f604a1f8866fce7d3f7b234,False
2b3268181ebf448488230474eb6587c5,True
2f9ee89b357746edb4d7dd6894eaab79,False
d3439126bd9d4cb691232a4ead74352b,False
1071589e92904866a6e04ff43906cb61,False
bdf87d476d8843cd942cf62ec87e0029,False
b51574d1d75d4c088d50203a6795e058,True
13488898068448ef863d190e17b890ec,False
116f45cba19a413eb41188c9124fb745,False
dc43bad7c9204e06b00cb8429f5e0e68,True
707b7ad1ce1c42209a4c2d280baf4e17,False
198a8b572a9c4fa691a02b5bf30420ad,False
a79a1b2c6a0d402292c2d620d19ba2c0,False
8e7865998ce046ba8a1a98f30af65f2a,False
c46114758ddb4cb0a7fc2b9e01efdbf9,False
7b1e99fed9c44ac2a1d37389c5543b0c,False
42d764e37c554952b64d9da99835f3ba,False
608818d7076342de9b13ce6419f06e89,True
59e5b9f81542402bbef51a66d4ec054b,False
807ffacb671140b8a86f1eadbfc0ccb3,True
d471081bdbff491eb98dc56964a6ecc6,False
281031186d5b4462ba0d9cd006e22aaf,False
78bf0639a7a24e89956ffba2170af53e,False
09d4392bceb349d3b280274004ed3207,True
ac36e20ddd56405890ee48bae84de067,False
e933542e729e457d82be39876203f9a0,False
8088589a75ec4660afabb9c1e7391d61,True
fb8c305014f84ecba8de5b632eb4e95b,False
82cd3bf537184c448343093286cf059e,False
771e3be5535945378261bac55b8b2878,False
5841eacc47b04baea416bc3e62348de2,True
a2a455a6fba244ee9c9e3b6976918a77,False
cda1e796d7d742d1ad0ed362719a7f5f,False
2be9d7a8c73f4fd78142b9eb2d1f303a,False
cca3e36b832544b392ba50ad42cb2066,False
1ea4934ce44944789e4b8dfdef875232,False
21f4020880114d73ad21fe62df5aeeb1,False
7c6a33234e7e49b49199c6404eae902c,False
945431223ad3449eb7278711de8db4b8,False
8c23f02c593c4b0b9bdb6d25fef2d3cf,False
1725e416954e48248699482527b18e6d,False
28586c43263c4cbf9b01f67f8279da04,False
a97dc6294c824b6a93a2a97814ab7b3d,True
53aae85618d2440e9df66179a0bc26b4,False
6f9d1ba64dc34de39d2b85a31fd7f0f0,True
d4bcb2e0ceaf42948f0ee0e7a5079944,True
ea17883e6a444b9f97475762de2c5e46,False
0f5aac59a3ee424ba35d94b5d436689d,False
13d610252a4b4a3a8fb803d676701693,False
7c51fce8a6c5429286dcb2405fa7d82e,False
daf3fb9a369042688d67eb11da31802f,False
21cf726cfe0b445c9c4bc0ccedc67720,False
bb2683b0d6fe412da574047f64615c12,True
8a717dc27066444b93f114838f7e04d9,False
e766be572dea41e58c22dd0f16066b20,True
0c16fe6fc6bf4fe98386bbb5a9799b62,True
2ce9d5a970814019916bbb7d5a17d918,False
c78844840ff04d38b819010198f64542,False
84a8a8b3975f44e7a6e213ca52a1c8c2,True
136570ed7031458eaf35e744b06dae43,False
4b66d6a53ae54548833ddf656fd208dc,False
b78a28125bc4430c9b02ad00086bdad9,False
3ffea059639d42c9b8fcfaf34b2edc74,False
8a900ebca2ab4960859e93d69a1296e8,False
b944efa65de84d60b0951920a17b8886,False
b03029ae4cf644a08c73a34862ec7384,False
c9cb8ac22fdd4086b91f3ac0a869d07a,True
55c9314a707e4bf5acf490203b6b1479,False
fa9f8ddc09214fabbcdbbbb0d2165566,False
1b74a2ee6d7a46e48c4ef67816abcc95,False
b416b116de994c638fa1f0e2fc4dff22,False
0b04ebf0faf3458688532c12d57b7083,False
37348f5b0fc643b08599867e57747716,False
ca01b50fa7e84d37b9b9a00989bc3c7d,False
2d3ebdc04a6b4669ba63b678518b52de,True
2524738f13834dcb91af6409b0fb60a9,False
007deaa8c9f24efb8765763d872ff3e7,False
3efcdbff2a1b494a9fa908018a21c835,False
12657dddd9e7447abbe1c23e5afd3972,True
75a285c4ff7a4b40b7805d6a078eca7c,True
c1b32fd8b1674c6b8233708dff41dc0f,True
3bafd3929b44444ebe53aa2df5820554,False
f82f59d51eed4548bf033a9b72aecba5,False
7445e7d0290348f8808e300c7d3cd2d0,False
1af01f74c4a4407488c7e0b5bf6d3a83,False
08388b2c21754da68766679e7ce45fd4,False
30b392b7adf041e7a163ef3315932280,False
2e1dd865bfad40db9cb54a82e551cac0,False
b653e5aa211f4e858e3a0aa7febb8e4e,False
17fb46bd1dbe452ab32c962a13d1d6ad,True
3a65eff1bf074d7490d7457bea0eaa2c,True
cce7f8696d4345ed9a33c66e27caea7f,False
fcafcb4f9e74455581153d0b7fdf4136,True
2c7c85d5d8c3481894b556ceba60a2ac,True
7fbb2c55d8ad46b09e93c25cecb16c82,False
0f4ff6c1e0e1403caa9f2eee5e75eb88,False
00820226d58f4e2b8828e48f8309e59d,True
07f86e58bf0c4bc9bc31127f326f8868,False
c8a85229ba584350a50d14c3452ce64e,False
ad0d8435b1a7483a8e82c5adaa255040,False
169c0223ec624bd9814fe9441a47971c,False
6429df8f3cc344b2b27d746b97312bbf,False
94afb5e51b6249f0b0e7b1cb0ea847ca,False
e440b5073e4a4f1b946c06971241ddcf,False
0789b53d34f2477188f16e90a0eb189c,False
6587e7edb5c140c19c81caee46b064ad,False
7bd0a3f5c9144ba4997505721d399765,False
3b5e84e2eb5d46868e07e3e14408890b,False
5ad97e799f3249a58e566434029b6842,False
4a3f4857b10648628adb33cd252267bb,False
26dd44f68561457d851b92009d7516f9,False
7bc8223c6b22466a98cf20a12e645cd9,False
31303ed2d6024d6faae886966b0924b3,False
490e6c8632684fe79ec9e0b529e96b5e,False
16bfe23644174f80aa2c0ca783704c47,False
62381736b7574f63aa7b2185b0523aad,False
8ff0b7b5699244d9862f51f2ebc9f804,True
14072cda41ee4a0081f9997233594985,False
e84ddb2e092942af96a2075dc2a4ca85,False
555704d8792340f09d1b8c4d6d20141d,False
88e4453977344e22b662eeeaa8eb5bb1,True
ea89633b744740b2814d198d65cf0e4f,False
6451e4274ec0472dba3c9f03e6c5c104,False
b56ffefbde5e47ec9cebd910bd10cc42,False
e2fc04f2224f460985f2e88e6c39f02e,False
849b1338902c4dd68fbd4985f733b631,False
470638302749458d84909928a46d7ecc,False
3674c4e21d994392be3cebf811794385,True
347d40705b0b465a8f530612b95156a8,False
427e0320d8a74f1e912117a65ee510da,True
e70244cbc1aa498ab2d14a4ef2ecea3d,False
5a9cad049ad44fc8a77c42e951073afb,False
6896c76406e0456aa2c8e6e3ede7747f,False
ade1408334104871a54eae67976459ca,False
fe092985560f4e829f0653f0685393f1,False
05bb14717e5744dfa97c3551b9798b0b,True
2f526cc95d28459e890b7c7aca22bafe,False
823b989d7372473db32f559bd87fdae0,False
a2231812a95f4142923a988b851cc68d,False
ebbfcd80414440a0b5ac7891e818e468,False
74ed287697ad48a5989e12162cdf2a73,True
b5d6deb1279c4a488aa3faf5bb00fb3d,False
f2c4da25767f44aaa33c36461e76d0c9,False
bc2386d8f41f4d87b9079ec4a45a39ad,False
07d9469123084a7b96bf8a3994cb99c3,False
bc2baceb1fb64ea7854b07ece7f05a4c,False
98d1643962704340937cec7e10b065c4,False
9a61a5c24c8e4e488fc5453a6e9661c2,False
1127f771f6ed44f3bdd3049501bcb181,False
ac909f759c83464fa1f18ff5f28ec395,False
5759c97269c540d8a9b1f53f4b82f912,False
2889f8cb19ec4fc7bcac4fd1375091ab,True
aa4d357b0bc54d69b799f887df4a94ee,True
c47dfcb512a24212ad67f3e6da947cca,False
71a8a1c2662547b3825571a1d2e1d755,False
8e5f84a17cec4c32b7a21a393af27994,False
69caba41ee30411d8685a1bb678a1431,False
782e852fc8094f898ff8506c1629c98a,False
c20f2b6017c0454190e99f03f0ecde60,False
89702beef57d4c019b2033cb2eb2f3b3,True
f47fdde909e84ab7ab0e74e8e4b67633,True
07e7a0417a5a434688e3cbf32f31388d,False
1c759ffa3c5e46509fa86bbf5b1f2e6e,False
3535ba6c2ad0435c985a037832339d51,False
cf92f1af9d684406b58b413c329a6c2d,False
90fa96d8be864f07b0a9ae5d52bc54e7,False
998d863c942540628c4c719f3dedbcaf,False
1e87ffdb1a8c45a2a0c15b9750e6693d,True
b6542a6fefa244c0866e811b3104ce73,False
322138f2c00249239f0abecf4dee4d08,False
fbd15c2776534de2a0102a6458d82c60,False
be9af32c3ad84bd8a4b577a75e1bfd60,False
a5fa6a697b114bbaa28184d646cafef3,False
16d4476379a041328d0babc2f12d9733,True
4e1d6018f4f04c7e9d05979c2c1bf693,False
e6d890f03d364948a41f5225878a2370,False
56de3b39c8b3401e93b875997abb292d,False
f0fd714a7c2143948ce007e847c6ad36,False
bd5a31cb3f724ef48fbe30c6bb621f1c,False
3ecf037ada894d9db360c80c9c107fac,False
263db8d071e549d9ada7508119462d25,False
594cca3ac3ea46988d2890da143611a0,False
aa7db5c6b82d4f1d9afc26a83cab9feb,False
5a9871f3119d4696912f24abbc16ea6d,False
0d5373f3840c4dd0865e2913303a62f0,False
afe6da46b76146409e6e758789c0f4e0,False
1726ae3f84bd43fca14ec73f0b3e254e,True
d3f8d11d247947d9b50a5d97a077292a,False
7e4b23afe3af41f0ab223f06e8ba3ef1,True
03eedd7a4ca34f23ab2ddcb8e2f458b0,False
0f3c30cca4f844dcb823139d469edf50,False
f241bfffae5e4a5c881bd0d1461f17c9,False
a40a6daa15344cb3b26dc5b936bbed70,False
39d25899453040ed914e6b12357c97ea,False
e14a3be758d9419dad3bd1cbdf91ed59,False
869c86f09bc347958b640b37a1048b80,False
05a8fe399dbc438aaa44bf49a57eb748,False
84315df19fcc4621a75dd400735f3914,False
a2a5d09b94654fc983e127704621857d,True
38864fc3df344113a0f347adca4fa49b,False
0965aca4d21a4b5c978eb919d1785fd6,False
41ab5e238ce84679b22de86b968b3646,True
a83110c7ffdb482b996a1a61792fe990,False
c930e621c102463fb7ca1d9ec2a768f4,False
207903d8808146f9a2d7eb644835e069,False
